ICD,Desc
A00.0,Cholera due to Vibrio cholerae 01 biovar cholerae 
A00.1,Cholera due to Vibrio cholerae 01 biovar eltor 
A00.9,Cholera unspecified 
A01.00,Typhoid fever unspecified 
A01.1,Paratyphoid fever A 
A01.2,Paratyphoid fever B 
A01.3,Paratyphoid fever C 
A01.4,Paratyphoid fever unspecified 
A02.0,Salmonella enteritis 
A02.1,Salmonella sepsis 
A02.20,Localized salmonella infection unspecified 
A02.21,Salmonella meningitis 
A02.22,Salmonella pneumonia 
A02.23,Salmonella arthritis 
A02.24,Salmonella osteomyelitis 
A02.29,Salmonella with other localized infection 
A02.8,Other specified salmonella infections 
A02.9,Salmonella infection unspecified 
A03.0,Shigellosis due to Shigella dysenteriae 
A03.1,Shigellosis due to Shigella flexneri 
A03.2,Shigellosis due to Shigella boydii 
A03.3,Shigellosis due to Shigella sonnei 
A03.8,Other shigellosis 
A03.9,Shigellosis unspecified 
A05.0,Foodborne staphylococcal intoxication 
A05.1,Botulism food poisoning 
A05.2,Foodborne Clostridium perfringens [Clostridium welchii] intoxication 
A05.8,Other specified bacterial foodborne intoxications 
A05.3,Foodborne Vibrio parahaemolyticus intoxication 
A05.5,Foodborne Vibrio vulnificus intoxication 
A05.4,Foodborne Bacillus cereus intoxication 
A05.9,Bacterial foodborne intoxication unspecified 
A06.0,Acute amebic dysentery 
A06.1,Chronic intestinal amebiasis 
A06.2,Amebic nondysenteric colitis 
A06.4,Amebic liver abscess 
A06.5,Amebic lung abscess 
A06.6,Amebic brain abscess 
A06.7,Cutaneous amebiasis 
A06.89,Other amebic infections 
A06.9,Amebiasis unspecified 
A07.0,Balantidiasis 
A07.1,Giardiasis [lambliasis] 
A07.3,Isosporiasis 
A07.8,Other specified protozoal intestinal diseases 
A07.2,Cryptosporidiosis 
A07.4,Cyclosporiasis 
A07.8,Other specified protozoal intestinal diseases 
A07.9,Protozoal intestinal disease unspecified 
A04.4,Other intestinal Escherichia coli infections 
A04.0,Enteropathogenic Escherichia coli infection 
A04.1,Enterotoxigenic Escherichia coli infection 
A04.2,Enteroinvasive Escherichia coli infection 
A04.3,Enterohemorrhagic Escherichia coli infection 
A04.4,Other intestinal Escherichia coli infections 
A04.8,Other specified bacterial intestinal infections 
A04.8,Other specified bacterial intestinal infections 
A04.8,Other specified bacterial intestinal infections 
A04.8,Other specified bacterial intestinal infections 
A04.8,Other specified bacterial intestinal infections 
A04.5,Campylobacter enteritis 
A04.6,Enteritis due to Yersinia enterocolitica 
A04.7,Enterocolitis due to Clostridium difficile 
A04.8,Other specified bacterial intestinal infections 
A04.8,Other specified bacterial intestinal infections 
A04.8,Other specified bacterial intestinal infections 
A04.9,Bacterial intestinal infection unspecified 
A08.0,Rotaviral enteritis 
A08.2,Adenoviral enteritis 
A08.11,Acute gastroenteropathy due to Norwalk agent 
A08.19,Acute gastroenteropathy due to other small round viruses 
A08.31,Calicivirus enteritis 
A08.32,Astrovirus enteritis 
A08.39,Other viral enteritis 
A08.39,Other viral enteritis 
A08.8,Other specified intestinal infections 
A09,Infectious gastroenteritis and colitis unspecified 
A09,Infectious gastroenteritis and colitis unspecified 
A09,Infectious gastroenteritis and colitis unspecified 
A09,Infectious gastroenteritis and colitis unspecified 
A15.7,Primary respiratory tuberculosis 
A15.7,Primary respiratory tuberculosis 
A15.7,Primary respiratory tuberculosis 
A15.7,Primary respiratory tuberculosis 
A15.7,Primary respiratory tuberculosis 
A15.7,Primary respiratory tuberculosis 
A15.7,Primary respiratory tuberculosis 
A15.6,Tuberculous pleurisy 
A15.6,Tuberculous pleurisy 
A15.6,Tuberculous pleurisy 
A15.6,Tuberculous pleurisy 
A15.6,Tuberculous pleurisy 
A15.6,Tuberculous pleurisy 
A15.6,Tuberculous pleurisy 
A15.7,Primary respiratory tuberculosis 
A15.7,Primary respiratory tuberculosis 
A15.7,Primary respiratory tuberculosis 
A15.7,Primary respiratory tuberculosis 
A15.7,Primary respiratory tuberculosis 
A15.7,Primary respiratory tuberculosis 
A15.7,Primary respiratory tuberculosis 
A15.7,Primary respiratory tuberculosis 
A15.7,Primary respiratory tuberculosis 
A15.7,Primary respiratory tuberculosis 
A15.7,Primary respiratory tuberculosis 
A15.7,Primary respiratory tuberculosis 
A15.7,Primary respiratory tuberculosis 
A15.7,Primary respiratory tuberculosis 
A15.0,Tuberculosis of lung 
A15.0,Tuberculosis of lung 
A15.0,Tuberculosis of lung 
A15.0,Tuberculosis of lung 
A15.0,Tuberculosis of lung 
A15.0,Tuberculosis of lung 
A15.0,Tuberculosis of lung 
A15.0,Tuberculosis of lung 
A15.0,Tuberculosis of lung 
A15.0,Tuberculosis of lung 
A15.0,Tuberculosis of lung 
A15.0,Tuberculosis of lung 
A15.0,Tuberculosis of lung 
A15.0,Tuberculosis of lung 
A15.0,Tuberculosis of lung 
A15.0,Tuberculosis of lung 
A15.0,Tuberculosis of lung 
A15.0,Tuberculosis of lung 
A15.0,Tuberculosis of lung 
A15.0,Tuberculosis of lung 
A15.0,Tuberculosis of lung 
A15.5,Tuberculosis of larynx trachea and bronchus 
A15.5,Tuberculosis of larynx trachea and bronchus 
A15.5,Tuberculosis of larynx trachea and bronchus 
A15.5,Tuberculosis of larynx trachea and bronchus 
A15.5,Tuberculosis of larynx trachea and bronchus 
A15.5,Tuberculosis of larynx trachea and bronchus 
A15.5,Tuberculosis of larynx trachea and bronchus 
A15.0,Tuberculosis of lung 
A15.0,Tuberculosis of lung 
A15.0,Tuberculosis of lung 
A15.0,Tuberculosis of lung 
A15.0,Tuberculosis of lung 
A15.0,Tuberculosis of lung 
A15.0,Tuberculosis of lung 
A15.0,Tuberculosis of lung 
A15.0,Tuberculosis of lung 
A15.0,Tuberculosis of lung 
A15.0,Tuberculosis of lung 
A15.0,Tuberculosis of lung 
A15.0,Tuberculosis of lung 
A15.0,Tuberculosis of lung 
A15.0,Tuberculosis of lung 
A15.0,Tuberculosis of lung 
A15.0,Tuberculosis of lung 
A15.0,Tuberculosis of lung 
A15.0,Tuberculosis of lung 
A15.0,Tuberculosis of lung 
A15.0,Tuberculosis of lung 
A15.0,Tuberculosis of lung 
A15.0,Tuberculosis of lung 
A15.0,Tuberculosis of lung 
A15.0,Tuberculosis of lung 
A15.0,Tuberculosis of lung 
A15.0,Tuberculosis of lung 
A15.0,Tuberculosis of lung 
A15.0,Tuberculosis of lung 
A15.0,Tuberculosis of lung 
A15.0,Tuberculosis of lung 
A15.0,Tuberculosis of lung 
A15.0,Tuberculosis of lung 
A15.0,Tuberculosis of lung 
A15.0,Tuberculosis of lung 
A15.0,Tuberculosis of lung 
A15.0,Tuberculosis of lung 
A15.0,Tuberculosis of lung 
A15.0,Tuberculosis of lung 
A15.0,Tuberculosis of lung 
A15.0,Tuberculosis of lung 
A15.0,Tuberculosis of lung 
A15.6,Tuberculous pleurisy 
A15.6,Tuberculous pleurisy 
A15.6,Tuberculous pleurisy 
A15.6,Tuberculous pleurisy 
A15.6,Tuberculous pleurisy 
A15.6,Tuberculous pleurisy 
A15.6,Tuberculous pleurisy 
A15.4,Tuberculosis of intrathoracic lymph nodes 
A15.4,Tuberculosis of intrathoracic lymph nodes 
A15.4,Tuberculosis of intrathoracic lymph nodes 
A15.4,Tuberculosis of intrathoracic lymph nodes 
A15.4,Tuberculosis of intrathoracic lymph nodes 
A15.4,Tuberculosis of intrathoracic lymph nodes 
A15.4,Tuberculosis of intrathoracic lymph nodes 
A15.5,Tuberculosis of larynx trachea and bronchus 
A15.5,Tuberculosis of larynx trachea and bronchus 
A15.5,Tuberculosis of larynx trachea and bronchus 
A15.5,Tuberculosis of larynx trachea and bronchus 
A15.5,Tuberculosis of larynx trachea and bronchus 
A15.5,Tuberculosis of larynx trachea and bronchus 
A15.5,Tuberculosis of larynx trachea and bronchus 
A15.5,Tuberculosis of larynx trachea and bronchus 
A15.5,Tuberculosis of larynx trachea and bronchus 
A15.5,Tuberculosis of larynx trachea and bronchus 
A15.5,Tuberculosis of larynx trachea and bronchus 
A15.5,Tuberculosis of larynx trachea and bronchus 
A15.5,Tuberculosis of larynx trachea and bronchus 
A15.5,Tuberculosis of larynx trachea and bronchus 
A15.8,Other respiratory tuberculosis 
A15.8,Other respiratory tuberculosis 
A15.8,Other respiratory tuberculosis 
A15.8,Other respiratory tuberculosis 
A15.8,Other respiratory tuberculosis 
A15.8,Other respiratory tuberculosis 
A15.8,Other respiratory tuberculosis 
A17.0,Tuberculous meningitis 
A17.0,Tuberculous meningitis 
A17.0,Tuberculous meningitis 
A17.0,Tuberculous meningitis 
A17.0,Tuberculous meningitis 
A17.0,Tuberculous meningitis 
A17.0,Tuberculous meningitis 
A17.1,Meningeal tuberculoma 
A17.1,Meningeal tuberculoma 
A17.1,Meningeal tuberculoma 
A17.1,Meningeal tuberculoma 
A17.1,Meningeal tuberculoma 
A17.1,Meningeal tuberculoma 
A17.1,Meningeal tuberculoma 
A17.81,Tuberculoma of brain and spinal cord 
A17.81,Tuberculoma of brain and spinal cord 
A17.81,Tuberculoma of brain and spinal cord 
A17.81,Tuberculoma of brain and spinal cord 
A17.81,Tuberculoma of brain and spinal cord 
A17.81,Tuberculoma of brain and spinal cord 
A17.81,Tuberculoma of brain and spinal cord 
A17.81,Tuberculoma of brain and spinal cord 
A17.81,Tuberculoma of brain and spinal cord 
A17.81,Tuberculoma of brain and spinal cord 
A17.81,Tuberculoma of brain and spinal cord 
A17.81,Tuberculoma of brain and spinal cord 
A17.81,Tuberculoma of brain and spinal cord 
A17.81,Tuberculoma of brain and spinal cord 
A17.81,Tuberculoma of brain and spinal cord 
A17.81,Tuberculoma of brain and spinal cord 
A17.81,Tuberculoma of brain and spinal cord 
A17.81,Tuberculoma of brain and spinal cord 
A17.81,Tuberculoma of brain and spinal cord 
A17.81,Tuberculoma of brain and spinal cord 
A17.81,Tuberculoma of brain and spinal cord 
A17.81,Tuberculoma of brain and spinal cord 
A17.81,Tuberculoma of brain and spinal cord 
A17.81,Tuberculoma of brain and spinal cord 
A17.81,Tuberculoma of brain and spinal cord 
A17.81,Tuberculoma of brain and spinal cord 
A17.81,Tuberculoma of brain and spinal cord 
A17.81,Tuberculoma of brain and spinal cord 
A17.82,Tuberculous meningoencephalitis 
A17.82,Tuberculous meningoencephalitis 
A17.82,Tuberculous meningoencephalitis 
A17.82,Tuberculous meningoencephalitis 
A17.82,Tuberculous meningoencephalitis 
A17.82,Tuberculous meningoencephalitis 
A17.82,Tuberculous meningoencephalitis 
A17.89,Other tuberculosis of nervous system 
A17.89,Other tuberculosis of nervous system 
A17.89,Other tuberculosis of nervous system 
A17.89,Other tuberculosis of nervous system 
A17.89,Other tuberculosis of nervous system 
A17.89,Other tuberculosis of nervous system 
A17.89,Other tuberculosis of nervous system 
A17.9,Tuberculosis of nervous system unspecified 
A17.9,Tuberculosis of nervous system unspecified 
A17.9,Tuberculosis of nervous system unspecified 
A17.9,Tuberculosis of nervous system unspecified 
A17.9,Tuberculosis of nervous system unspecified 
A17.9,Tuberculosis of nervous system unspecified 
A17.9,Tuberculosis of nervous system unspecified 
A18.31,Tuberculous peritonitis 
A18.31,Tuberculous peritonitis 
A18.31,Tuberculous peritonitis 
A18.31,Tuberculous peritonitis 
A18.31,Tuberculous peritonitis 
A18.31,Tuberculous peritonitis 
A18.31,Tuberculous peritonitis 
A18.32,Tuberculous enteritis 
A18.32,Tuberculous enteritis 
A18.32,Tuberculous enteritis 
A18.32,Tuberculous enteritis 
A18.32,Tuberculous enteritis 
A18.32,Tuberculous enteritis 
A18.32,Tuberculous enteritis 
A18.01,Tuberculosis of spine 
A18.01,Tuberculosis of spine 
A18.01,Tuberculosis of spine 
A18.01,Tuberculosis of spine 
A18.01,Tuberculosis of spine 
A18.01,Tuberculosis of spine 
A18.01,Tuberculosis of spine 
A18.02,Tuberculous arthritis of other joints 
A18.02,Tuberculous arthritis of other joints 
A18.02,Tuberculous arthritis of other joints 
A18.02,Tuberculous arthritis of other joints 
A18.02,Tuberculous arthritis of other joints 
A18.02,Tuberculous arthritis of other joints 
A18.02,Tuberculous arthritis of other joints 
A18.02,Tuberculous arthritis of other joints 
A18.02,Tuberculous arthritis of other joints 
A18.02,Tuberculous arthritis of other joints 
A18.02,Tuberculous arthritis of other joints 
A18.02,Tuberculous arthritis of other joints 
A18.02,Tuberculous arthritis of other joints 
A18.02,Tuberculous arthritis of other joints 
A18.03,Tuberculosis of other bones 
A18.03,Tuberculosis of other bones 
A18.03,Tuberculosis of other bones 
A18.03,Tuberculosis of other bones 
A18.03,Tuberculosis of other bones 
A18.03,Tuberculosis of other bones 
A18.03,Tuberculosis of other bones 
A18.03,Tuberculosis of other bones 
A18.03,Tuberculosis of other bones 
A18.03,Tuberculosis of other bones 
A18.03,Tuberculosis of other bones 
A18.03,Tuberculosis of other bones 
A18.03,Tuberculosis of other bones 
A18.03,Tuberculosis of other bones 
A18.03,Tuberculosis of other bones 
A18.03,Tuberculosis of other bones 
A18.03,Tuberculosis of other bones 
A18.03,Tuberculosis of other bones 
A18.03,Tuberculosis of other bones 
A18.03,Tuberculosis of other bones 
A18.03,Tuberculosis of other bones 
A18.02,Tuberculous arthritis of other joints 
A18.02,Tuberculous arthritis of other joints 
A18.02,Tuberculous arthritis of other joints 
A18.02,Tuberculous arthritis of other joints 
A18.02,Tuberculous arthritis of other joints 
A18.02,Tuberculous arthritis of other joints 
A18.02,Tuberculous arthritis of other joints 
A18.02,Tuberculous arthritis of other joints 
A18.02,Tuberculous arthritis of other joints 
A18.02,Tuberculous arthritis of other joints 
A18.02,Tuberculous arthritis of other joints 
A18.02,Tuberculous arthritis of other joints 
A18.02,Tuberculous arthritis of other joints 
A18.02,Tuberculous arthritis of other joints 
A18.11,Tuberculosis of kidney and ureter 
A18.11,Tuberculosis of kidney and ureter 
A18.11,Tuberculosis of kidney and ureter 
A18.11,Tuberculosis of kidney and ureter 
A18.11,Tuberculosis of kidney and ureter 
A18.11,Tuberculosis of kidney and ureter 
A18.11,Tuberculosis of kidney and ureter 
A18.12,Tuberculosis of bladder 
A18.12,Tuberculosis of bladder 
A18.12,Tuberculosis of bladder 
A18.12,Tuberculosis of bladder 
A18.12,Tuberculosis of bladder 
A18.12,Tuberculosis of bladder 
A18.12,Tuberculosis of bladder 
A18.11,Tuberculosis of kidney and ureter 
A18.11,Tuberculosis of kidney and ureter 
A18.11,Tuberculosis of kidney and ureter 
A18.11,Tuberculosis of kidney and ureter 
A18.11,Tuberculosis of kidney and ureter 
A18.11,Tuberculosis of kidney and ureter 
A18.11,Tuberculosis of kidney and ureter 
A18.13,Tuberculosis of other urinary organs 
A18.13,Tuberculosis of other urinary organs 
A18.13,Tuberculosis of other urinary organs 
A18.13,Tuberculosis of other urinary organs 
A18.13,Tuberculosis of other urinary organs 
A18.13,Tuberculosis of other urinary organs 
A18.13,Tuberculosis of other urinary organs 
A18.15,Tuberculosis of other male genital organs 
A18.15,Tuberculosis of other male genital organs 
A18.15,Tuberculosis of other male genital organs 
A18.15,Tuberculosis of other male genital organs 
A18.15,Tuberculosis of other male genital organs 
A18.15,Tuberculosis of other male genital organs 
A18.15,Tuberculosis of other male genital organs 
A18.15,Tuberculosis of other male genital organs 
A18.15,Tuberculosis of other male genital organs 
A18.15,Tuberculosis of other male genital organs 
A18.15,Tuberculosis of other male genital organs 
A18.15,Tuberculosis of other male genital organs 
A18.15,Tuberculosis of other male genital organs 
A18.15,Tuberculosis of other male genital organs 
A18.17,Tuberculous female pelvic inflammatory disease 
A18.17,Tuberculous female pelvic inflammatory disease 
A18.17,Tuberculous female pelvic inflammatory disease 
A18.17,Tuberculous female pelvic inflammatory disease 
A18.17,Tuberculous female pelvic inflammatory disease 
A18.17,Tuberculous female pelvic inflammatory disease 
A18.17,Tuberculous female pelvic inflammatory disease 
A18.18,Tuberculosis of other female genital organs 
A18.18,Tuberculosis of other female genital organs 
A18.18,Tuberculosis of other female genital organs 
A18.18,Tuberculosis of other female genital organs 
A18.18,Tuberculosis of other female genital organs 
A18.18,Tuberculosis of other female genital organs 
A18.18,Tuberculosis of other female genital organs 
A18.10,Tuberculosis of genitourinary system unspecified 
A18.10,Tuberculosis of genitourinary system unspecified 
A18.10,Tuberculosis of genitourinary system unspecified 
A18.10,Tuberculosis of genitourinary system unspecified 
A18.10,Tuberculosis of genitourinary system unspecified 
A18.10,Tuberculosis of genitourinary system unspecified 
A18.10,Tuberculosis of genitourinary system unspecified 
A18.4,Tuberculosis of skin and subcutaneous tissue 
A18.4,Tuberculosis of skin and subcutaneous tissue 
A18.4,Tuberculosis of skin and subcutaneous tissue 
A18.4,Tuberculosis of skin and subcutaneous tissue 
A18.4,Tuberculosis of skin and subcutaneous tissue 
A18.4,Tuberculosis of skin and subcutaneous tissue 
A18.4,Tuberculosis of skin and subcutaneous tissue 
A18.4,Tuberculosis of skin and subcutaneous tissue 
A18.4,Tuberculosis of skin and subcutaneous tissue 
A18.4,Tuberculosis of skin and subcutaneous tissue 
A18.4,Tuberculosis of skin and subcutaneous tissue 
A18.4,Tuberculosis of skin and subcutaneous tissue 
A18.4,Tuberculosis of skin and subcutaneous tissue 
A18.4,Tuberculosis of skin and subcutaneous tissue 
A18.2,Tuberculous peripheral lymphadenopathy 
A18.2,Tuberculous peripheral lymphadenopathy 
A18.2,Tuberculous peripheral lymphadenopathy 
A18.2,Tuberculous peripheral lymphadenopathy 
A18.2,Tuberculous peripheral lymphadenopathy 
A18.2,Tuberculous peripheral lymphadenopathy 
A18.2,Tuberculous peripheral lymphadenopathy 
A18.50,Tuberculosis of eye unspecified 
A18.51,Tuberculous episcleritis 
A18.51,Tuberculous episcleritis 
A18.51,Tuberculous episcleritis 
A18.51,Tuberculous episcleritis 
A18.51,Tuberculous episcleritis 
A18.51,Tuberculous episcleritis 
A18.6,Tuberculosis of (inner) (middle) ear 
A18.6,Tuberculosis of (inner) (middle) ear 
A18.6,Tuberculosis of (inner) (middle) ear 
A18.6,Tuberculosis of (inner) (middle) ear 
A18.6,Tuberculosis of (inner) (middle) ear 
A18.6,Tuberculosis of (inner) (middle) ear 
A18.6,Tuberculosis of (inner) (middle) ear 
A18.81,Tuberculosis of thyroid gland 
A18.81,Tuberculosis of thyroid gland 
A18.81,Tuberculosis of thyroid gland 
A18.81,Tuberculosis of thyroid gland 
A18.81,Tuberculosis of thyroid gland 
A18.81,Tuberculosis of thyroid gland 
A18.81,Tuberculosis of thyroid gland 
A18.7,Tuberculosis of adrenal glands 
A18.7,Tuberculosis of adrenal glands 
A18.7,Tuberculosis of adrenal glands 
A18.7,Tuberculosis of adrenal glands 
A18.7,Tuberculosis of adrenal glands 
A18.7,Tuberculosis of adrenal glands 
A18.7,Tuberculosis of adrenal glands 
A18.85,Tuberculosis of spleen 
A18.85,Tuberculosis of spleen 
A18.85,Tuberculosis of spleen 
A18.85,Tuberculosis of spleen 
A18.85,Tuberculosis of spleen 
A18.85,Tuberculosis of spleen 
A18.85,Tuberculosis of spleen 
A18.89,Tuberculosis of other sites 
A18.89,Tuberculosis of other sites 
A18.89,Tuberculosis of other sites 
A18.89,Tuberculosis of other sites 
A18.89,Tuberculosis of other sites 
A18.89,Tuberculosis of other sites 
A18.89,Tuberculosis of other sites 
A18.84,Tuberculosis of heart 
A18.89,Tuberculosis of other sites 
A18.89,Tuberculosis of other sites 
A18.89,Tuberculosis of other sites 
A18.89,Tuberculosis of other sites 
A18.89,Tuberculosis of other sites 
A18.89,Tuberculosis of other sites 
A19.2,Acute miliary tuberculosis unspecified 
A19.2,Acute miliary tuberculosis unspecified 
A19.2,Acute miliary tuberculosis unspecified 
A19.2,Acute miliary tuberculosis unspecified 
A19.2,Acute miliary tuberculosis unspecified 
A19.2,Acute miliary tuberculosis unspecified 
A19.2,Acute miliary tuberculosis unspecified 
A19.8,Other miliary tuberculosis 
A19.8,Other miliary tuberculosis 
A19.8,Other miliary tuberculosis 
A19.8,Other miliary tuberculosis 
A19.8,Other miliary tuberculosis 
A19.8,Other miliary tuberculosis 
A19.8,Other miliary tuberculosis 
A19.9,Miliary tuberculosis unspecified 
A19.9,Miliary tuberculosis unspecified 
A19.9,Miliary tuberculosis unspecified 
A19.9,Miliary tuberculosis unspecified 
A19.9,Miliary tuberculosis unspecified 
A19.9,Miliary tuberculosis unspecified 
A19.9,Miliary tuberculosis unspecified 
A20.0,Bubonic plague 
A20.1,Cellulocutaneous plague 
A20.7,Septicemic plague 
A20.2,Pneumonic plague 
A20.2,Pneumonic plague 
A20.2,Pneumonic plague 
A20.8,Other forms of plague 
A20.9,Plague unspecified 
A21.0,Ulceroglandular tularemia 
A21.3,Gastrointestinal tularemia 
A21.2,Pulmonary tularemia 
A21.1,Oculoglandular tularemia 
A21.8,Other forms of tularemia 
A21.9,Tularemia unspecified 
A22.0,Cutaneous anthrax 
A22.1,Pulmonary anthrax 
A22.2,Gastrointestinal anthrax 
A22.7,Anthrax sepsis 
A22.8,Other forms of anthrax 
A22.9,Anthrax unspecified 
A23.0,Brucellosis due to Brucella melitensis 
A23.1,Brucellosis due to Brucella abortus 
A23.2,Brucellosis due to Brucella suis 
A23.3,Brucellosis due to Brucella canis 
A23.8,Other brucellosis 
A23.9,Brucellosis unspecified 
A24.0,Glanders 
A24.3,Other melioidosis 
A25.0,Spirillosis 
A25.1,Streptobacillosis 
A25.9,Rat-bite fever unspecified 
A32.11,Listerial meningitis 
A26.8,Other forms of erysipeloid 
A28.0,Pasteurellosis 
A28.8,Other specified zoonotic bacterial diseases not elsewhere classified 
A28.9,Zoonotic bacterial disease unspecified 
A30.5,Lepromatous leprosy 
A30.1,Tuberculoid leprosy 
A30.0,Indeterminate leprosy 
A30.3,Borderline leprosy 
A30.8,Other forms of leprosy 
A30.9,Leprosy unspecified 
A31.0,Pulmonary mycobacterial infection 
A31.1,Cutaneous mycobacterial infection 
A31.2,Disseminated mycobacterium avium-intracellulare complex (DMAC) 
A31.8,Other mycobacterial infections 
A31.9,Mycobacterial infection unspecified 
A36.0,Pharyngeal diphtheria 
A36.1,Nasopharyngeal diphtheria 
A36.89,Other diphtheritic complications 
A36.2,Laryngeal diphtheria 
A36.86,Diphtheritic conjunctivitis 
A36.81,Diphtheritic cardiomyopathy 
A36.89,Other diphtheritic complications 
A36.85,Diphtheritic cystitis 
A36.3,Cutaneous diphtheria 
A36.82,Diphtheritic radiculomyelitis 
A36.9,Diphtheria unspecified 
A37.00,Whooping cough due to Bordetella pertussis without pneumonia 
A37.10,Whooping cough due to Bordetella parapertussis without pneumonia 
A37.80,Whooping cough due to other Bordetella species without pneumonia 
A37.90,Whooping cough unspecified species without pneumonia 
J02.0,Streptococcal pharyngitis 
A38.9,Scarlet fever uncomplicated 
A46,Erysipelas 
A39.0,Meningococcal meningitis 
A39.81,Meningococcal encephalitis 
A39.4,Meningococcemia unspecified 
A39.1,Waterhouse-Friderichsen syndrome 
A39.50,Meningococcal carditis unspecified 
A39.53,Meningococcal pericarditis 
A39.51,Meningococcal endocarditis 
A39.52,Meningococcal myocarditis 
A39.82,Meningococcal retrobulbar neuritis 
A39.83,Meningococcal arthritis 
A39.89,Other meningococcal infections 
A39.9,Meningococcal infection unspecified 
A35,Other tetanus 
A40.9,Streptococcal sepsis unspecified 
A41.2,Sepsis due to unspecified staphylococcus 
A41.01,Sepsis due to Methicillin susceptible Staphylococcus aureus 
A41.02,Sepsis due to Methicillin resistant Staphylococcus aureus 
A41.1,Sepsis due to other specified staphylococcus 
A40.3,Sepsis due to Streptococcus pneumoniae 
A41.4,Sepsis due to anaerobes 
A41.50,Gram-negative sepsis unspecified 
A41.3,Sepsis due to Hemophilus influenzae 
A41.51,Sepsis due to Escherichia coli [E. coli] 
A41.52,Sepsis due to Pseudomonas 
A41.53,Sepsis due to Serratia 
A41.59,Other Gram-negative sepsis 
A41.89,Other specified sepsis 
A41.9,Sepsis unspecified organism 
L08.1,Erythrasma 
A42.0,Pulmonary actinomycosis 
A42.1,Abdominal actinomycosis 
A42.2,Cervicofacial actinomycosis 
B47.9,Mycetoma unspecified 
A42.89,Other forms of actinomycosis 
A42.9,Actinomycosis unspecified 
A48.0,Gas gangrene 
A48.8,Other specified bacterial diseases 
K90.81,Whipple's disease 
A48.8,Other specified bacterial diseases 
A48.51,Infant botulism 
A48.52,Wound botulism 
M60.009,Infective myositis unspecified site 
A48.3,Toxic shock syndrome 
A48.8,Other specified bacterial diseases 
B95.5,Unspecified streptococcus as the cause of diseases classified elsewhere 
B95.0,Streptococcus group A as the cause of diseases classified elsewhere 
B95.1,Streptococcus group B as the cause of diseases classified elsewhere 
B95.4,Other streptococcus as the cause of diseases classified elsewhere 
B95.2,Enterococcus as the cause of diseases classified elsewhere 
B95.4,Other streptococcus as the cause of diseases classified elsewhere 
B95.4,Other streptococcus as the cause of diseases classified elsewhere 
B95.8,Unspecified staphylococcus as the cause of diseases classified elsewhere 
B95.61,Methicillin susceptible Staphylococcus aureus infection as the cause of diseases classified elsewhere 
B95.62,Methicillin resistant Staphylococcus aureus infection as the cause of diseases classified elsewhere 
B95.7,Other staphylococcus as the cause of diseases classified elsewhere 
B95.3,Streptococcus pneumoniae as the cause of diseases classified elsewhere 
B96.1,Klebsiella pneumoniae [K. pneumoniae] as the cause of diseases classified elsewhere 
B96.21,Shiga toxin-producing Escherichia coli [E. coli] (STEC) O157 as the cause of diseases classified elsewhere 
B96.22,Other specified Shiga toxin-producing Escherichia coli [E. coli] (STEC) as the cause of diseases classified elsewhere 
B96.23,Unspecified Shiga toxin-producing Escherichia coli [E. coli] (STEC) as the cause of diseases classified elsewhere 
B96.20,Unspecified Escherichia coli [E. coli] as the cause of diseases classified elsewhere 
B96.3,Hemophilus influenzae [H. influenzae] as the cause of diseases classified elsewhere 
B96.4,Proteus (mirabilis) (morganii) as the cause of diseases classified elsewhere 
B96.5,Pseudomonas (aeruginosa) (mallei) (pseudomallei) as the cause of diseases classified elsewhere 
A49.3,Mycoplasma infection unspecified site 
B96.6,Bacteroides fragilis [B. fragilis] as the cause of diseases classified elsewhere 
B96.7,Clostridium perfringens [C. perfringens] as the cause of diseases classified elsewhere 
B96.89,Other specified bacterial agents as the cause of diseases classified elsewhere 
B96.89,Other specified bacterial agents as the cause of diseases classified elsewhere 
B96.81,Helicobacter pylori [H. pylori] as the cause of diseases classified elsewhere 
B96.89,Other specified bacterial agents as the cause of diseases classified elsewhere 
B96.89,Other specified bacterial agents as the cause of diseases classified elsewhere 
B20,Human immunodeficiency virus [HIV] disease 
A80.39,Other acute paralytic poliomyelitis 
A80.39,Other acute paralytic poliomyelitis 
A80.39,Other acute paralytic poliomyelitis 
A80.39,Other acute paralytic poliomyelitis 
A80.39,Other acute paralytic poliomyelitis 
A80.39,Other acute paralytic poliomyelitis 
A80.39,Other acute paralytic poliomyelitis 
A80.39,Other acute paralytic poliomyelitis 
A80.4,Acute nonparalytic poliomyelitis 
A80.4,Acute nonparalytic poliomyelitis 
A80.4,Acute nonparalytic poliomyelitis 
A80.4,Acute nonparalytic poliomyelitis 
A80.9,Acute poliomyelitis unspecified 
A80.9,Acute poliomyelitis unspecified 
A80.9,Acute poliomyelitis unspecified 
A80.9,Acute poliomyelitis unspecified 
A81.81,Kuru 
A81.01,Variant Creutzfeldt-Jakob disease 
A81.00,Creutzfeldt-Jakob disease unspecified 
A81.1,Subacute sclerosing panencephalitis 
A81.2,Progressive multifocal leukoencephalopathy 
A81.82,Gerstmann-Straussler-Scheinker syndrome 
A81.83,Fatal familial insomnia 
A81.89,Other atypical virus infections of central nervous system 
A81.89,Other atypical virus infections of central nervous system 
A81.9,Atypical virus infection of central nervous system unspecified 
A87.0,Enteroviral meningitis 
A87.0,Enteroviral meningitis 
A87.8,Other viral meningitis 
A87.9,Viral meningitis unspecified 
A88.0,Enteroviral exanthematous fever [Boston exanthem] 
A87.2,Lymphocytic choriomeningitis 
A87.1,Adenoviral meningitis 
A88.8,Other specified viral infections of central nervous system 
A89,Unspecified viral infection of central nervous system 
B03,Smallpox 
B03,Smallpox 
B03,Smallpox 
B03,Smallpox 
B08.010,Cowpox 
B08.011,Vaccinia not from vaccine 
B08.03,Pseudocowpox [milker's node] 
B08.02,Orf virus disease 
B08.04,Paravaccinia unspecified 
B01.11,Varicella encephalitis and encephalomyelitis 
B01.2,Varicella pneumonia 
B01.12,Varicella myelitis 
B01.0,Varicella meningitis 
B01.89,Other varicella complications 
B01.9,Varicella without complication 
B02.1,Zoster meningitis 
B02.29,Other postherpetic nervous system involvement 
B02.21,Postherpetic geniculate ganglionitis 
B02.22,Postherpetic trigeminal neuralgia 
B02.23,Postherpetic polyneuropathy 
B02.24,Postherpetic myelitis 
B02.29,Other postherpetic nervous system involvement 
B02.39,Other herpes zoster eye disease 
B02.33,Zoster keratitis 
B02.32,Zoster iridocyclitis 
B02.39,Other herpes zoster eye disease 
B02.8,Zoster with other complications 
B02.8,Zoster with other complications 
B02.8,Zoster with other complications 
B02.9,Zoster without complications 
B00.0,Eczema herpeticum 
A60.9,Anogenital herpesviral infection unspecified 
A60.04,Herpesviral vulvovaginitis 
A60.04,Herpesviral vulvovaginitis 
A60.01,Herpesviral infection of penis 
A60.09,Herpesviral infection of other urogenital tract 
B00.2,Herpesviral gingivostomatitis and pharyngotonsillitis 
B00.4,Herpesviral encephalitis 
B00.50,Herpesviral ocular disease unspecified 
B00.59,Other herpesviral disease of eye 
B00.52,Herpesviral keratitis 
B00.52,Herpesviral keratitis 
B00.51,Herpesviral iridocyclitis 
B00.59,Other herpesviral disease of eye 
B00.7,Disseminated herpesviral disease 
B00.89,Other herpesviral infection 
B00.81,Herpesviral hepatitis 
B00.3,Herpesviral meningitis 
B00.1,Herpesviral vesicular dermatitis 
B00.82,Herpes simplex myelitis 
B00.89,Other herpesviral infection 
B00.9,Herpesviral infection unspecified 
B00.9,Herpesviral infection unspecified 
B05.0,Measles complicated by encephalitis 
B05.2,Measles complicated by pneumonia 
B05.3,Measles complicated by otitis media 
B05.81,Measles keratitis and keratoconjunctivitis 
B05.1,Measles complicated by meningitis 
B05.89,Other measles complications 
B05.9,Measles without complication 
B06.00,Rubella with neurological complication unspecified 
B06.01,Rubella encephalitis 
B06.09,Other neurological complications of rubella 
B06.82,Rubella arthritis 
B06.89,Other rubella complications 
B06.89,Other rubella complications 
B06.9,Rubella without complication 
B08.3,Erythema infectiosum [fifth disease] 
L44.4,Infantile papular acrodermatitis [Gianotti-Crosti] 
B09,Unspecified viral infection characterized by skin and mucous membrane lesions 
B08.20,Exanthema subitum [sixth disease] unspecified 
B08.21,Exanthema subitum [sixth disease] due to human herpesvirus 6 
B08.22,Exanthema subitum [sixth disease] due to human herpesvirus 7 
B10.01,Human herpesvirus 6 encephalitis 
B10.09,Other human herpesvirus encephalitis 
B10.81,Human herpesvirus 6 infection 
B10.82,Human herpesvirus 7 infection 
B10.89,Other human herpesvirus infection 
B08.09,Other orthopoxvirus infections 
B04,Monkeypox 
B08.09,Other orthopoxvirus infections 
B08.60,Parapoxvirus infection unspecified 
B08.61,Bovine stomatitis 
B08.62,Sealpox 
B08.69,Other parapoxvirus infections 
B08.70,Yatapoxvirus infection unspecified 
B08.71,Tanapox virus disease 
B08.72,Yaba pox virus disease 
B08.8,Other specified viral infections characterized by skin and mucous membrane lesions 
B08.8,Other specified viral infections characterized by skin and mucous membrane lesions 
A95.0,Sylvatic yellow fever 
A95.1,Urban yellow fever 
A95.9,Yellow fever unspecified 
A90,Dengue fever [classical dengue] 
A83.0,Japanese encephalitis 
A83.1,Western equine encephalitis 
A83.2,Eastern equine encephalitis 
A83.3,St Louis encephalitis 
A83.4,Australian encephalitis 
A83.5,California encephalitis 
A83.8,Other mosquito-borne viral encephalitis 
A83.9,Mosquito-borne viral encephalitis unspecified 
A84.0,Far Eastern tick-borne encephalitis [Russian spring-summer encephalitis] 
A84.8,Other tick-borne viral encephalitis 
A84.1,Central European tick-borne encephalitis 
A84.8,Other tick-borne viral encephalitis 
A84.9,Tick-borne viral encephalitis unspecified 
A85.2,Arthropod-borne viral encephalitis unspecified 
A98.0,Crimean-Congo hemorrhagic fever 
A98.1,Omsk hemorrhagic fever 
A98.2,Kyasanur Forest disease 
A98.8,Other specified viral hemorrhagic fevers 
A91,Dengue hemorrhagic fever 
A98.8,Other specified viral hemorrhagic fevers 
A99,Unspecified viral hemorrhagic fever 
A93.1,Sandfly fever 
A93.2,Colorado tick fever 
A92.2,Venezuelan equine fever 
A92.8,Other specified mosquito-borne viral fevers 
A92.30,West Nile virus infection unspecified 
A92.31,West Nile virus infection with encephalitis 
A92.32,West Nile virus infection with other neurologic manifestation 
A92.39,West Nile virus infection with other complications 
A93.8,Other specified arthropod-borne viral fevers 
A94,Unspecified arthropod-borne viral fever 
B15.0,Hepatitis A with hepatic coma 
B15.9,Hepatitis A without hepatic coma 
B19.11,Unspecified viral hepatitis B with hepatic coma 
B16.0,Acute hepatitis B with delta-agent with hepatic coma 
B18.1,Chronic viral hepatitis B without delta-agent 
B18.0,Chronic viral hepatitis B with delta-agent 
B19.10,Unspecified viral hepatitis B without hepatic coma 
B16.1,Acute hepatitis B with delta-agent without hepatic coma 
B18.1,Chronic viral hepatitis B without delta-agent 
B18.0,Chronic viral hepatitis B with delta-agent 
B17.11,Acute hepatitis C with hepatic coma 
B17.0,Acute delta-(super) infection of hepatitis B carrier 
B17.2,Acute hepatitis E 
B18.2,Chronic viral hepatitis C 
B17.8,Other specified acute viral hepatitis 
B17.10,Acute hepatitis C without hepatic coma 
B17.0,Acute delta-(super) infection of hepatitis B carrier 
B17.2,Acute hepatitis E 
B18.2,Chronic viral hepatitis C 
B17.8,Other specified acute viral hepatitis 
B19.0,Unspecified viral hepatitis with hepatic coma 
B19.20,Unspecified viral hepatitis C without hepatic coma 
B19.21,Unspecified viral hepatitis C with hepatic coma 
B19.9,Unspecified viral hepatitis without hepatic coma 
A82.9,Rabies unspecified 
B26.0,Mumps orchitis 
B26.1,Mumps meningitis 
B26.2,Mumps encephalitis 
B26.3,Mumps pancreatitis 
B26.81,Mumps hepatitis 
B26.84,Mumps polyneuropathy 
B26.82,Mumps myocarditis 
B26.89,Other mumps complications 
B26.9,Mumps without complication 
A70,Chlamydia psittaci infections 
J17,Pneumonia in diseases classified elsewhere 
A70,Chlamydia psittaci infections 
A70,Chlamydia psittaci infections 
A70,Chlamydia psittaci infections 
B08.5,Enteroviral vesicular pharyngitis 
B33.0,Epidemic myalgia 
B33.20,Viral carditis unspecified 
B33.23,Viral pericarditis 
B33.21,Viral endocarditis 
B33.22,Viral myocarditis 
B08.4,Enteroviral vesicular stomatitis with exanthem 
B34.1,Enterovirus infection unspecified 
B27.90,Infectious mononucleosis unspecified without complication 
A71.0,Initial stage of trachoma 
A71.1,Active stage of trachoma 
A71.9,Trachoma unspecified 
A74.0,Chlamydial conjunctivitis 
B30.0,Keratoconjunctivitis due to adenovirus 
B30.2,Viral pharyngoconjunctivitis 
B30.1,Conjunctivitis due to adenovirus 
B30.3,Acute epidemic hemorrhagic conjunctivitis (enteroviral) 
B30.8,Other viral conjunctivitis 
A74.0,Chlamydial conjunctivitis 
B30.9,Viral conjunctivitis unspecified 
B08.1,Molluscum contagiosum 
B07.9,Viral wart unspecified 
A63.0,Anogenital (venereal) warts 
B07.0,Plantar wart 
B07.8,Other viral warts 
B33.8,Other specified viral diseases 
A28.1,Cat-scratch disease 
B08.8,Other specified viral infections characterized by skin and mucous membrane lesions 
B25.9,Cytomegaloviral disease unspecified 
A98.5,Hemorrhagic fever with renal syndrome 
A96.8,Other arenaviral hemorrhagic fevers 
A88.1,Epidemic vertigo 
R11.11,Vomiting without nausea 
A74.89,Other chlamydial diseases 
B33.8,Other specified viral diseases 
B97.0,Adenovirus as the cause of diseases classified elsewhere 
B97.12,Echovirus as the cause of diseases classified elsewhere 
B97.11,Coxsackievirus as the cause of diseases classified elsewhere 
B97.89,Other viral agents as the cause of diseases classified elsewhere 
B97.7,Papillomavirus as the cause of diseases classified elsewhere 
B97.30,Unspecified retrovirus as the cause of diseases classified elsewhere 
B97.33,Human T-cell lymphotrophic virus type I [HTLV-I] as the cause of diseases classified elsewhere 
B97.34,Human T-cell lymphotrophic virus type II [HTLV-II] as the cause of diseases classified elsewhere 
B97.35,Human immunodeficiency virus type 2 [HIV 2] as the cause of diseases classified elsewhere 
B33.3,Retrovirus infections not elsewhere classified 
B97.4,Respiratory syncytial virus as the cause of diseases classified elsewhere 
B33.4,Hantavirus (cardio)-pulmonary syndrome [HPS] [HCPS] 
B97.21,SARS-associated coronavirus as the cause of diseases classified elsewhere 
B34.3,Parvovirus infection unspecified 
A74.89,Other chlamydial diseases 
B33.8,Other specified viral diseases 
A74.9,Chlamydial infection unspecified 
B97.89,Other viral agents as the cause of diseases classified elsewhere 
A75.0,Epidemic louse-borne typhus fever due to Rickettsia prowazekii 
A75.2,Typhus fever due to Rickettsia typhi 
A75.1,Recrudescent typhus [Brill's disease] 
A75.3,Typhus fever due to Rickettsia tsutsugamushi 
A75.9,Typhus fever unspecified 
A77.0,Spotted fever due to Rickettsia rickettsii 
A77.1,Spotted fever due to Rickettsia conorii 
A77.2,Spotted fever due to Rickettsia siberica 
A77.3,Spotted fever due to Rickettsia australis 
A77.40,Ehrlichiosis unspecified 
A77.41,Ehrlichiosis chafeensis [E. chafeensis] 
A77.49,Other ehrlichiosis 
A77.8,Other spotted fevers 
A79.9,Rickettsiosis unspecified 
A78,Q fever 
A79.0,Trench fever 
A79.1,Rickettsialpox due to Rickettsia akari 
A79.89,Other specified rickettsioses 
A79.9,Rickettsiosis unspecified 
B50.9,Plasmodium falciparum malaria unspecified 
B51.9,Plasmodium vivax malaria without complication 
B52.9,Plasmodium malariae malaria without complication 
B53.0,Plasmodium ovale malaria 
B53.1,Malaria due to simian plasmodia 
B51.9,Plasmodium vivax malaria without complication 
B54,Unspecified malaria 
B53.8,Other malaria not elsewhere classified 
B50.8,Other severe and complicated Plasmodium falciparum malaria 
B50.0,Plasmodium falciparum malaria with cerebral complications 
B55.0,Visceral leishmaniasis 
B55.1,Cutaneous leishmaniasis 
B55.1,Cutaneous leishmaniasis 
B55.1,Cutaneous leishmaniasis 
B55.1,Cutaneous leishmaniasis 
B55.2,Mucocutaneous leishmaniasis 
B55.9,Leishmaniasis unspecified 
B57.0,Acute Chagas' disease with heart involvement 
B57.5,Chagas' disease (chronic) with other organ involvement 
B57.1,Acute Chagas' disease without heart involvement 
B56.0,Gambiense trypanosomiasis 
B56.1,Rhodesiense trypanosomiasis 
B56.9,African trypanosomiasis unspecified 
B56.9,African trypanosomiasis unspecified 
A68.0,Louse-borne relapsing fever 
A68.1,Tick-borne relapsing fever 
A68.9,Relapsing fever unspecified 
A44.9,Bartonellosis unspecified 
A69.20,Lyme disease unspecified 
B60.0,Babesiosis 
B60.8,Other specified protozoal diseases 
B64,Unspecified protozoal disease 
A50.09,Other early congenital syphilis symptomatic 
A50.1,Early congenital syphilis latent 
A50.2,Early congenital syphilis unspecified 
A50.31,Late congenital syphilitic interstitial keratitis 
A50.40,Late congenital neurosyphilis unspecified 
A50.42,Late congenital syphilitic encephalitis 
A50.41,Late congenital syphilitic meningitis 
A50.49,Other late congenital neurosyphilis 
A50.59,Other late congenital syphilis symptomatic 
A50.6,Late congenital syphilis latent 
A50.7,Late congenital syphilis unspecified 
A50.9,Congenital syphilis unspecified 
A51.0,Primary genital syphilis 
A51.1,Primary anal syphilis 
A51.2,Primary syphilis of other sites 
A51.39,Other secondary syphilis of skin 
A51.49,Other secondary syphilitic conditions 
A51.43,Secondary syphilitic oculopathy 
A51.43,Secondary syphilitic oculopathy 
A51.43,Secondary syphilitic oculopathy 
A51.46,Secondary syphilitic osteopathy 
A51.45,Secondary syphilitic hepatitis 
A51.49,Other secondary syphilitic conditions 
A51.49,Other secondary syphilitic conditions 
A51.41,Secondary syphilitic meningitis 
A51.32,Syphilitic alopecia 
A51.49,Other secondary syphilitic conditions 
A51.49,Other secondary syphilitic conditions 
A51.5,Early syphilis latent 
A51.5,Early syphilis latent 
A52.01,Syphilitic aneurysm of aorta 
A52.02,Syphilitic aortitis 
A52.03,Syphilitic endocarditis 
A52.03,Syphilitic endocarditis 
A52.03,Syphilitic endocarditis 
A52.03,Syphilitic endocarditis 
A52.03,Syphilitic endocarditis 
A52.06,Other syphilitic heart involvement 
A52.06,Other syphilitic heart involvement 
A52.09,Other cardiovascular syphilis 
A52.00,Cardiovascular syphilis unspecified 
A52.11,Tabes dorsalis 
A52.17,General paresis 
A52.13,Late syphilitic meningitis 
A52.2,Asymptomatic neurosyphilis 
A52.14,Late syphilitic encephalitis 
A52.19,Other symptomatic neurosyphilis 
A52.19,Other symptomatic neurosyphilis 
A52.15,Late syphilitic neuropathy 
A52.15,Late syphilitic neuropathy 
A52.15,Late syphilitic neuropathy 
A52.19,Other symptomatic neurosyphilis 
A52.19,Other symptomatic neurosyphilis 
A52.3,Neurosyphilis unspecified 
A52.71,Late syphilitic oculopathy 
A52.72,Syphilis of lung and bronchus 
A52.74,Syphilis of liver and other viscera 
A52.74,Syphilis of liver and other viscera 
A52.75,Syphilis of kidney and ureter 
A52.77,Syphilis of bone and joint 
A52.78,Syphilis of other musculoskeletal tissue 
A52.78,Syphilis of other musculoskeletal tissue 
A52.73,Symptomatic late syphilis of other respiratory organs 
A52.79,Other symptomatic late syphilis 
A52.8,Late syphilis latent 
A52.9,Late syphilis unspecified 
A53.0,Latent syphilis unspecified as early or late 
A53.9,Syphilis unspecified 
A54.00,Gonococcal infection of lower genitourinary tract unspecified 
A54.29,Other gonococcal genitourinary infections 
A54.01,Gonococcal cystitis and urethritis unspecified 
A54.22,Gonococcal prostatitis 
A54.23,Gonococcal infection of other male genital organs 
A54.23,Gonococcal infection of other male genital organs 
A54.03,Gonococcal cervicitis unspecified 
A54.24,Gonococcal female pelvic inflammatory disease 
A54.29,Other gonococcal genitourinary infections 
A54.21,Gonococcal infection of kidney and ureter 
A54.00,Gonococcal infection of lower genitourinary tract unspecified 
A54.29,Other gonococcal genitourinary infections 
A54.01,Gonococcal cystitis and urethritis unspecified 
A54.22,Gonococcal prostatitis 
A54.23,Gonococcal infection of other male genital organs 
A54.23,Gonococcal infection of other male genital organs 
A54.03,Gonococcal cervicitis unspecified 
A54.24,Gonococcal female pelvic inflammatory disease 
A54.29,Other gonococcal genitourinary infections 
A54.29,Other gonococcal genitourinary infections 
A54.31,Gonococcal conjunctivitis 
A54.32,Gonococcal iridocyclitis 
A54.39,Other gonococcal eye infection 
A54.33,Gonococcal keratitis 
A54.39,Other gonococcal eye infection 
A54.42,Gonococcal arthritis 
A54.49,Gonococcal infection of other musculoskeletal tissue 
A54.49,Gonococcal infection of other musculoskeletal tissue 
A54.41,Gonococcal spondylopathy 
A54.40,Gonococcal infection of musculoskeletal system unspecified 
A54.5,Gonococcal pharyngitis 
A54.6,Gonococcal infection of anus and rectum 
A54.89,Other gonococcal infections 
A54.81,Gonococcal meningitis 
A54.83,Gonococcal heart infection 
A54.83,Gonococcal heart infection 
A54.83,Gonococcal heart infection 
A54.85,Gonococcal peritonitis 
A54.89,Other gonococcal infections 
A57,Chancroid 
A55,Chlamydial lymphogranuloma (venereum) 
A58,Granuloma inguinale 
M02.30,Reiter's disease unspecified site 
N34.1,Nonspecific urethritis 
N34.1,Nonspecific urethritis 
N34.1,Nonspecific urethritis 
A56.19,Other chlamydial genitourinary infection 
A56.4,Chlamydial infection of pharynx 
A56.3,Chlamydial infection of anus and rectum 
A56.00,Chlamydial infection of lower genitourinary tract unspecified 
A56.19,Other chlamydial genitourinary infection 
A56.2,Chlamydial infection of genitourinary tract unspecified 
A56.8,Sexually transmitted chlamydial infection of other sites 
A56.8,Sexually transmitted chlamydial infection of other sites 
A63.8,Other specified predominantly sexually transmitted diseases 
A64,Unspecified sexually transmitted disease 
A27.0,Leptospirosis icterohemorrhagica 
A27.81,Aseptic meningitis in leptospirosis 
A27.89,Other forms of leptospirosis 
A27.9,Leptospirosis unspecified 
A69.1,Other Vincent's infections 
A66.0,Initial lesions of yaws 
A66.1,Multiple papillomata and wet crab yaws 
A66.2,Other early skin lesions of yaws 
A66.3,Hyperkeratosis of yaws 
A66.4,Gummata and ulcers of yaws 
A66.5,Gangosa 
A66.6,Bone and joint lesions of yaws 
A66.7,Other manifestations of yaws 
A66.8,Latent yaws 
A66.9,Yaws unspecified 
A67.0,Primary lesions of pinta 
A67.1,Intermediate lesions of pinta 
A67.2,Late lesions of pinta 
A67.3,Mixed lesions of pinta 
A67.9,Pinta unspecified 
A65,Nonvenereal syphilis 
A69.8,Other specified spirochetal infections 
A69.9,Spirochetal infection unspecified 
B35.0,Tinea barbae and tinea capitis 
B35.1,Tinea unguium 
B35.2,Tinea manuum 
B35.6,Tinea cruris 
B35.3,Tinea pedis 
B35.5,Tinea imbricata 
B35.8,Other dermatophytoses 
B35.8,Other dermatophytoses 
B35.9,Dermatophytosis unspecified 
B36.0,Pityriasis versicolor 
B36.1,Tinea nigra 
B36.2,White piedra 
B36.3,Black piedra 
B36.8,Other specified superficial mycoses 
B36.9,Superficial mycosis unspecified 
B37.0,Candidal stomatitis 
B37.3,Candidiasis of vulva and vagina 
B37.49,Other urogenital candidiasis 
B37.2,Candidiasis of skin and nail 
B37.1,Pulmonary candidiasis 
B37.7,Candidal sepsis 
B37.6,Candidal endocarditis 
B37.84,Candidal otitis externa 
B37.5,Candidal meningitis 
B37.81,Candidal esophagitis 
B37.82,Candidal enteritis 
B37.89,Other sites of candidiasis 
B37.9,Candidiasis unspecified 
B38.0,Acute pulmonary coccidioidomycosis 
B38.3,Cutaneous coccidioidomycosis 
B38.4,Coccidioidomycosis meningitis 
B38.89,Other forms of coccidioidomycosis 
B38.1,Chronic pulmonary coccidioidomycosis 
B38.2,Pulmonary coccidioidomycosis unspecified 
B38.9,Coccidioidomycosis unspecified 
B39.4,Histoplasmosis capsulati unspecified 
B39.4,Histoplasmosis capsulati unspecified 
G02,Meningitis in other infectious and parasitic diseases classified elsewhere 
B39.4,Histoplasmosis capsulati unspecified 
H32,Chorioretinal disorders in diseases classified elsewhere 
B39.4,Histoplasmosis capsulati unspecified 
I32,Pericarditis in diseases classified elsewhere 
B39.4,Histoplasmosis capsulati unspecified 
I39,Endocarditis and heart valve disorders in diseases classified elsewhere 
B39.2,Pulmonary histoplasmosis capsulati unspecified 
B39.3,Disseminated histoplasmosis capsulati 
B39.5,Histoplasmosis duboisii 
B39.5,Histoplasmosis duboisii 
G02,Meningitis in other infectious and parasitic diseases classified elsewhere 
B39.5,Histoplasmosis duboisii 
H32,Chorioretinal disorders in diseases classified elsewhere 
B39.5,Histoplasmosis duboisii 
I32,Pericarditis in diseases classified elsewhere 
B39.5,Histoplasmosis duboisii 
I39,Endocarditis and heart valve disorders in diseases classified elsewhere 
B39.5,Histoplasmosis duboisii 
J17,Pneumonia in diseases classified elsewhere 
B39.5,Histoplasmosis duboisii 
B39.9,Histoplasmosis unspecified 
B39.9,Histoplasmosis unspecified 
G02,Meningitis in other infectious and parasitic diseases classified elsewhere 
B39.9,Histoplasmosis unspecified 
H32,Chorioretinal disorders in diseases classified elsewhere 
B39.9,Histoplasmosis unspecified 
I32,Pericarditis in diseases classified elsewhere 
B39.9,Histoplasmosis unspecified 
I39,Endocarditis and heart valve disorders in diseases classified elsewhere 
B39.9,Histoplasmosis unspecified 
J17,Pneumonia in diseases classified elsewhere 
B39.9,Histoplasmosis unspecified 
B40.9,Blastomycosis unspecified 
B41.0,Pulmonary paracoccidioidomycosis 
B48.0,Lobomycosis 
B48.1,Rhinosporidiosis 
B42.0,Pulmonary sporotrichosis 
B43.9,Chromomycosis unspecified 
B44.9,Aspergillosis unspecified 
B47.0,Eumycetoma 
B45.0,Pulmonary cryptococcosis 
B48.2,Allescheriasis 
B46.9,Zygomycosis unspecified 
B48.8,Other specified mycoses 
B49,Unspecified mycosis 
B48.8,Other specified mycoses 
B65.0,Schistosomiasis due to Schistosoma haematobium [urinary schistosomiasis] 
B65.1,Schistosomiasis due to Schistosoma mansoni [intestinal schistosomiasis] 
B65.2,Schistosomiasis due to Schistosoma japonicum 
B65.3,Cercarial dermatitis 
B65.8,Other schistosomiasis 
B65.9,Schistosomiasis unspecified 
B66.0,Opisthorchiasis 
B66.1,Clonorchiasis 
B66.4,Paragonimiasis 
B66.3,Fascioliasis 
B66.5,Fasciolopsiasis 
B66.8,Other specified fluke infections 
B66.8,Other specified fluke infections 
B66.2,Dicroceliasis 
B66.9,Fluke infection unspecified 
B67.0,Echinococcus granulosus infection of liver 
B67.1,Echinococcus granulosus infection of lung 
B67.31,Echinococcus granulosus infection thyroid gland 
B67.39,Echinococcus granulosus infection other sites 
B67.4,Echinococcus granulosus infection unspecified 
B67.5,Echinococcus multilocularis infection of liver 
B67.69,Echinococcus multilocularis infection other sites 
B67.7,Echinococcus multilocularis infection unspecified 
B67.8,Echinococcosis unspecified of liver 
B67.90,Echinococcosis unspecified 
B68.0,Taenia solium taeniasis 
B69.9,Cysticercosis unspecified 
B68.1,Taenia saginata taeniasis 
B68.9,Taeniasis unspecified 
B70.0,Diphyllobothriasis 
B70.1,Sparganosis 
B71.0,Hymenolepiasis 
B71.8,Other specified cestode infections 
B71.9,Cestode infection unspecified 
B75,Trichinellosis 
B74.0,Filariasis due to Wuchereria bancrofti 
B74.1,Filariasis due to Brugia malayi 
B74.3,Loiasis 
B73.1,Onchocerciasis without eye disease 
B74.8,Other filariases 
B74.4,Mansonelliasis 
B74.8,Other filariases 
B72,Dracunculiasis 
B74.9,Filariasis unspecified 
B76.0,Ancylostomiasis 
B76.1,Necatoriasis 
B76.0,Ancylostomiasis 
B76.0,Ancylostomiasis 
B76.0,Ancylostomiasis 
B76.8,Other hookworm diseases 
B77.9,Ascariasis unspecified 
B81.0,Anisakiasis 
B78.9,Strongyloidiasis unspecified 
B79,Trichuriasis 
B80,Enterobiasis 
B81.1,Intestinal capillariasis 
B81.2,Trichostrongyliasis 
B81.8,Other specified intestinal helminthiases 
B81.4,Mixed intestinal helminthiases 
B82.0,Intestinal helminthiasis unspecified 
B83.0,Visceral larva migrans 
B83.1,Gnathostomiasis 
B83.8,Other specified helminthiases 
B83.9,Helminthiasis unspecified 
B82.9,Intestinal parasitism unspecified 
B58.2,Toxoplasma meningoencephalitis 
B58.09,Other toxoplasma oculopathy 
B58.01,Toxoplasma chorioretinitis 
B58.81,Toxoplasma myocarditis 
B58.3,Pulmonary toxoplasmosis 
B58.1,Toxoplasma hepatitis 
B58.89,Toxoplasmosis with other organ involvement 
B58.89,Toxoplasmosis with other organ involvement 
B58.9,Toxoplasmosis unspecified 
A59.00,Urogenital trichomoniasis unspecified 
A59.01,Trichomonal vulvovaginitis 
A59.03,Trichomonal cystitis and urethritis 
A59.02,Trichomonal prostatitis 
A59.09,Other urogenital trichomoniasis 
A59.8,Trichomoniasis of other sites 
A59.9,Trichomoniasis unspecified 
B85.0,Pediculosis due to Pediculus humanus capitis 
B85.1,Pediculosis due to Pediculus humanus corporis 
B85.3,Phthiriasis 
B85.4,Mixed pediculosis and phthiriasis 
B85.2,Pediculosis unspecified 
B86,Scabies 
B88.0,Other acariasis 
B88.9,Infestation unspecified 
B87.9,Myiasis unspecified 
B88.2,Other arthropod infestations 
B83.4,Internal hirudiniasis 
B88.8,Other specified infestations 
B88.9,Infestation unspecified 
D86.9,Sarcoidosis unspecified 
L94.6,Ainhum 
M35.2,Behcet's disease 
B60.11,Meningoencephalitis due to Acanthamoeba (culbertsoni) 
B60.2,Naegleriasis 
B59,Pneumocystosis 
B60.8,Other specified protozoal diseases 
A07.8,Other specified protozoal intestinal diseases 
B60.8,Other specified protozoal diseases 
B89,Unspecified parasitic disease 
B90.9,Sequelae of respiratory and unspecified tuberculosis 
B90.0,Sequelae of central nervous system tuberculosis 
B90.1,Sequelae of genitourinary tuberculosis 
B90.2,Sequelae of tuberculosis of bones and joints 
B90.8,Sequelae of tuberculosis of other organs 
B91,Sequelae of poliomyelitis 
B94.1,Sequelae of viral encephalitis 
B94.0,Sequelae of trachoma 
B94.8,Sequelae of other specified infectious and parasitic diseases 
C00.0,Malignant neoplasm of external upper lip 
C00.1,Malignant neoplasm of external lower lip 
C00.3,Malignant neoplasm of upper lip inner aspect 
C00.4,Malignant neoplasm of lower lip inner aspect 
C00.5,Malignant neoplasm of lip unspecified inner aspect 
C00.6,Malignant neoplasm of commissure of lip unspecified 
C00.8,Malignant neoplasm of overlapping sites of lip 
C00.2,Malignant neoplasm of external lip unspecified 
C01,Malignant neoplasm of base of tongue 
C02.0,Malignant neoplasm of dorsal surface of tongue 
C02.1,Malignant neoplasm of border of tongue 
C02.2,Malignant neoplasm of ventral surface of tongue 
C02.3,Malignant neoplasm of anterior two-thirds of tongue part unspecified 
C02.8,Malignant neoplasm of overlapping sites of tongue 
C02.4,Malignant neoplasm of lingual tonsil 
C02.8,Malignant neoplasm of overlapping sites of tongue 
C02.9,Malignant neoplasm of tongue unspecified 
C07,Malignant neoplasm of parotid gland 
C08.0,Malignant neoplasm of submandibular gland 
C08.1,Malignant neoplasm of sublingual gland 
C08.9,Malignant neoplasm of major salivary gland unspecified 
C08.9,Malignant neoplasm of major salivary gland unspecified 
C03.0,Malignant neoplasm of upper gum 
C03.1,Malignant neoplasm of lower gum 
C03.9,Malignant neoplasm of gum unspecified 
C03.9,Malignant neoplasm of gum unspecified 
C04.0,Malignant neoplasm of anterior floor of mouth 
C04.1,Malignant neoplasm of lateral floor of mouth 
C04.8,Malignant neoplasm of overlapping sites of floor of mouth 
C04.9,Malignant neoplasm of floor of mouth unspecified 
C06.0,Malignant neoplasm of cheek mucosa 
C06.1,Malignant neoplasm of vestibule of mouth 
C05.0,Malignant neoplasm of hard palate 
C05.1,Malignant neoplasm of soft palate 
C05.2,Malignant neoplasm of uvula 
C05.9,Malignant neoplasm of palate unspecified 
C06.2,Malignant neoplasm of retromolar area 
C06.89,Malignant neoplasm of overlapping sites of other parts of mouth 
C06.9,Malignant neoplasm of mouth unspecified 
C09.9,Malignant neoplasm of tonsil unspecified 
C09.0,Malignant neoplasm of tonsillar fossa 
C09.1,Malignant neoplasm of tonsillar pillar (anterior) (posterior) 
C10.0,Malignant neoplasm of vallecula 
C10.1,Malignant neoplasm of anterior surface of epiglottis 
C10.8,Malignant neoplasm of overlapping sites of oropharynx 
C10.2,Malignant neoplasm of lateral wall of oropharynx 
C10.3,Malignant neoplasm of posterior wall of oropharynx 
C10.8,Malignant neoplasm of overlapping sites of oropharynx 
C10.9,Malignant neoplasm of oropharynx unspecified 
C11.0,Malignant neoplasm of superior wall of nasopharynx 
C11.1,Malignant neoplasm of posterior wall of nasopharynx 
C11.2,Malignant neoplasm of lateral wall of nasopharynx 
C11.3,Malignant neoplasm of anterior wall of nasopharynx 
C11.8,Malignant neoplasm of overlapping sites of nasopharynx 
C11.9,Malignant neoplasm of nasopharynx unspecified 
C13.0,Malignant neoplasm of postcricoid region 
C12,Malignant neoplasm of pyriform sinus 
C13.1,Malignant neoplasm of aryepiglottic fold hypopharyngeal aspect 
C13.2,Malignant neoplasm of posterior wall of hypopharynx 
C13.8,Malignant neoplasm of overlapping sites of hypopharynx 
C13.9,Malignant neoplasm of hypopharynx unspecified 
C14.0,Malignant neoplasm of pharynx unspecified 
C14.2,Malignant neoplasm of Waldeyer's ring 
C14.8,Malignant neoplasm of overlapping sites of lip oral cavity and pharynx 
C14.8,Malignant neoplasm of overlapping sites of lip oral cavity and pharynx 
C15.3,Malignant neoplasm of upper third of esophagus 
C15.4,Malignant neoplasm of middle third of esophagus 
C15.5,Malignant neoplasm of lower third of esophagus 
C15.3,Malignant neoplasm of upper third of esophagus 
C15.4,Malignant neoplasm of middle third of esophagus 
C15.5,Malignant neoplasm of lower third of esophagus 
C15.8,Malignant neoplasm of overlapping sites of esophagus 
C15.9,Malignant neoplasm of esophagus unspecified 
C16.0,Malignant neoplasm of cardia 
C16.4,Malignant neoplasm of pylorus 
C16.3,Malignant neoplasm of pyloric antrum 
C16.1,Malignant neoplasm of fundus of stomach 
C16.2,Malignant neoplasm of body of stomach 
C16.5,Malignant neoplasm of lesser curvature of stomach unspecified 
C16.6,Malignant neoplasm of greater curvature of stomach unspecified 
C16.8,Malignant neoplasm of overlapping sites of stomach 
C16.9,Malignant neoplasm of stomach unspecified 
C17.0,Malignant neoplasm of duodenum 
C17.1,Malignant neoplasm of jejunum 
C17.2,Malignant neoplasm of ileum 
C17.3,Meckel's diverticulum malignant 
C17.8,Malignant neoplasm of overlapping sites of small intestine 
C17.9,Malignant neoplasm of small intestine unspecified 
C18.3,Malignant neoplasm of hepatic flexure 
C18.4,Malignant neoplasm of transverse colon 
C18.6,Malignant neoplasm of descending colon 
C18.7,Malignant neoplasm of sigmoid colon 
C18.0,Malignant neoplasm of cecum 
C18.1,Malignant neoplasm of appendix 
C18.2,Malignant neoplasm of ascending colon 
C18.5,Malignant neoplasm of splenic flexure 
C18.8,Malignant neoplasm of overlapping sites of colon 
C18.9,Malignant neoplasm of colon unspecified 
C19,Malignant neoplasm of rectosigmoid junction 
C20,Malignant neoplasm of rectum 
C21.1,Malignant neoplasm of anal canal 
C21.0,Malignant neoplasm of anus unspecified 
C21.8,Malignant neoplasm of overlapping sites of rectum anus and anal canal 
C22.8,Malignant neoplasm of liver primary unspecified as to type 
C22.1,Intrahepatic bile duct carcinoma 
C22.9,Malignant neoplasm of liver not specified as primary or secondary 
C23,Malignant neoplasm of gallbladder 
C24.0,Malignant neoplasm of extrahepatic bile duct 
C24.1,Malignant neoplasm of ampulla of Vater 
C24.8,Malignant neoplasm of overlapping sites of biliary tract 
C24.9,Malignant neoplasm of biliary tract unspecified 
C25.0,Malignant neoplasm of head of pancreas 
C25.1,Malignant neoplasm of body of pancreas 
C25.2,Malignant neoplasm of tail of pancreas 
C25.3,Malignant neoplasm of pancreatic duct 
C25.4,Malignant neoplasm of endocrine pancreas 
C25.7,Malignant neoplasm of other parts of pancreas 
C25.9,Malignant neoplasm of pancreas unspecified 
C91.00,Acute lymphoblastic leukemia not having achieved remission 
C91.01,Acute lymphoblastic leukemia in remission 
C91.02,Acute lymphoblastic leukemia in relapse 
C91.10,Chronic lymphocytic leukemia of B-cell type not having achieved remission 
C91.11,Chronic lymphocytic leukemia of B-cell type in remission 
C91.12,Chronic lymphocytic leukemia of B-cell type in relapse 
C91.Z0,Other lymphoid leukemia not having achieved remission 
C91.Z1,Other lymphoid leukemia in remission 
C91.Z2,Other lymphoid leukemia in relapse 
C91.Z0,Other lymphoid leukemia not having achieved remission 
C91.Z1,Other lymphoid leukemia in remission 
C91.Z2,Other lymphoid leukemia in relapse 
C91.90,Lymphoid leukemia unspecified not having achieved remission 
C91.91,Lymphoid leukemia unspecified in remission 
C91.92,Lymphoid leukemia unspecified in relapse 
C92.00,Acute myeloblastic leukemia not having achieved remission 
C92.01,Acute myeloblastic leukemia in remission 
C92.02,Acute myeloblastic leukemia in relapse 
C92.10,Chronic myeloid leukemia BCR/ABL-positive not having achieved remission 
C92.11,Chronic myeloid leukemia BCR/ABL-positive in remission 
C92.12,Chronic myeloid leukemia BCR/ABL-positive in relapse 
C92.20,Atypical chronic myeloid leukemia BCR/ABL-negative not having achieved remission 
C92.21,Atypical chronic myeloid leukemia BCR/ABL-negative in remission 
C92.22,Atypical chronic myeloid leukemia BCR/ABL-negative in relapse 
C92.30,Myeloid sarcoma not having achieved remission 
C92.31,Myeloid sarcoma in remission 
C92.32,Myeloid sarcoma in relapse 
C92.Z0,Other myeloid leukemia not having achieved remission 
C92.Z1,Other myeloid leukemia in remission 
C92.Z2,Other myeloid leukemia in relapse 
C92.90,Myeloid leukemia unspecified not having achieved remission 
C92.91,Myeloid leukemia unspecified in remission 
C92.92,Myeloid leukemia unspecified in relapse 
C93.00,Acute monoblastic/monocytic leukemia not having achieved remission 
C93.01,Acute monoblastic/monocytic leukemia in remission 
C93.02,Acute monoblastic/monocytic leukemia in relapse 
C93.10,Chronic myelomonocytic leukemia not having achieved remission 
C93.11,Chronic myelomonocytic leukemia in remission 
C93.12,Chronic myelomonocytic leukemia in relapse 
C93.90,Monocytic leukemia unspecified not having achieved remission 
C93.91,Monocytic leukemia unspecified in remission 
C93.92,Monocytic leukemia unspecified in relapse 
C93.Z0,Other monocytic leukemia not having achieved remission 
C93.Z1,Other monocytic leukemia in remission 
C93.Z2,Other monocytic leukemia in relapse 
C93.90,Monocytic leukemia unspecified not having achieved remission 
C93.91,Monocytic leukemia unspecified in remission 
C93.92,Monocytic leukemia unspecified in relapse 
C94.00,Acute erythroid leukemia not having achieved remission 
C94.01,Acute erythroid leukemia in remission 
C94.02,Acute erythroid leukemia in relapse 
D45,Polycythemia vera 
D45,Polycythemia vera 
D45,Polycythemia vera 
C94.20,Acute megakaryoblastic leukemia not having achieved remission 
C94.21,Acute megakaryoblastic leukemia in remission 
C94.22,Acute megakaryoblastic leukemia in relapse 
C94.80,Other specified leukemias not having achieved remission 
C94.81,Other specified leukemias in remission 
C94.82,Other specified leukemias in relapse 
C95.00,Acute leukemia of unspecified cell type not having achieved remission 
C95.01,Acute leukemia of unspecified cell type in remission 
C95.02,Acute leukemia of unspecified cell type in relapse 
C95.10,Chronic leukemia of unspecified cell type not having achieved remission 
C95.11,Chronic leukemia of unspecified cell type in remission 
C95.12,Chronic leukemia of unspecified cell type in relapse 
C95.90,Leukemia unspecified not having achieved remission 
C95.91,Leukemia unspecified in remission 
C95.92,Leukemia unspecified in relapse 
C95.90,Leukemia unspecified not having achieved remission 
C95.91,Leukemia unspecified in remission 
C95.92,Leukemia unspecified in relapse 
C95.90,Leukemia unspecified not having achieved remission 
C95.91,Leukemia unspecified in remission 
C95.92,Leukemia unspecified in relapse 
C7A.019,Malignant carcinoid tumor of the small intestine unspecified portion 
C7A.010,Malignant carcinoid tumor of the duodenum 
C7A.011,Malignant carcinoid tumor of the jejunum 
C7A.012,Malignant carcinoid tumor of the ileum 
C7A.029,Malignant carcinoid tumor of the large intestine unspecified portion 
C7A.020,Malignant carcinoid tumor of the appendix 
C7A.021,Malignant carcinoid tumor of the cecum 
C7A.022,Malignant carcinoid tumor of the ascending colon 
C7A.023,Malignant carcinoid tumor of the transverse colon 
C7A.024,Malignant carcinoid tumor of the descending colon 
C7A.025,Malignant carcinoid tumor of the sigmoid colon 
C7A.026,Malignant carcinoid tumor of the rectum 
C7A.00,Malignant carcinoid tumor of unspecified site 
C7A.090,Malignant carcinoid tumor of the bronchus and lung 
C7A.091,Malignant carcinoid tumor of the thymus 
C7A.092,Malignant carcinoid tumor of the stomach 
C7A.093,Malignant carcinoid tumor of the kidney 
C7A.094,Malignant carcinoid tumor of the foregut NOS 
C7A.095,Malignant carcinoid tumor of the midgut NOS 
C7A.096,Malignant carcinoid tumor of the hindgut NOS 
C7A.098,Malignant carcinoid tumors of other sites 
C7A.1,Malignant poorly differentiated neuroendocrine tumors 
C4A.30,Merkel cell carcinoma of unspecified part of face 
C4A.4,Merkel cell carcinoma of scalp and neck 
C4A.60,Merkel cell carcinoma of unspecified upper limb including shoulder 
C4A.70,Merkel cell carcinoma of unspecified lower limb including hip 
C4A.59,Merkel cell carcinoma of other part of trunk 
C4A.8,Merkel cell carcinoma of overlapping sites 
D3A.019,Benign carcinoid tumor of the small intestine unspecified portion 
D3A.010,Benign carcinoid tumor of the duodenum 
D3A.011,Benign carcinoid tumor of the jejunum 
D3A.012,Benign carcinoid tumor of the ileum 
D3A.029,Benign carcinoid tumor of the large intestine unspecified portion 
D3A.020,Benign carcinoid tumor of the appendix 
D3A.021,Benign carcinoid tumor of the cecum 
D3A.022,Benign carcinoid tumor of the ascending colon 
D3A.023,Benign carcinoid tumor of the transverse colon 
D3A.024,Benign carcinoid tumor of the descending colon 
D3A.025,Benign carcinoid tumor of the sigmoid colon 
D3A.026,Benign carcinoid tumor of the rectum 
D3A.00,Benign carcinoid tumor of unspecified site 
D3A.090,Benign carcinoid tumor of the bronchus and lung 
D3A.091,Benign carcinoid tumor of the thymus 
D3A.092,Benign carcinoid tumor of the stomach 
D3A.093,Benign carcinoid tumor of the kidney 
D3A.094,Benign carcinoid tumor of the foregut NOS 
D3A.095,Benign carcinoid tumor of the midgut NOS 
D3A.096,Benign carcinoid tumor of the hindgut NOS 
D3A.098,Benign carcinoid tumors of other sites 
C7B.00,Secondary carcinoid tumors unspecified site 
C7B.01,Secondary carcinoid tumors of distant lymph nodes 
C7B.02,Secondary carcinoid tumors of liver 
C7B.03,Secondary carcinoid tumors of bone 
C7B.04,Secondary carcinoid tumors of peritoneum 
C7B.1,Secondary Merkel cell carcinoma 
C7B.8,Other secondary neuroendocrine tumors 
D10.0,Benign neoplasm of lip 
D10.1,Benign neoplasm of tongue 
D11.9,Benign neoplasm of major salivary gland unspecified 
D10.2,Benign neoplasm of floor of mouth 
D10.30,Benign neoplasm of unspecified part of mouth 
D10.4,Benign neoplasm of tonsil 
D10.5,Benign neoplasm of other parts of oropharynx 
D10.6,Benign neoplasm of nasopharynx 
D10.7,Benign neoplasm of hypopharynx 
D10.9,Benign neoplasm of pharynx unspecified 
D13.0,Benign neoplasm of esophagus 
D13.1,Benign neoplasm of stomach 
D13.30,Benign neoplasm of unspecified part of small intestine 
D12.6,Benign neoplasm of colon unspecified 
D12.8,Benign neoplasm of rectum 
D13.4,Benign neoplasm of liver 
D13.6,Benign neoplasm of pancreas 
D13.7,Benign neoplasm of endocrine pancreas 
D20.0,Benign neoplasm of soft tissue of retroperitoneum 
D13.9,Benign neoplasm of ill-defined sites within the digestive system 
D14.0,Benign neoplasm of middle ear nasal cavity and accessory sinuses 
D14.1,Benign neoplasm of larynx 
D14.2,Benign neoplasm of trachea 
D14.30,Benign neoplasm of unspecified bronchus and lung 
D19.0,Benign neoplasm of mesothelial tissue of pleura 
D15.2,Benign neoplasm of mediastinum 
D15.0,Benign neoplasm of thymus 
D15.1,Benign neoplasm of heart 
D15.7,Benign neoplasm of other specified intrathoracic organs 
D14.4,Benign neoplasm of respiratory system unspecified 
D16.4,Benign neoplasm of bones of skull and face 
D16.5,Benign neoplasm of lower jaw bone 
D16.6,Benign neoplasm of vertebral column 
D16.7,Benign neoplasm of ribs sternum and clavicle 
D16.00,Benign neoplasm of scapula and long bones of unspecified upper limb 
D16.10,Benign neoplasm of short bones of unspecified upper limb 
D16.8,Benign neoplasm of pelvic bones sacrum and coccyx 
D16.20,Benign neoplasm of long bones of unspecified lower limb 
D16.30,Benign neoplasm of short bones of unspecified lower limb 
D16.9,Benign neoplasm of bone and articular cartilage unspecified 
D17.0,Benign lipomatous neoplasm of skin and subcutaneous tissue of head face and neck 
D17.30,Benign lipomatous neoplasm of skin and subcutaneous tissue of unspecified sites 
D17.4,Benign lipomatous neoplasm of intrathoracic organs 
D17.5,Benign lipomatous neoplasm of intra-abdominal organs 
D17.6,Benign lipomatous neoplasm of spermatic cord 
D17.79,Benign lipomatous neoplasm of other sites 
D17.9,Benign lipomatous neoplasm unspecified 
D21.0,Benign neoplasm of connective and other soft tissue of head face and neck 
D21.10,Benign neoplasm of connective and other soft tissue of unspecified upper limb including shoulder 
D21.20,Benign neoplasm of connective and other soft tissue of unspecified lower limb including hip 
D21.3,Benign neoplasm of connective and other soft tissue of thorax 
D21.4,Benign neoplasm of connective and other soft tissue of abdomen 
D21.5,Benign neoplasm of connective and other soft tissue of pelvis 
D21.6,Benign neoplasm of connective and other soft tissue of trunk unspecified 
D21.9,Benign neoplasm of connective and other soft tissue unspecified 
D21.9,Benign neoplasm of connective and other soft tissue unspecified 
D23.0,Other benign neoplasm of skin of lip 
D23.10,Other benign neoplasm of skin of unspecified eyelid including canthus 
D23.20,Other benign neoplasm of skin of unspecified ear and external auricular canal 
D23.30,Other benign neoplasm of skin of unspecified part of face 
D23.4,Other benign neoplasm of skin of scalp and neck 
D23.5,Other benign neoplasm of skin of trunk 
D23.60,Other benign neoplasm of skin of unspecified upper limb including shoulder 
D23.70,Other benign neoplasm of skin of unspecified lower limb including hip 
D22.9,Melanocytic nevi unspecified 
D23.9,Other benign neoplasm of skin unspecified 
D24.1,Benign neoplasm of right breast 
D25.0,Submucous leiomyoma of uterus 
D25.1,Intramural leiomyoma of uterus 
D25.2,Subserosal leiomyoma of uterus 
D25.9,Leiomyoma of uterus unspecified 
D26.0,Other benign neoplasm of cervix uteri 
D26.1,Other benign neoplasm of corpus uteri 
D26.7,Other benign neoplasm of other parts of uterus 
D26.9,Other benign neoplasm of uterus unspecified 
D27.9,Benign neoplasm of unspecified ovary 
D28.2,Benign neoplasm of uterine tubes and ligaments 
D28.1,Benign neoplasm of vagina 
D28.0,Benign neoplasm of vulva 
D28.7,Benign neoplasm of other specified female genital organs 
D28.9,Benign neoplasm of female genital organ unspecified 
D29.20,Benign neoplasm of unspecified testis 
D29.0,Benign neoplasm of penis 
D29.1,Benign neoplasm of prostate 
D29.30,Benign neoplasm of unspecified epididymis 
D29.4,Benign neoplasm of scrotum 
D29.8,Benign neoplasm of other specified male genital organs 
D29.9,Benign neoplasm of male genital organ unspecified 
D30.00,Benign neoplasm of unspecified kidney 
D30.10,Benign neoplasm of unspecified renal pelvis 
D30.20,Benign neoplasm of unspecified ureter 
D30.3,Benign neoplasm of bladder 
D30.4,Benign neoplasm of urethra 
D30.8,Benign neoplasm of other specified urinary organs 
D30.9,Benign neoplasm of urinary organ unspecified 
D31.40,Benign neoplasm of unspecified ciliary body 
D31.60,Benign neoplasm of unspecified site of unspecified orbit 
D31.50,Benign neoplasm of unspecified lacrimal gland and duct 
D31.00,Benign neoplasm of unspecified conjunctiva 
D31.10,Benign neoplasm of unspecified cornea 
D31.20,Benign neoplasm of unspecified retina 
D31.30,Benign neoplasm of unspecified choroid 
D31.50,Benign neoplasm of unspecified lacrimal gland and duct 
D31.90,Benign neoplasm of unspecified part of unspecified eye 
D31.90,Benign neoplasm of unspecified part of unspecified eye 
D33.2,Benign neoplasm of brain unspecified 
D33.3,Benign neoplasm of cranial nerves 
D32.0,Benign neoplasm of cerebral meninges 
D33.4,Benign neoplasm of spinal cord 
D32.1,Benign neoplasm of spinal meninges 
D33.7,Benign neoplasm of other specified parts of central nervous system 
D33.9,Benign neoplasm of central nervous system unspecified 
D34,Benign neoplasm of thyroid gland 
D35.00,Benign neoplasm of unspecified adrenal gland 
D35.1,Benign neoplasm of parathyroid gland 
D35.2,Benign neoplasm of pituitary gland 
D35.4,Benign neoplasm of pineal gland 
D35.5,Benign neoplasm of carotid body 
D35.6,Benign neoplasm of aortic body and other paraganglia 
D35.7,Benign neoplasm of other specified endocrine glands 
D35.9,Benign neoplasm of endocrine gland unspecified 
D18.00,Hemangioma unspecified site 
D18.01,Hemangioma of skin and subcutaneous tissue 
D18.02,Hemangioma of intracranial structures 
D18.09,Hemangioma of other sites 
D18.03,Hemangioma of intra-abdominal structures 
D18.09,Hemangioma of other sites 
D18.1,Lymphangioma any site 
D36.0,Benign neoplasm of lymph nodes 
D36.7,Benign neoplasm of other specified sites 
D36.9,Benign neoplasm unspecified site 
D00.00,Carcinoma in situ of oral cavity unspecified site 
D00.1,Carcinoma in situ of esophagus 
D00.2,Carcinoma in situ of stomach 
D01.0,Carcinoma in situ of colon 
D01.2,Carcinoma in situ of rectum 
D01.3,Carcinoma in situ of anus and anal canal 
D01.3,Carcinoma in situ of anus and anal canal 
D01.40,Carcinoma in situ of unspecified part of intestine 
D01.5,Carcinoma in situ of liver gallbladder and bile ducts 
D01.7,Carcinoma in situ of other specified digestive organs 
D02.0,Carcinoma in situ of larynx 
D02.1,Carcinoma in situ of trachea 
D02.20,Carcinoma in situ of unspecified bronchus and lung 
D02.3,Carcinoma in situ of other parts of respiratory system 
D02.4,Carcinoma in situ of respiratory system unspecified 
D04.0,Carcinoma in situ of skin of lip 
D04.10,Carcinoma in situ of skin of unspecified eyelid including canthus 
D04.20,Carcinoma in situ of skin of unspecified ear and external auricular canal 
D04.30,Carcinoma in situ of skin of unspecified part of face 
D04.4,Carcinoma in situ of skin of scalp and neck 
D04.5,Carcinoma in situ of skin of trunk 
D04.60,Carcinoma in situ of skin of unspecified upper limb including shoulder 
D04.70,Carcinoma in situ of skin of unspecified lower limb including hip 
D04.8,Carcinoma in situ of skin of other sites 
D04.9,Carcinoma in situ of skin unspecified 
D05.90,Unspecified type of carcinoma in situ of unspecified breast 
D06.9,Carcinoma in situ of cervix unspecified 
D07.0,Carcinoma in situ of endometrium 
D07.30,Carcinoma in situ of unspecified female genital organs 
D07.2,Carcinoma in situ of vagina 
D07.1,Carcinoma in situ of vulva 
D07.39,Carcinoma in situ of other female genital organs 
D07.5,Carcinoma in situ of prostate 
D07.4,Carcinoma in situ of penis 
D07.60,Carcinoma in situ of unspecified male genital organs 
D09.0,Carcinoma in situ of bladder 
D09.10,Carcinoma in situ of unspecified urinary organ 
D09.20,Carcinoma in situ of unspecified eye 
D09.8,Carcinoma in situ of other specified sites 
D09.9,Carcinoma in situ unspecified 
D37.030,Neoplasm of uncertain behavior of the parotid salivary glands 
D37.01,Neoplasm of uncertain behavior of lip 
D37.1,Neoplasm of uncertain behavior of stomach 
D37.6,Neoplasm of uncertain behavior of liver gallbladder and bile ducts 
D48.3,Neoplasm of uncertain behavior of retroperitoneum 
D37.8,Neoplasm of uncertain behavior of other specified digestive organs 
D38.0,Neoplasm of uncertain behavior of larynx 
D38.1,Neoplasm of uncertain behavior of trachea bronchus and lung 
D38.2,Neoplasm of uncertain behavior of pleura 
D38.5,Neoplasm of uncertain behavior of other respiratory organs 
D39.0,Neoplasm of uncertain behavior of uterus 
D39.2,Neoplasm of uncertain behavior of placenta 
D39.10,Neoplasm of uncertain behavior of unspecified ovary 
D39.8,Neoplasm of uncertain behavior of other specified female genital organs 
D40.10,Neoplasm of uncertain behavior of unspecified testis 
D40.0,Neoplasm of uncertain behavior of prostate 
D40.8,Neoplasm of uncertain behavior of other specified male genital organs 
D41.4,Neoplasm of uncertain behavior of bladder 
D41.9,Neoplasm of uncertain behavior of unspecified urinary organ 
D41.00,Neoplasm of uncertain behavior of unspecified kidney 
D41.8,Neoplasm of uncertain behavior of other specified urinary organs 
D44.3,Neoplasm of uncertain behavior of pituitary gland 
D44.5,Neoplasm of uncertain behavior of pineal gland 
D44.10,Neoplasm of uncertain behavior of unspecified adrenal gland 
D44.7,Neoplasm of uncertain behavior of aortic body and other paraganglia 
D44.0,Neoplasm of uncertain behavior of thyroid gland 
D43.2,Neoplasm of uncertain behavior of brain unspecified 
D42.0,Neoplasm of uncertain behavior of cerebral meninges 
Q85.00,Neurofibromatosis unspecified 
Q85.01,Neurofibromatosis type 1 
Q85.02,Neurofibromatosis type 2 
Q85.03,Schwannomatosis 
Q85.09,Other neurofibromatosis 
D43.8,Neoplasm of uncertain behavior of other specified parts of central nervous system 
D48.0,Neoplasm of uncertain behavior of bone and articular cartilage 
D48.1,Neoplasm of uncertain behavior of connective and other soft tissue 
D48.5,Neoplasm of uncertain behavior of skin 
D48.60,Neoplasm of uncertain behavior of unspecified breast 
D45,Polycythemia vera 
D47.0,Histiocytic and mast cell tumors of uncertain behavior 
D47.Z9,Other specified neoplasms of uncertain behavior of lymphoid hematopoietic and related tissue 
D47.3,Essential (hemorrhagic) thrombocythemia 
D46.0,Refractory anemia without ring sideroblasts so stated 
D46.22,Refractory anemia with excess of blasts 2 
D46.C,Myelodysplastic syndrome with isolated del(5q) chromosomal abnormality 
D46.9,Myelodysplastic syndrome unspecified 
D47.1,Chronic myeloproliferative disease 
D47.Z1,Post-transplant lymphoproliferative disorder (PTLD) 
D47.Z9,Other specified neoplasms of uncertain behavior of lymphoid hematopoietic and related tissue 
D48.7,Neoplasm of uncertain behavior of other specified sites 
D48.9,Neoplasm of uncertain behavior unspecified 
D49.0,Neoplasm of unspecified behavior of digestive system 
D49.1,Neoplasm of unspecified behavior of respiratory system 
D49.2,Neoplasm of unspecified behavior of bone soft tissue and skin 
D49.3,Neoplasm of unspecified behavior of breast 
D49.4,Neoplasm of unspecified behavior of bladder 
D49.5,Neoplasm of unspecified behavior of other genitourinary organs 
D49.6,Neoplasm of unspecified behavior of brain 
D49.7,Neoplasm of unspecified behavior of endocrine glands and other parts of nervous system 
D49.81,Neoplasm of unspecified behavior of retina and choroid 
D49.89,Neoplasm of unspecified behavior of other specified sites 
D49.9,Neoplasm of unspecified behavior of unspecified site 
E04.0,Nontoxic diffuse goiter 
E01.2,Iodine-deficiency related (endemic) goiter unspecified 
E04.1,Nontoxic single thyroid nodule 
E04.2,Nontoxic multinodular goiter 
E04.9,Nontoxic goiter unspecified 
E05.00,Thyrotoxicosis with diffuse goiter without thyrotoxic crisis or storm 
E05.01,Thyrotoxicosis with diffuse goiter with thyrotoxic crisis or storm 
E05.10,Thyrotoxicosis with toxic single thyroid nodule without thyrotoxic crisis or storm 
E05.11,Thyrotoxicosis with toxic single thyroid nodule with thyrotoxic crisis or storm 
E05.20,Thyrotoxicosis with toxic multinodular goiter without thyrotoxic crisis or storm 
E05.21,Thyrotoxicosis with toxic multinodular goiter with thyrotoxic crisis or storm 
E05.20,Thyrotoxicosis with toxic multinodular goiter without thyrotoxic crisis or storm 
E05.21,Thyrotoxicosis with toxic multinodular goiter with thyrotoxic crisis or storm 
E05.30,Thyrotoxicosis from ectopic thyroid tissue without thyrotoxic crisis or storm 
E05.31,Thyrotoxicosis from ectopic thyroid tissue with thyrotoxic crisis or storm 
E05.40,Thyrotoxicosis factitia without thyrotoxic crisis or storm 
E05.41,Thyrotoxicosis factitia with thyrotoxic crisis or storm 
E05.90,Thyrotoxicosis unspecified without thyrotoxic crisis or storm 
E05.91,Thyrotoxicosis unspecified with thyrotoxic crisis or storm 
E00.9,Congenital iodine-deficiency syndrome unspecified 
E89.0,Postprocedural hypothyroidism 
E89.0,Postprocedural hypothyroidism 
E03.2,Hypothyroidism due to medicaments and other exogenous substances 
E03.2,Hypothyroidism due to medicaments and other exogenous substances 
E01.8,Other iodine-deficiency related thyroid disorders and allied conditions 
E03.9,Hypothyroidism unspecified 
E06.0,Acute thyroiditis 
E06.1,Subacute thyroiditis 
E06.3,Autoimmune thyroiditis 
E06.5,Other chronic thyroiditis 
E06.4,Drug-induced thyroiditis 
E06.5,Other chronic thyroiditis 
E06.9,Thyroiditis unspecified 
E07.0,Hypersecretion of calcitonin 
E07.1,Dyshormogenetic goiter 
E04.1,Nontoxic single thyroid nodule 
E07.89,Other specified disorders of thyroid 
E07.89,Other specified disorders of thyroid 
E07.9,Disorder of thyroid unspecified 
E08.9,Diabetes mellitus due to underlying condition without complications 
E08.65,Diabetes mellitus due to underlying condition with hyperglycemia 
E08.10,Diabetes mellitus due to underlying condition with ketoacidosis without coma 
E08.10,Diabetes mellitus due to underlying condition with ketoacidosis without coma 
E08.65,Diabetes mellitus due to underlying condition with hyperglycemia 
E08.01,Diabetes mellitus due to underlying condition with hyperosmolarity with coma 
E08.01,Diabetes mellitus due to underlying condition with hyperosmolarity with coma 
E08.65,Diabetes mellitus due to underlying condition with hyperglycemia 
E08.11,Diabetes mellitus due to underlying condition with ketoacidosis with coma 
E08.11,Diabetes mellitus due to underlying condition with ketoacidosis with coma 
E09.65,Drug or chemical induced diabetes mellitus with hyperglycemia 
E08.21,Diabetes mellitus due to underlying condition with diabetic nephropathy 
E08.21,Diabetes mellitus due to underlying condition with diabetic nephropathy 
E08.65,Diabetes mellitus due to underlying condition with hyperglycemia 
E09.311,Drug or chemical induced diabetes mellitus with unspecified diabetic retinopathy with macular edema 
E08.311,Diabetes mellitus due to underlying condition with unspecified diabetic retinopathy with macular edema 
E08.65,Diabetes mellitus due to underlying condition with hyperglycemia 
E09.40,Drug or chemical induced diabetes mellitus with neurological complications with diabetic neuropathy unspecified 
E08.40,Diabetes mellitus due to underlying condition with diabetic neuropathy unspecified 
E08.65,Diabetes mellitus due to underlying condition with hyperglycemia 
E13.59,Other specified diabetes mellitus with other circulatory complications 
E08.51,Diabetes mellitus due to underlying condition with diabetic peripheral angiopathy without gangrene 
E08.65,Diabetes mellitus due to underlying condition with hyperglycemia 
E08.620,Diabetes mellitus due to underlying condition with diabetic dermatitis 
E08.69,Diabetes mellitus due to underlying condition with other specified complication 
E08.65,Diabetes mellitus due to underlying condition with hyperglycemia 
E13.8,Other specified diabetes mellitus with unspecified complications 
E08.8,Diabetes mellitus due to underlying condition with unspecified complications 
E08.65,Diabetes mellitus due to underlying condition with hyperglycemia 
E11.9,Type 2 diabetes mellitus without complications 
E10.9,Type 1 diabetes mellitus without complications 
E11.65,Type 2 diabetes mellitus with hyperglycemia 
E10.65,Type 1 diabetes mellitus with hyperglycemia 
E11.69,Type 2 diabetes mellitus with other specified complication 
E10.10,Type 1 diabetes mellitus with ketoacidosis without coma 
E11.69,Type 2 diabetes mellitus with other specified complication 
E11.65,Type 2 diabetes mellitus with hyperglycemia 
E10.10,Type 1 diabetes mellitus with ketoacidosis without coma 
E10.65,Type 1 diabetes mellitus with hyperglycemia 
E11.00,Type 2 diabetes mellitus with hyperosmolarity without nonketotic hyperglycemic-hyperosmolar coma (NKHHC) 
E10.69,Type 1 diabetes mellitus with other specified complication 
E11.00,Type 2 diabetes mellitus with hyperosmolarity without nonketotic hyperglycemic-hyperosmolar coma (NKHHC) 
E11.65,Type 2 diabetes mellitus with hyperglycemia 
E10.69,Type 1 diabetes mellitus with other specified complication 
E10.65,Type 1 diabetes mellitus with hyperglycemia 
E11.641,Type 2 diabetes mellitus with hypoglycemia with coma 
E10.11,Type 1 diabetes mellitus with ketoacidosis with coma 
E11.01,Type 2 diabetes mellitus with hyperosmolarity with coma 
E11.65,Type 2 diabetes mellitus with hyperglycemia 
E10.11,Type 1 diabetes mellitus with ketoacidosis with coma 
E10.65,Type 1 diabetes mellitus with hyperglycemia 
E11.29,Type 2 diabetes mellitus with other diabetic kidney complication 
E10.29,Type 1 diabetes mellitus with other diabetic kidney complication 
E11.21,Type 2 diabetes mellitus with diabetic nephropathy 
E11.65,Type 2 diabetes mellitus with hyperglycemia 
E10.21,Type 1 diabetes mellitus with diabetic nephropathy 
E10.65,Type 1 diabetes mellitus with hyperglycemia 
E11.39,Type 2 diabetes mellitus with other diabetic ophthalmic complication 
E10.39,Type 1 diabetes mellitus with other diabetic ophthalmic complication 
E11.311,Type 2 diabetes mellitus with unspecified diabetic retinopathy with macular edema 
E11.65,Type 2 diabetes mellitus with hyperglycemia 
E10.311,Type 1 diabetes mellitus with unspecified diabetic retinopathy with macular edema 
E10.65,Type 1 diabetes mellitus with hyperglycemia 
E11.40,Type 2 diabetes mellitus with diabetic neuropathy unspecified 
E10.40,Type 1 diabetes mellitus with diabetic neuropathy unspecified 
E11.40,Type 2 diabetes mellitus with diabetic neuropathy unspecified 
E11.65,Type 2 diabetes mellitus with hyperglycemia 
E10.40,Type 1 diabetes mellitus with diabetic neuropathy unspecified 
E10.65,Type 1 diabetes mellitus with hyperglycemia 
E11.51,Type 2 diabetes mellitus with diabetic peripheral angiopathy without gangrene 
E10.51,Type 1 diabetes mellitus with diabetic peripheral angiopathy without gangrene 
E11.51,Type 2 diabetes mellitus with diabetic peripheral angiopathy without gangrene 
E11.65,Type 2 diabetes mellitus with hyperglycemia 
E10.51,Type 1 diabetes mellitus with diabetic peripheral angiopathy without gangrene 
E10.65,Type 1 diabetes mellitus with hyperglycemia 
E11.620,Type 2 diabetes mellitus with diabetic dermatitis 
E10.620,Type 1 diabetes mellitus with diabetic dermatitis 
E11.69,Type 2 diabetes mellitus with other specified complication 
E11.65,Type 2 diabetes mellitus with hyperglycemia 
E10.69,Type 1 diabetes mellitus with other specified complication 
E10.65,Type 1 diabetes mellitus with hyperglycemia 
E11.8,Type 2 diabetes mellitus with unspecified complications 
E10.8,Type 1 diabetes mellitus with unspecified complications 
E11.8,Type 2 diabetes mellitus with unspecified complications 
E11.65,Type 2 diabetes mellitus with hyperglycemia 
E10.8,Type 1 diabetes mellitus with unspecified complications 
E10.65,Type 1 diabetes mellitus with hyperglycemia 
E15,Nondiabetic hypoglycemic coma 
E16.1,Other hypoglycemia 
E16.2,Hypoglycemia unspecified 
E89.1,Postprocedural hypoinsulinemia 
E16.3,Increased secretion of glucagon 
E16.4,Increased secretion of gastrin 
E16.8,Other specified disorders of pancreatic internal secretion 
E16.9,Disorder of pancreatic internal secretion unspecified 
E21.3,Hyperparathyroidism unspecified 
E21.0,Primary hyperparathyroidism 
E21.1,Secondary hyperparathyroidism not elsewhere classified 
E21.2,Other hyperparathyroidism 
E20.9,Hypoparathyroidism unspecified 
E21.4,Other specified disorders of parathyroid gland 
E21.5,Disorder of parathyroid gland unspecified 
E22.0,Acromegaly and pituitary gigantism 
E22.9,Hyperfunction of pituitary gland unspecified 
E23.0,Hypopituitarism 
E23.0,Hypopituitarism 
E23.6,Other disorders of pituitary gland 
E23.2,Diabetes insipidus 
E22.2,Syndrome of inappropriate secretion of antidiuretic hormone 
E23.1,Drug-induced hypopituitarism 
E23.6,Other disorders of pituitary gland 
E23.7,Disorder of pituitary gland unspecified 
E32.0,Persistent hyperplasia of thymus 
E32.1,Abscess of thymus 
E32.8,Other diseases of thymus 
E32.9,Disease of thymus unspecified 
E24.3,Ectopic ACTH syndrome 
E26.9,Hyperaldosteronism unspecified 
E26.02,Glucocorticoid-remediable aldosteronism 
E26.01,Conn's syndrome 
E26.81,Bartter's syndrome 
E26.1,Secondary hyperaldosteronism 
E25.8,Other adrenogenital disorders 
E27.0,Other adrenocortical overactivity 
E27.2,Addisonian crisis 
E27.49,Other adrenocortical insufficiency 
E27.49,Other adrenocortical insufficiency 
E27.5,Adrenomedullary hyperfunction 
E27.8,Other specified disorders of adrenal gland 
E27.9,Disorder of adrenal gland unspecified 
E28.0,Estrogen excess 
E28.1,Androgen excess 
E89.40,Asymptomatic postprocedural ovarian failure 
E28.310,Symptomatic premature menopause 
E28.39,Other primary ovarian failure 
E28.2,Polycystic ovarian syndrome 
E28.8,Other ovarian dysfunction 
E28.9,Ovarian dysfunction unspecified 
E29.0,Testicular hyperfunction 
E89.5,Postprocedural testicular hypofunction 
E29.1,Testicular hypofunction 
E29.8,Other testicular dysfunction 
E29.9,Testicular dysfunction unspecified 
E31.21,Multiple endocrine neoplasia [MEN] type I 
E31.22,Multiple endocrine neoplasia [MEN] type IIA 
E31.23,Multiple endocrine neoplasia [MEN] type IIB 
E31.0,Autoimmune polyglandular failure 
E31.8,Other polyglandular dysfunction 
E31.9,Polyglandular dysfunction unspecified 
E30.0,Delayed puberty 
E30.1,Precocious puberty 
E34.0,Carcinoid syndrome 
E34.2,Ectopic hormone secretion not elsewhere classified 
E34.3,Short stature due to endocrine disorder 
E34.50,Androgen insensitivity syndrome unspecified 
E34.51,Complete androgen insensitivity syndrome 
E34.52,Partial androgen insensitivity syndrome 
E34.8,Other specified endocrine disorders 
E34.9,Endocrine disorder unspecified 
E40,Kwashiorkor 
E41,Nutritional marasmus 
E43,Unspecified severe protein-calorie malnutrition 
E44.0,Moderate protein-calorie malnutrition 
E44.1,Mild protein-calorie malnutrition 
E45,Retarded development following protein-calorie malnutrition 
E46,Unspecified protein-calorie malnutrition 
E46,Unspecified protein-calorie malnutrition 
E50.0,Vitamin A deficiency with conjunctival xerosis 
E50.1,Vitamin A deficiency with Bitot's spot and conjunctival xerosis 
E50.2,Vitamin A deficiency with corneal xerosis 
E50.3,Vitamin A deficiency with corneal ulceration and xerosis 
E50.4,Vitamin A deficiency with keratomalacia 
E50.5,Vitamin A deficiency with night blindness 
E50.6,Vitamin A deficiency with xerophthalmic scars of cornea 
E50.7,Other ocular manifestations of vitamin A deficiency 
E50.8,Other manifestations of vitamin A deficiency 
E50.9,Vitamin A deficiency unspecified 
E51.11,Dry beriberi 
E51.8,Other manifestations of thiamine deficiency 
E52,Niacin deficiency [pellagra] 
E53.0,Riboflavin deficiency 
E53.1,Pyridoxine deficiency 
E53.8,Deficiency of other specified B group vitamins 
E53.9,Vitamin B deficiency unspecified 
E54,Ascorbic acid deficiency 
E55.0,Rickets active 
E64.3,Sequelae of rickets 
M83.9,Adult osteomalacia unspecified 
E55.9,Vitamin D deficiency unspecified 
E56.1,Deficiency of vitamin K 
E56.8,Deficiency of other vitamins 
E56.9,Vitamin deficiency unspecified 
E61.4,Chromium deficiency 
E63.8,Other specified nutritional deficiencies 
E63.9,Nutritional deficiency unspecified 
E72.00,Disorders of amino-acid transport unspecified 
E70.0,Classical phenylketonuria 
E70.21,Tyrosinemia 
E71.0,Maple-syrup-urine disease 
E72.10,Disorders of sulfur-bearing amino-acid metabolism unspecified 
E70.40,Disorders of histidine metabolism unspecified 
E72.20,Disorder of urea cycle metabolism unspecified 
E72.8,Other specified disorders of amino-acid metabolism 
E72.03,Lowe's syndrome 
E72.9,Disorder of amino-acid metabolism unspecified 
E74.00,Glycogen storage disease unspecified 
E74.21,Galactosemia 
E74.12,Hereditary fructose intolerance 
E74.39,Other disorders of intestinal carbohydrate absorption 
E74.8,Other specified disorders of carbohydrate metabolism 
E74.4,Disorders of pyruvate metabolism and gluconeogenesis 
E74.9,Disorder of carbohydrate metabolism unspecified 
E78.0,Pure hypercholesterolemia 
E78.1,Pure hyperglyceridemia 
E78.2,Mixed hyperlipidemia 
E78.3,Hyperchylomicronemia 
E78.5,Hyperlipidemia unspecified 
E78.6,Lipoprotein deficiency 
E88.1,Lipodystrophy not elsewhere classified 
E75.21,Fabry (-Anderson) disease 
E78.89,Other lipoprotein metabolism disorders 
E78.9,Disorder of lipoprotein metabolism unspecified 
D89.0,Polyclonal hypergammaglobulinemia 
D47.2,Monoclonal gammopathy 
D89.1,Cryoglobulinemia 
C88.0,Waldenstrom macroglobulinemia 
E88.01,Alpha-1-antitrypsin deficiency 
E88.09,Other disorders of plasma-protein metabolism not elsewhere classified 
E88.09,Other disorders of plasma-protein metabolism not elsewhere classified 
M10.00,Idiopathic gout unspecified site 
M10.00,Idiopathic gout unspecified site 
M1A.9xx0,Chronic gout unspecified without tophus (tophi) 
M1A.00x1,Idiopathic chronic gout unspecified site with tophus (tophi) 
M10.30,Gout due to renal impairment unspecified site 
N20.0,Calculus of kidney 
M10.30,Gout due to renal impairment unspecified site 
M10.9,Gout unspecified 
M10.9,Gout unspecified 
M10.40,Other secondary gout unspecified site 
M10.9,Gout unspecified 
E83.110,Hereditary hemochromatosis 
E83.111,Hemochromatosis due to repeated red blood cell transfusions 
E83.118,Other hemochromatosis 
E83.10,Disorder of iron metabolism unspecified 
E83.00,Disorder of copper metabolism unspecified 
E83.40,Disorders of magnesium metabolism unspecified 
E83.30,Disorder of phosphorus metabolism unspecified 
E83.50,Unspecified disorder of calcium metabolism 
E83.51,Hypocalcemia 
E83.52,Hypercalcemia 
E83.59,Other disorders of calcium metabolism 
E83.81,Hungry bone syndrome 
E83.89,Other disorders of mineral metabolism 
E83.9,Disorder of mineral metabolism unspecified 
E87.0,Hyperosmolality and hypernatremia 
E87.1,Hypo-osmolality and hyponatremia 
E87.2,Acidosis 
E87.3,Alkalosis 
E87.4,Mixed disorder of acid-base balance 
E86.9,Volume depletion unspecified 
E86.0,Dehydration 
E86.1,Hypovolemia 
E87.71,Transfusion associated circulatory overload 
E87.70,Fluid overload unspecified 
E87.5,Hyperkalemia 
E87.6,Hypokalemia 
E87.8,Other disorders of electrolyte and fluid balance not elsewhere classified 
E84.9,Cystic fibrosis unspecified 
E84.11,Meconium ileus in cystic fibrosis 
E84.0,Cystic fibrosis with pulmonary manifestations 
E84.19,Cystic fibrosis with other intestinal manifestations 
E84.8,Cystic fibrosis with other manifestations 
E80.0,Hereditary erythropoietic porphyria 
E79.8,Other disorders of purine and pyrimidine metabolism 
E85.9,Amyloidosis unspecified 
E85.0,Non-neuropathic heredofamilial amyloidosis 
E85.8,Other amyloidosis 
E80.4,Gilbert syndrome 
E76.01,Hurler's syndrome 
D84.1,Defects in the complement system 
E88.81,Metabolic syndrome 
E71.41,Primary carnitine deficiency 
E71.42,Carnitine deficiency due to inborn errors of metabolism 
E71.43,Iatrogenic carnitine deficiency 
E71.448,Other secondary carnitine deficiency 
E71.318,Other disorders of fatty-acid oxidation 
E71.50,Peroxisomal disorder unspecified 
E88.40,Mitochondrial metabolism disorder unspecified 
E88.3,Tumor lysis syndrome 
E88.89,Other specified metabolic disorders 
E88.9,Metabolic disorder unspecified 
E66.9,Obesity unspecified 
E66.01,Morbid (severe) obesity due to excess calories 
E66.3,Overweight 
E66.2,Morbid (severe) obesity with alveolar hypoventilation 
E65,Localized adiposity 
E67.0,Hypervitaminosis A 
E67.1,Hypercarotinemia 
E67.3,Hypervitaminosis D 
E67.8,Other specified hyperalimentation 
D80.1,Nonfamilial hypogammaglobulinemia 
D80.2,Selective deficiency of immunoglobulin A [IgA] 
D80.4,Selective deficiency of immunoglobulin M [IgM] 
D80.3,Selective deficiency of immunoglobulin G [IgG] subclasses 
D80.0,Hereditary hypogammaglobulinemia 
D80.5,Immunodeficiency with increased immunoglobulin M [IgM] 
D83.8,Other common variable immunodeficiencies 
D80.7,Transient hypogammaglobulinemia of infancy 
D83.1,Common variable immunodeficiency with predominant immunoregulatory T-cell disorders 
D82.1,Di George's syndrome 
D82.0,Wiskott-Aldrich syndrome 
D81.4,Nezelof's syndrome 
D80.8,Other immunodeficiencies with predominantly antibody defects 
D81.89,Other combined immunodeficiencies 
D84.9,Immunodeficiency unspecified 
D89.82,Autoimmune lymphoproliferative syndrome [ALPS] 
D89.89,Other specified disorders involving the immune mechanism not elsewhere classified 
D89.813,Graft-versus-host disease unspecified 
D89.810,Acute graft-versus-host disease 
D89.811,Chronic graft-versus-host disease 
D89.812,Acute on chronic graft-versus-host disease 
D84.1,Defects in the complement system 
D89.9,Disorder involving the immune mechanism unspecified 
D50.0,Iron deficiency anemia secondary to blood loss (chronic) 
D50.8,Other iron deficiency anemias 
D50.1,Sideropenic dysphagia 
D50.9,Iron deficiency anemia unspecified 
D51.0,Vitamin B12 deficiency anemia due to intrinsic factor deficiency 
D51.3,Other dietary vitamin B12 deficiency anemia 
D52.0,Dietary folate deficiency anemia 
D53.1,Other megaloblastic anemias not elsewhere classified 
D53.0,Protein deficiency anemia 
D53.2,Scorbutic anemia 
D53.9,Nutritional anemia unspecified 
D58.0,Hereditary spherocytosis 
D58.1,Hereditary elliptocytosis 
D55.0,Anemia due to glucose-6-phosphate dehydrogenase [G6PD] deficiency 
D55.8,Other anemias due to enzyme disorders 
D56.9,Thalassemia unspecified 
D57.40,Sickle-cell thalassemia without crisis 
D57.419,Sickle-cell thalassemia with crisis unspecified 
D56.0,Alpha thalassemia 
D56.1,Beta thalassemia 
D56.2,Delta-beta thalassemia 
D56.3,Thalassemia minor 
D56.5,Hemoglobin E-beta thalassemia 
D56.8,Other thalassemias 
D57.3,Sickle-cell trait 
D57.1,Sickle-cell disease without crisis 
D57.1,Sickle-cell disease without crisis 
D57.00,Hb-SS disease with crisis unspecified 
D57.20,Sickle-cell/Hb-C disease without crisis 
D57.219,Sickle-cell/Hb-C disease with crisis unspecified 
D57.80,Other sickle-cell disorders without crisis 
D57.819,Other sickle-cell disorders with crisis unspecified 
D58.2,Other hemoglobinopathies 
D58.8,Other specified hereditary hemolytic anemias 
D58.9,Hereditary hemolytic anemia unspecified 
D59.0,Drug-induced autoimmune hemolytic anemia 
D59.4,Other nonautoimmune hemolytic anemias 
D59.3,Hemolytic-uremic syndrome 
D59.4,Other nonautoimmune hemolytic anemias 
D59.5,Paroxysmal nocturnal hemoglobinuria [Marchiafava-Micheli] 
D59.9,Acquired hemolytic anemia unspecified 
D61.01,Constitutional (pure) red blood cell aplasia 
D61.09,Other constitutional aplastic anemia 
D61.810,Antineoplastic chemotherapy induced pancytopenia 
D61.811,Other drug-induced pancytopenia 
D61.818,Other pancytopenia 
D61.82,Myelophthisis 
D60.8,Other acquired pure red cell aplasias 
D61.1,Drug-induced aplastic anemia 
D61.9,Aplastic anemia unspecified 
D64.0,Hereditary sideroblastic anemia 
D62,Acute posthemorrhagic anemia 
D63.1,Anemia in chronic kidney disease 
D63.0,Anemia in neoplastic disease 
D63.8,Anemia in other chronic diseases classified elsewhere 
D64.81,Anemia due to antineoplastic chemotherapy 
D64.4,Congenital dyserythropoietic anemia 
D64.9,Anemia unspecified 
D66,Hereditary factor VIII deficiency 
D67,Hereditary factor IX deficiency 
D68.1,Hereditary factor XI deficiency 
D68.2,Hereditary deficiency of other clotting factors 
D68.0,Von Willebrand's disease 
D68.311,Acquired hemophilia 
D68.312,Antiphospholipid antibody with hemorrhagic disorder 
D68.318,Other hemorrhagic disorder due to intrinsic circulating anticoagulants antibodies or inhibitors 
D65,Disseminated intravascular coagulation [defibrination syndrome] 
D68.4,Acquired coagulation factor deficiency 
D68.8,Other specified coagulation defects 
D69.0,Allergic purpura 
D69.1,Qualitative platelet defects 
D69.2,Other nonthrombocytopenic purpura 
D69.49,Other primary thrombocytopenia 
D69.3,Immune thrombocytopenic purpura 
D69.41,Evans syndrome 
D69.42,Congenital and hereditary thrombocytopenia purpura 
D69.49,Other primary thrombocytopenia 
D69.51,Posttransfusion purpura 
D69.59,Other secondary thrombocytopenia 
D69.6,Thrombocytopenia unspecified 
D69.8,Other specified hemorrhagic conditions 
D69.9,Hemorrhagic condition unspecified 
D70.9,Neutropenia unspecified 
D70.0,Congenital agranulocytosis 
D70.4,Cyclic neutropenia 
D70.1,Agranulocytosis secondary to cancer chemotherapy 
D70.3,Neutropenia due to infection 
D70.8,Other neutropenia 
D71,Functional disorders of polymorphonuclear neutrophils 
D72.0,Genetic anomalies of leukocytes 
D72.1,Eosinophilia 
D76.1,Hemophagocytic lymphohistiocytosis 
D72.819,Decreased white blood cell count unspecified 
D72.810,Lymphocytopenia 
D72.818,Other decreased white blood cell count 
D72.829,Elevated white blood cell count unspecified 
D72.820,Lymphocytosis (symptomatic) 
D72.823,Leukemoid reaction 
D72.821,Monocytosis (symptomatic) 
D72.822,Plasmacytosis 
D72.824,Basophilia 
D72.825,Bandemia 
D72.828,Other elevated white blood cell count 
D72.89,Other specified disorders of white blood cells 
D72.9,Disorder of white blood cells unspecified 
D75.1,Secondary polycythemia 
I88.1,Chronic lymphadenitis except mesenteric 
I88.0,Nonspecific mesenteric lymphadenitis 
I88.9,Nonspecific lymphadenitis unspecified 
D73.1,Hypersplenism 
D73.9,Disease of spleen unspecified 
D73.2,Chronic congestive splenomegaly 
D57.212,Sickle-cell/Hb-C disease with splenic sequestration 
D73.81,Neutropenic splenomegaly 
D73.3,Abscess of spleen 
D75.0,Familial erythrocytosis 
D74.8,Other methemoglobinemias 
D68.51,Activated protein C resistance 
D68.69,Other thrombophilia 
D75.81,Myelofibrosis 
D75.82,Heparin induced thrombocytopenia (HIT) 
D75.89,Other specified diseases of blood and blood-forming organs 
D75.9,Disease of blood and blood-forming organs unspecified 
F03.90,Unspecified dementia without behavioral disturbance 
F03.90,Unspecified dementia without behavioral disturbance 
F03.90,Unspecified dementia without behavioral disturbance 
F03.90,Unspecified dementia without behavioral disturbance 
F05,Delirium due to known physiological condition 
F03.90,Unspecified dementia without behavioral disturbance 
F03.90,Unspecified dementia without behavioral disturbance 
F05,Delirium due to known physiological condition 
F03.90,Unspecified dementia without behavioral disturbance 
F03.90,Unspecified dementia without behavioral disturbance 
F05,Delirium due to known physiological condition 
F01.50,Vascular dementia without behavioral disturbance 
F01.51,Vascular dementia with behavioral disturbance 
F01.51,Vascular dementia with behavioral disturbance 
F01.51,Vascular dementia with behavioral disturbance 
F03.90,Unspecified dementia without behavioral disturbance 
F03.90,Unspecified dementia without behavioral disturbance 
F10.231,Alcohol dependence with withdrawal delirium 
F10.96,Alcohol use unspecified with alcohol-induced persisting amnestic disorder 
F10.27,Alcohol dependence with alcohol-induced persisting dementia 
F10.951,Alcohol use unspecified with alcohol-induced psychotic disorder with hallucinations 
F10.929,Alcohol use unspecified with intoxication unspecified 
F10.950,Alcohol use unspecified with alcohol-induced psychotic disorder with delusions 
F10.239,Alcohol dependence with withdrawal unspecified 
F10.982,Alcohol use unspecified with alcohol-induced sleep disorder 
F10.159,Alcohol abuse with alcohol-induced psychotic disorder unspecified 
F10.99,Alcohol use unspecified with unspecified alcohol-induced disorder 
F19.939,Other psychoactive substance use unspecified with withdrawal unspecified 
F19.950,Other psychoactive substance use unspecified with psychoactive substance-induced psychotic disorder with delusions 
F19.951,Other psychoactive substance use unspecified with psychoactive substance-induced psychotic disorder with hallucinations 
F15.920,Other stimulant use unspecified with intoxication uncomplicated 
F19.921,Other psychoactive substance use unspecified with intoxication with delirium 
F19.97,Other psychoactive substance use unspecified with psychoactive substance-induced persisting dementia 
F19.96,Other psychoactive substance use unspecified with psychoactive substance-induced persisting amnestic disorder 
F19.94,Other psychoactive substance use unspecified with psychoactive substance-induced mood disorder 
F11.182,Opioid abuse with opioid-induced sleep disorder 
F11.159,Opioid abuse with opioid-induced psychotic disorder unspecified 
F19.99,Other psychoactive substance use unspecified with unspecified psychoactive substance-induced disorder 
F05,Delirium due to known physiological condition 
F05,Delirium due to known physiological condition 
F06.2,Psychotic disorder with delusions due to known physiological condition 
F06.0,Psychotic disorder with hallucinations due to known physiological condition 
F06.30,Mood disorder due to known physiological condition unspecified 
F06.4,Anxiety disorder due to known physiological condition 
F06.1,Catatonic disorder due to known physiological condition 
F06.8,Other specified mental disorders due to known physiological condition 
F04,Amnestic disorder due to known physiological condition 
F02.80,Dementia in other diseases classified elsewhere without behavioral disturbance 
F02.81,Dementia in other diseases classified elsewhere with behavioral disturbance 
F03.90,Unspecified dementia without behavioral disturbance 
F03.91,Unspecified dementia with behavioral disturbance 
F06.8,Other specified mental disorders due to known physiological condition 
F06.8,Other specified mental disorders due to known physiological condition 
F20.89,Other schizophrenia 
F20.89,Other schizophrenia 
F20.89,Other schizophrenia 
F20.89,Other schizophrenia 
F20.89,Other schizophrenia 
F20.89,Other schizophrenia 
F20.1,Disorganized schizophrenia 
F20.1,Disorganized schizophrenia 
F20.1,Disorganized schizophrenia 
F20.1,Disorganized schizophrenia 
F20.1,Disorganized schizophrenia 
F20.1,Disorganized schizophrenia 
F20.2,Catatonic schizophrenia 
F20.2,Catatonic schizophrenia 
F20.2,Catatonic schizophrenia 
F20.2,Catatonic schizophrenia 
F20.2,Catatonic schizophrenia 
F20.2,Catatonic schizophrenia 
F20.0,Paranoid schizophrenia 
F20.0,Paranoid schizophrenia 
F20.0,Paranoid schizophrenia 
F20.0,Paranoid schizophrenia 
F20.0,Paranoid schizophrenia 
F20.0,Paranoid schizophrenia 
F20.81,Schizophreniform disorder 
F20.81,Schizophreniform disorder 
F20.81,Schizophreniform disorder 
F20.81,Schizophreniform disorder 
F20.81,Schizophreniform disorder 
F20.81,Schizophreniform disorder 
F20.89,Other schizophrenia 
F20.89,Other schizophrenia 
F20.89,Other schizophrenia 
F20.89,Other schizophrenia 
F20.89,Other schizophrenia 
F20.89,Other schizophrenia 
F20.5,Residual schizophrenia 
F20.5,Residual schizophrenia 
F20.5,Residual schizophrenia 
F20.5,Residual schizophrenia 
F20.5,Residual schizophrenia 
F20.5,Residual schizophrenia 
F25.9,Schizoaffective disorder unspecified 
F25.9,Schizoaffective disorder unspecified 
F25.9,Schizoaffective disorder unspecified 
F25.9,Schizoaffective disorder unspecified 
F25.9,Schizoaffective disorder unspecified 
F25.9,Schizoaffective disorder unspecified 
F20.89,Other schizophrenia 
F20.89,Other schizophrenia 
F20.89,Other schizophrenia 
F20.89,Other schizophrenia 
F20.89,Other schizophrenia 
F20.89,Other schizophrenia 
F20.9,Schizophrenia unspecified 
F20.9,Schizophrenia unspecified 
F20.9,Schizophrenia unspecified 
F20.9,Schizophrenia unspecified 
F20.9,Schizophrenia unspecified 
F20.9,Schizophrenia unspecified 
F30.10,Manic episode without psychotic symptoms unspecified 
F30.11,Manic episode without psychotic symptoms mild 
F30.12,Manic episode without psychotic symptoms moderate 
F30.13,Manic episode severe without psychotic symptoms 
F30.2,Manic episode severe with psychotic symptoms 
F30.3,Manic episode in partial remission 
F30.4,Manic episode in full remission 
F30.10,Manic episode without psychotic symptoms unspecified 
F30.11,Manic episode without psychotic symptoms mild 
F30.12,Manic episode without psychotic symptoms moderate 
F30.13,Manic episode severe without psychotic symptoms 
F30.2,Manic episode severe with psychotic symptoms 
F30.3,Manic episode in partial remission 
F30.4,Manic episode in full remission 
F32.9,Major depressive disorder single episode unspecified 
F32.0,Major depressive disorder single episode mild 
F32.1,Major depressive disorder single episode moderate 
F32.2,Major depressive disorder single episode severe without psychotic features 
F32.3,Major depressive disorder single episode severe with psychotic features 
F32.4,Major depressive disorder single episode in partial remission 
F32.5,Major depressive disorder single episode in full remission 
F33.9,Major depressive disorder recurrent unspecified 
F33.0,Major depressive disorder recurrent mild 
F33.1,Major depressive disorder recurrent moderate 
F33.2,Major depressive disorder recurrent severe without psychotic features 
F33.3,Major depressive disorder recurrent severe with psychotic symptoms 
F33.41,Major depressive disorder recurrent in partial remission 
F33.42,Major depressive disorder recurrent in full remission 
F31.10,Bipolar disorder current episode manic without psychotic features unspecified 
F31.11,Bipolar disorder current episode manic without psychotic features mild 
F31.12,Bipolar disorder current episode manic without psychotic features moderate 
F31.13,Bipolar disorder current episode manic without psychotic features severe 
F31.2,Bipolar disorder current episode manic severe with psychotic features 
F31.73,Bipolar disorder in partial remission most recent episode manic 
F31.74,Bipolar disorder in full remission most recent episode manic 
F31.30,Bipolar disorder current episode depressed mild or moderate severity unspecified 
F31.31,Bipolar disorder current episode depressed mild 
F31.32,Bipolar disorder current episode depressed moderate 
F31.4,Bipolar disorder current episode depressed severe without psychotic features 
F31.5,Bipolar disorder current episode depressed severe with psychotic features 
F31.75,Bipolar disorder in partial remission most recent episode depressed 
F31.76,Bipolar disorder in full remission most recent episode depressed 
F31.60,Bipolar disorder current episode mixed unspecified 
F31.61,Bipolar disorder current episode mixed mild 
F31.62,Bipolar disorder current episode mixed moderate 
F31.63,Bipolar disorder current episode mixed severe without psychotic features 
F31.64,Bipolar disorder current episode mixed severe with psychotic features 
F31.77,Bipolar disorder in partial remission most recent episode mixed 
F31.78,Bipolar disorder in full remission most recent episode mixed 
F31.9,Bipolar disorder unspecified 
F31.9,Bipolar disorder unspecified 
F30.8,Other manic episodes 
F32.8,Other depressive episodes 
F31.81,Bipolar II disorder 
F39,Unspecified mood [affective] disorder 
F34.8,Other persistent mood [affective] disorders 
F22,Delusional disorders 
F22,Delusional disorders 
F22,Delusional disorders 
F24,Shared psychotic disorder 
F22,Delusional disorders 
F23,Brief psychotic disorder 
F32.3,Major depressive disorder single episode severe with psychotic features 
F28,Other psychotic disorder not due to a substance or known physiological condition 
F44.89,Other dissociative and conversion disorders 
F23,Brief psychotic disorder 
F23,Brief psychotic disorder 
F23,Brief psychotic disorder 
F29,Unspecified psychosis not due to a substance or known physiological condition 
F84.0,Autistic disorder 
F84.0,Autistic disorder 
F84.3,Other childhood disintegrative disorder 
F84.3,Other childhood disintegrative disorder 
F84.8,Other pervasive developmental disorders 
F84.8,Other pervasive developmental disorders 
F84.9,Pervasive developmental disorder unspecified 
F84.9,Pervasive developmental disorder unspecified 
F41.9,Anxiety disorder unspecified 
F41.0,Panic disorder [episodic paroxysmal anxiety] without agoraphobia 
F41.1,Generalized anxiety disorder 
F41.8,Other specified anxiety disorders 
F44.9,Dissociative and conversion disorder unspecified 
F44.4,Conversion disorder with motor symptom or deficit 
F44.0,Dissociative amnesia 
F44.1,Dissociative fugue 
F44.81,Dissociative identity disorder 
F44.9,Dissociative and conversion disorder unspecified 
F68.11,Factitious disorder with predominantly psychological signs and symptoms 
F68.8,Other specified disorders of adult personality and behavior 
F40.9,Phobic anxiety disorder unspecified 
F40.01,Agoraphobia with panic disorder 
F40.02,Agoraphobia without panic disorder 
F40.10,Social phobia unspecified 
F40.218,Other animal type phobia 
F42,Obsessive-compulsive disorder 
F34.1,Dysthymic disorder 
F48.8,Other specified nonpsychotic mental disorders 
F48.1,Depersonalization-derealization syndrome 
F45.21,Hypochondriasis 
F45.0,Somatization disorder 
F45.1,Undifferentiated somatoform disorder 
F45.8,Other somatoform disorders 
F48.9,Nonpsychotic mental disorder unspecified 
F60.0,Paranoid personality disorder 
F34.0,Cyclothymic disorder 
F60.89,Other specific personality disorders 
F34.1,Dysthymic disorder 
F34.0,Cyclothymic disorder 
F60.1,Schizoid personality disorder 
F60.1,Schizoid personality disorder 
F21,Schizotypal disorder 
F60.3,Borderline personality disorder 
F60.5,Obsessive-compulsive personality disorder 
F60.4,Histrionic personality disorder 
F68.12,Factitious disorder with predominantly physical signs and symptoms 
F60.4,Histrionic personality disorder 
F60.7,Dependent personality disorder 
F60.2,Antisocial personality disorder 
F60.81,Narcissistic personality disorder 
F60.6,Avoidant personality disorder 
F60.3,Borderline personality disorder 
F60.89,Other specific personality disorders 
F60.89,Other specific personality disorders 
F60.9,Personality disorder unspecified 
F66,Other sexual disorders 
F65.89,Other paraphilias 
F65.4,Pedophilia 
F65.1,Transvestic fetishism 
F65.2,Exhibitionism 
F64.1,Gender identity disorder in adolescence and adulthood 
F64.1,Gender identity disorder in adolescence and adulthood 
F64.1,Gender identity disorder in adolescence and adulthood 
F64.1,Gender identity disorder in adolescence and adulthood 
F64.2,Gender identity disorder of childhood 
R37,Sexual dysfunction unspecified 
F52.0,Hypoactive sexual desire disorder 
F52.21,Male erectile disorder 
F52.31,Female orgasmic disorder 
F52.32,Male orgasmic disorder 
F52.4,Premature ejaculation 
F52.6,Dyspareunia not due to a substance or known physiological condition 
F52.1,Sexual aversion disorder 
F65.0,Fetishism 
F65.3,Voyeurism 
F65.51,Sexual masochism 
F65.52,Sexual sadism 
F64.1,Gender identity disorder in adolescence and adulthood 
F65.81,Frotteurism 
F65.9,Paraphilia unspecified 
F10.229,Alcohol dependence with intoxication unspecified 
F10.229,Alcohol dependence with intoxication unspecified 
F10.229,Alcohol dependence with intoxication unspecified 
F10.229,Alcohol dependence with intoxication unspecified 
F10.20,Alcohol dependence uncomplicated 
F10.20,Alcohol dependence uncomplicated 
F10.20,Alcohol dependence uncomplicated 
F10.21,Alcohol dependence in remission 
F11.20,Opioid dependence uncomplicated 
F11.20,Opioid dependence uncomplicated 
F11.20,Opioid dependence uncomplicated 
F11.21,Opioid dependence in remission 
F13.20,Sedative hypnotic or anxiolytic dependence uncomplicated 
F13.20,Sedative hypnotic or anxiolytic dependence uncomplicated 
F13.20,Sedative hypnotic or anxiolytic dependence uncomplicated 
F13.21,Sedative hypnotic or anxiolytic dependence in remission 
F14.20,Cocaine dependence uncomplicated 
F14.20,Cocaine dependence uncomplicated 
F14.20,Cocaine dependence uncomplicated 
F14.21,Cocaine dependence in remission 
F12.20,Cannabis dependence uncomplicated 
F12.20,Cannabis dependence uncomplicated 
F12.20,Cannabis dependence uncomplicated 
F12.21,Cannabis dependence in remission 
F15.20,Other stimulant dependence uncomplicated 
F15.20,Other stimulant dependence uncomplicated 
F15.20,Other stimulant dependence uncomplicated 
F15.21,Other stimulant dependence in remission 
F16.20,Hallucinogen dependence uncomplicated 
F16.20,Hallucinogen dependence uncomplicated 
F16.20,Hallucinogen dependence uncomplicated 
F16.21,Hallucinogen dependence in remission 
F19.20,Other psychoactive substance dependence uncomplicated 
F19.20,Other psychoactive substance dependence uncomplicated 
F19.20,Other psychoactive substance dependence uncomplicated 
F19.21,Other psychoactive substance dependence in remission 
F19.20,Other psychoactive substance dependence uncomplicated 
F19.20,Other psychoactive substance dependence uncomplicated 
F19.20,Other psychoactive substance dependence uncomplicated 
F19.21,Other psychoactive substance dependence in remission 
F19.20,Other psychoactive substance dependence uncomplicated 
F19.20,Other psychoactive substance dependence uncomplicated 
F19.20,Other psychoactive substance dependence uncomplicated 
F19.21,Other psychoactive substance dependence in remission 
F19.20,Other psychoactive substance dependence uncomplicated 
F19.20,Other psychoactive substance dependence uncomplicated 
F19.20,Other psychoactive substance dependence uncomplicated 
F19.21,Other psychoactive substance dependence in remission 
F10.10,Alcohol abuse uncomplicated 
F10.10,Alcohol abuse uncomplicated 
F10.10,Alcohol abuse uncomplicated 
F10.10,Alcohol abuse uncomplicated 
F17.200,Nicotine dependence unspecified uncomplicated 
F12.10,Cannabis abuse uncomplicated 
F12.10,Cannabis abuse uncomplicated 
F12.10,Cannabis abuse uncomplicated 
F12.10,Cannabis abuse uncomplicated 
F16.10,Hallucinogen abuse uncomplicated 
F16.10,Hallucinogen abuse uncomplicated 
F16.10,Hallucinogen abuse uncomplicated 
F16.10,Hallucinogen abuse uncomplicated 
F13.10,Sedative hypnotic or anxiolytic abuse uncomplicated 
F13.10,Sedative hypnotic or anxiolytic abuse uncomplicated 
F13.10,Sedative hypnotic or anxiolytic abuse uncomplicated 
F13.10,Sedative hypnotic or anxiolytic abuse uncomplicated 
F11.10,Opioid abuse uncomplicated 
F11.10,Opioid abuse uncomplicated 
F11.10,Opioid abuse uncomplicated 
F11.10,Opioid abuse uncomplicated 
F14.10,Cocaine abuse uncomplicated 
F14.10,Cocaine abuse uncomplicated 
F14.10,Cocaine abuse uncomplicated 
F14.10,Cocaine abuse uncomplicated 
F15.10,Other stimulant abuse uncomplicated 
F15.10,Other stimulant abuse uncomplicated 
F15.10,Other stimulant abuse uncomplicated 
F15.10,Other stimulant abuse uncomplicated 
F19.10,Other psychoactive substance abuse uncomplicated 
F19.10,Other psychoactive substance abuse uncomplicated 
F19.10,Other psychoactive substance abuse uncomplicated 
F19.10,Other psychoactive substance abuse uncomplicated 
F18.10,Inhalant abuse uncomplicated 
F18.10,Inhalant abuse uncomplicated 
F18.10,Inhalant abuse uncomplicated 
F18.10,Inhalant abuse uncomplicated 
F45.8,Other somatoform disorders 
F45.8,Other somatoform disorders 
F45.8,Other somatoform disorders 
F45.8,Other somatoform disorders 
F45.8,Other somatoform disorders 
F45.8,Other somatoform disorders 
F52.5,Vaginismus not due to a substance or known physiological condition 
F45.8,Other somatoform disorders 
F45.8,Other somatoform disorders 
F45.8,Other somatoform disorders 
F45.8,Other somatoform disorders 
F45.8,Other somatoform disorders 
F45.8,Other somatoform disorders 
F45.9,Somatoform disorder unspecified 
F98.5,Adult onset fluency disorder 
F50.00,Anorexia nervosa unspecified 
F95.9,Tic disorder unspecified 
F95.0,Transient tic disorder 
F95.1,Chronic motor or vocal tic disorder 
F95.2,Tourette's disorder 
F98.4,Stereotyped movement disorders 
F51.9,Sleep disorder not due to a substance or known physiological condition unspecified 
F51.02,Adjustment insomnia 
F51.01,Primary insomnia 
F51.19,Other hypersomnia not due to a substance or known physiological condition 
F51.11,Primary hypersomnia 
F51.8,Other sleep disorders not due to a substance or known physiological condition 
F51.3,Sleepwalking [somnambulism] 
F51.8,Other sleep disorders not due to a substance or known physiological condition 
F51.8,Other sleep disorders not due to a substance or known physiological condition 
F51.8,Other sleep disorders not due to a substance or known physiological condition 
F50.9,Eating disorder unspecified 
F50.2,Bulimia nervosa 
F98.3,Pica of infancy and childhood 
F98.21,Rumination disorder of infancy 
F50.8,Other eating disorders 
F50.8,Other eating disorders 
F98.0,Enuresis not due to a substance or known physiological condition 
F98.1,Encopresis not due to a substance or known physiological condition 
F45.41,Pain disorder exclusively related to psychological factors 
G44.209,Tension-type headache unspecified not intractable 
F45.42,Pain disorder with related psychological factors 
F63.3,Trichotillomania 
F43.0,Acute stress reaction 
F43.0,Acute stress reaction 
F43.0,Acute stress reaction 
F43.0,Acute stress reaction 
F43.0,Acute stress reaction 
F43.0,Acute stress reaction 
F43.21,Adjustment disorder with depressed mood 
F43.21,Adjustment disorder with depressed mood 
F93.0,Separation anxiety disorder of childhood 
F94.8,Other childhood disorders of social functioning 
F94.8,Other childhood disorders of social functioning 
F43.22,Adjustment disorder with anxiety 
F43.23,Adjustment disorder with mixed anxiety and depressed mood 
F43.29,Adjustment disorder with other symptoms 
F43.24,Adjustment disorder with disturbance of conduct 
F43.25,Adjustment disorder with mixed disturbance of emotions and conduct 
F43.10,Post-traumatic stress disorder unspecified 
F43.8,Other reactions to severe stress 
F43.8,Other reactions to severe stress 
F43.8,Other reactions to severe stress 
F43.20,Adjustment disorder unspecified 
F07.0,Personality change due to known physiological condition 
F07.0,Personality change due to known physiological condition 
F07.81,Postconcussional syndrome 
F48.2,Pseudobulbar affect 
F07.89,Other personality and behavioral disorders due to known physiological condition 
F09,Unspecified mental disorder due to known physiological condition 
F32.9,Major depressive disorder single episode unspecified 
F91.1,Conduct disorder childhood-onset type 
F91.1,Conduct disorder childhood-onset type 
F91.1,Conduct disorder childhood-onset type 
F91.1,Conduct disorder childhood-onset type 
F91.8,Other conduct disorders 
F91.8,Other conduct disorders 
F91.8,Other conduct disorders 
F91.8,Other conduct disorders 
F91.2,Conduct disorder adolescent-onset type 
F91.2,Conduct disorder adolescent-onset type 
F91.2,Conduct disorder adolescent-onset type 
F91.2,Conduct disorder adolescent-onset type 
F63.9,Impulse disorder unspecified 
F63.0,Pathological gambling 
F63.2,Kleptomania 
F63.1,Pyromania 
F63.81,Intermittent explosive disorder 
F63.81,Intermittent explosive disorder 
F63.89,Other impulse disorders 
F91.8,Other conduct disorders 
F91.1,Conduct disorder childhood-onset type 
F91.2,Conduct disorder adolescent-onset type 
F91.8,Other conduct disorders 
F91.9,Conduct disorder unspecified 
F93.8,Other childhood emotional disorders 
F93.8,Other childhood emotional disorders 
F93.8,Other childhood emotional disorders 
F93.8,Other childhood emotional disorders 
F94.0,Selective mutism 
F93.8,Other childhood emotional disorders 
F91.3,Oppositional defiant disorder 
F93.8,Other childhood emotional disorders 
F93.8,Other childhood emotional disorders 
F93.8,Other childhood emotional disorders 
F93.9,Childhood emotional disorder unspecified 
F90.0,Attention-deficit hyperactivity disorder predominantly inattentive type 
F90.1,Attention-deficit hyperactivity disorder predominantly hyperactive type 
F90.8,Attention-deficit hyperactivity disorder other type 
F90.8,Attention-deficit hyperactivity disorder other type 
F90.8,Attention-deficit hyperactivity disorder other type 
F90.9,Attention-deficit hyperactivity disorder unspecified type 
F81.0,Specific reading disorder 
R48.0,Dyslexia and alexia 
F81.0',Specific reading disorder 
F81.81,Disorder of written expression 
F81.2,Mathematics disorder 
F81.81,Disorder of written expression 
F80.1,Expressive language disorder 
F80.2,Mixed receptive-expressive language disorder 
F80.4,Speech and language development delay due to hearing loss 
F80.81,Childhood onset fluency disorder 
F80.0,Phonological disorder 
F82,Specific developmental disorder of motor function 
F82,Specific developmental disorder of motor function 
F88,Other disorders of psychological development 
F81.9,Developmental disorder of scholastic skills unspecified 
F54,Psychological and behavioral factors associated with disorders or diseases classified elsewhere 
F70,Mild intellectual disabilities 
F71,Moderate intellectual disabilities 
F72,Severe intellectual disabilities 
F73,Profound intellectual disabilities 
F79,Unspecified intellectual disabilities 
G00.0,Hemophilus meningitis 
G00.1,Pneumococcal meningitis 
G00.2,Streptococcal meningitis 
G00.3,Staphylococcal meningitis 
G01,Meningitis in bacterial diseases classified elsewhere 
G00.8,Other bacterial meningitis 
G00.9,Bacterial meningitis unspecified 
G00.8,Other bacterial meningitis 
G00.9,Bacterial meningitis unspecified 
B45.1,Cerebral cryptococcosis 
G02,Meningitis in other infectious and parasitic diseases classified elsewhere 
G02,Meningitis in other infectious and parasitic diseases classified elsewhere 
G02,Meningitis in other infectious and parasitic diseases classified elsewhere 
G02,Meningitis in other infectious and parasitic diseases classified elsewhere 
G02,Meningitis in other infectious and parasitic diseases classified elsewhere 
G03.0,Nonpyogenic meningitis 
G03.8,Meningitis due to other specified causes 
G03.1,Chronic meningitis 
G03.9,Meningitis unspecified 
G05.3,Encephalitis and encephalomyelitis in diseases classified elsewhere 
G05.4,Myelitis in diseases classified elsewhere 
G05.3,Encephalitis and encephalomyelitis in diseases classified elsewhere 
G05.3,Encephalitis and encephalomyelitis in diseases classified elsewhere 
G05.3,Encephalitis and encephalomyelitis in diseases classified elsewhere 
G05.4,Myelitis in diseases classified elsewhere 
G04.02,Postimmunization acute disseminated encephalitis myelitis and encephalomyelitis 
G04.02,Postimmunization acute disseminated encephalitis myelitis and encephalomyelitis 
G04.00,Acute disseminated encephalitis and encephalomyelitis unspecified 
G04.31,Postinfectious acute necrotizing hemorrhagic encephalopathy 
G05.4,Myelitis in diseases classified elsewhere 
G92,Toxic encephalopathy 
G92,Toxic encephalopathy 
G04.81,Other encephalitis and encephalomyelitis 
G04.89,Other myelitis 
G04.90,Encephalitis and encephalomyelitis unspecified 
G06.0,Intracranial abscess and granuloma 
G06.1,Intraspinal abscess and granuloma 
G06.2,Extradural and subdural abscess unspecified 
G08,Intracranial and intraspinal phlebitis and thrombophlebitis 
G09,Sequelae of inflammatory diseases of central nervous system 
G47.01,Insomnia due to medical condition 
G47.01,Insomnia due to medical condition 
F51.05,Insomnia due to other mental disorder 
G47.09,Other insomnia 
G47.10,Hypersomnia unspecified 
G47.11,Idiopathic hypersomnia with long sleep time 
G47.12,Idiopathic hypersomnia without long sleep time 
G47.13,Recurrent hypersomnia 
G47.14,Hypersomnia due to medical condition 
F51.13,Hypersomnia due to other mental disorder 
G47.19,Other hypersomnia 
G47.30,Sleep apnea unspecified 
G47.31,Primary central sleep apnea 
G47.32,High altitude periodic breathing 
G47.33,Obstructive sleep apnea (adult) (pediatric) 
G47.34,Idiopathic sleep related nonobstructive alveolar hypoventilation 
G47.35,Congenital central alveolar hypoventilation syndrome 
G47.36,Sleep related hypoventilation in conditions classified elsewhere 
G47.37,Central sleep apnea in conditions classified elsewhere 
G47.39,Other sleep apnea 
G47.20,Circadian rhythm sleep disorder unspecified type 
G47.21,Circadian rhythm sleep disorder delayed sleep phase type 
G47.22,Circadian rhythm sleep disorder advanced sleep phase type 
G47.23,Circadian rhythm sleep disorder irregular sleep wake type 
G47.24,Circadian rhythm sleep disorder free running type 
G47.25,Circadian rhythm sleep disorder jet lag type 
G47.26,Circadian rhythm sleep disorder shift work type 
G47.27,Circadian rhythm sleep disorder in conditions classified elsewhere 
G47.29,Other circadian rhythm sleep disorder 
G47.50,Parasomnia unspecified 
G47.51,Confusional arousals 
G47.52,REM sleep behavior disorder 
G47.53,Recurrent isolated sleep paralysis 
G47.54,Parasomnia in conditions classified elsewhere 
G47.59,Other parasomnia 
G47.61,Periodic limb movement disorder 
G47.62,Sleep related leg cramps 
G47.63,Sleep related bruxism 
G47.69,Other sleep related movement disorders 
G47.8,Other sleep disorders 
E75.23,Krabbe disease 
E75.4,Neuronal ceroid lipofuscinosis 
G93.89,Other specified disorders of brain 
G93.9,Disorder of brain unspecified 
G31.81,Alpers disease 
G31.9,Degenerative disease of nervous system unspecified 
G30.9,Alzheimer's disease unspecified 
G31.01,Pick's disease 
G31.09,Other frontotemporal dementia 
G31.1,Senile degeneration of brain not elsewhere classified 
G91.0,Communicating hydrocephalus 
G91.1,Obstructive hydrocephalus 
G91.2,(Idiopathic) normal pressure hydrocephalus 
G31.85,Corticobasal degeneration 
G94,Other disorders of brain in diseases classified elsewhere 
G93.7,Reye's syndrome 
G31.83,Dementia with Lewy bodies 
G31.84,Mild cognitive impairment so stated 
G31.89,Other specified degenerative diseases of nervous system 
G31.9,Degenerative disease of nervous system unspecified 
G20,Parkinson's disease 
G21.11,Neuroleptic induced parkinsonism 
G23.8,Other specified degenerative diseases of basal ganglia 
G25.0,Essential tremor 
G25.3,Myoclonus 
G25.61,Drug induced tics 
G10,Huntington's disease 
G25.5,Other chorea 
G24.1,Genetic torsion dystonia 
G80.3,Athetoid cerebral palsy 
G24.02,Drug induced acute dystonia 
G24.8,Other dystonia 
G24.5,Blepharospasm 
G24.4,Idiopathic orofacial dystonia 
G24.3,Spasmodic torticollis 
G25.89,Other specified extrapyramidal and movement disorders 
G24.01,Drug induced subacute dyskinesia 
G24.9,Dystonia unspecified 
G25.9,Extrapyramidal and movement disorder unspecified 
G25.82,Stiff-man syndrome 
G21.0',Malignant neuroleptic syndrome 
G25.83,Benign shuddering attacks 
G25.81,Restless legs syndrome 
G25.89,Other specified extrapyramidal and movement disorders 
G11.1,Early-onset cerebellar ataxia 
G11.4,Hereditary spastic paraplegia 
G11.0,Congenital nonprogressive ataxia 
G11.1,Early-onset cerebellar ataxia 
G32.81,Cerebellar ataxia in diseases classified elsewhere 
G11.3,Cerebellar ataxia with defective DNA repair 
G11.9,Hereditary ataxia unspecified 
G12.0,Infantile spinal muscular atrophy type I [Werdnig-Hoffman] 
G12.9,Spinal muscular atrophy unspecified 
G12.1,Other inherited spinal muscular atrophy 
G12.8,Other spinal muscular atrophies and related syndromes 
G12.21,Amyotrophic lateral sclerosis 
G12.21,Amyotrophic lateral sclerosis 
G12.22,Progressive bulbar palsy 
G12.8,Other spinal muscular atrophies and related syndromes 
G12.29,Other motor neuron disease 
G12.29,Other motor neuron disease 
G12.8,Other spinal muscular atrophies and related syndromes 
G12.9,Spinal muscular atrophy unspecified 
G95.0,Syringomyelia and syringobulbia 
G95.19,Other vascular myelopathies 
G32.0,Subacute combined degeneration of spinal cord in diseases classified elsewhere 
G99.2,Myelopathy in diseases classified elsewhere 
G95.89,Other specified diseases of spinal cord 
G95.9,Disease of spinal cord unspecified 
G90.09,Other idiopathic peripheral autonomic neuropathy 
G90.01,Carotid sinus syncope 
G90.09,Other idiopathic peripheral autonomic neuropathy 
G99.0,Autonomic neuropathy in diseases classified elsewhere 
G90.59,Complex regional pain syndrome I of other specified site 
G90.519,Complex regional pain syndrome I of unspecified upper limb 
G90.529,Complex regional pain syndrome I of unspecified lower limb 
G90.59,Complex regional pain syndrome I of other specified site 
G90.4,Autonomic dysreflexia 
G90.9,Disorder of the autonomic nervous system unspecified 
G89.0,Central pain syndrome 
G89.11,Acute pain due to trauma 
G89.12,Acute post-thoracotomy pain 
G89.18,Other acute postprocedural pain 
R52,Pain unspecified 
G89.21,Chronic pain due to trauma 
G89.22,Chronic post-thoracotomy pain 
G89.28,Other chronic postprocedural pain 
G89.29,Other chronic pain 
G89.3,Neoplasm related pain (acute) (chronic) 
G89.4,Chronic pain syndrome 
G44.009,Cluster headache syndrome unspecified not intractable 
G44.019,Episodic cluster headache not intractable 
G44.029,Chronic cluster headache not intractable 
G44.039,Episodic paroxysmal hemicrania not intractable 
G44.049,Chronic paroxysmal hemicrania not intractable 
G44.059,Short lasting unilateral neuralgiform headache with conjunctival injection and tearing (SUNCT) not intractable 
G44.099,Other trigeminal autonomic cephalgias (TAC) not intractable 
G44.209,Tension-type headache unspecified not intractable 
G44.219,Episodic tension-type headache not intractable 
G44.229,Chronic tension-type headache not intractable 
G44.309,Post-traumatic headache unspecified not intractable 
G44.319,Acute post-traumatic headache not intractable 
G44.329,Chronic post-traumatic headache not intractable 
G44.41,Drug-induced headache not elsewhere classified intractable 
G44.51,Hemicrania continua 
G44.52,New daily persistent headache (NDPH) 
G44.53,Primary thunderclap headache 
G44.59,Other complicated headache syndrome 
G44.81,Hypnic headache 
G44.82,Headache associated with sexual activity 
G44.83,Primary cough headache 
G44.84,Primary exertional headache 
G44.85,Primary stabbing headache 
G44.89,Other headache syndrome 
G35,Multiple sclerosis 
G36.0,Neuromyelitis optica [Devic] 
G37.0,Diffuse sclerosis of central nervous system 
G37.3,Acute transverse myelitis in demyelinating disease of central nervous system 
G37.3,Acute transverse myelitis in demyelinating disease of central nervous system 
G37.3,Acute transverse myelitis in demyelinating disease of central nervous system 
G37.8,Other specified demyelinating diseases of central nervous system 
G37.9,Demyelinating disease of central nervous system unspecified 
G81.00,Flaccid hemiplegia affecting unspecified side 
G81.01,Flaccid hemiplegia affecting right dominant side 
G81.03,Flaccid hemiplegia affecting right nondominant side 
G81.10,Spastic hemiplegia affecting unspecified side 
G81.11,Spastic hemiplegia affecting right dominant side 
G81.13,Spastic hemiplegia affecting right nondominant side 
G81.90,Hemiplegia unspecified affecting unspecified side 
G81.91,Hemiplegia unspecified affecting right dominant side 
G81.93,Hemiplegia unspecified affecting right nondominant side 
G81.90,Hemiplegia unspecified affecting unspecified side 
G81.91,Hemiplegia unspecified affecting right dominant side 
G81.93,Hemiplegia unspecified affecting right nondominant side 
G80.1,Spastic diplegic cerebral palsy 
G80.2,Spastic hemiplegic cerebral palsy 
G80.0,Spastic quadriplegic cerebral palsy 
G80.8,Other cerebral palsy 
G80.2,Spastic hemiplegic cerebral palsy 
G80.8,Other cerebral palsy 
G80.9,Cerebral palsy unspecified 
G82.50,Quadriplegia unspecified 
G82.51,Quadriplegia C1-C4 complete 
G82.52,Quadriplegia C1-C4 incomplete 
G82.53,Quadriplegia C5-C7 complete 
G82.54,Quadriplegia C5-C7 incomplete 
G82.50,Quadriplegia unspecified 
G82.20,Paraplegia unspecified 
G83.0,Diplegia of upper limbs 
G83.10,Monoplegia of lower limb affecting unspecified side 
G83.11,Monoplegia of lower limb affecting right dominant side 
G83.13,Monoplegia of lower limb affecting right nondominant side 
G83.20,Monoplegia of upper limb affecting unspecified side 
G83.21,Monoplegia of upper limb affecting right dominant side 
G83.23,Monoplegia of upper limb affecting right nondominant side 
G83.30,Monoplegia unspecified affecting unspecified side 
G83.4,Cauda equina syndrome 
G83.4,Cauda equina syndrome 
G83.5,Locked-in state 
G83.89,Other specified paralytic syndromes 
G83.9,Paralytic syndrome unspecified 
G40.A01,Absence epileptic syndrome not intractable with status epilepticus 
G40.A11,Absence epileptic syndrome intractable with status epilepticus 
G40.309,Generalized idiopathic epilepsy and epileptic syndromes not intractable without status epilepticus 
G40.411,Other generalized epilepsy and epileptic syndromes intractable with status epilepticus 
G40.A01,Absence epileptic syndrome not intractable with status epilepticus 
G40.301,Generalized idiopathic epilepsy and epileptic syndromes not intractable with status epilepticus 
G40.201,Localization-related (focal) (partial) symptomatic epilepsy and epileptic syndromes with complex partial seizures not intractable with status epilepticus 
G40.211,Localization-related (focal) (partial) symptomatic epilepsy and epileptic syndromes with complex partial seizures intractable with status epilepticus 
G40.101,Localization-related (focal) (partial) symptomatic epilepsy and epileptic syndromes with simple partial seizures not intractable with status epilepticus 
G40.111,Localization-related (focal) (partial) symptomatic epilepsy and epileptic syndromes with simple partial seizures intractable with status epilepticus 
G40.821,Epileptic spasms not intractable with status epilepticus 
G40.823,Epileptic spasms intractable with status epilepticus 
G40.101,Localization-related (focal) (partial) symptomatic epilepsy and epileptic syndromes with simple partial seizures not intractable with status epilepticus 
G40.119,Localization-related (focal) (partial) symptomatic epilepsy and epileptic syndromes with simple partial seizures intractable without status epilepticus 
G40.501,Epileptic seizures related to external causes not intractable with status epilepticus 
G40.119,Localization-related (focal) (partial) symptomatic epilepsy and epileptic syndromes with simple partial seizures intractable without status epilepticus 
G40.901,Epilepsy unspecified not intractable with status epilepticus 
G40.911,Epilepsy unspecified intractable with status epilepticus 
G43.109,Migraine with aura not intractable without status migrainosus 
G43.119,Migraine with aura intractable without status migrainosus 
G43.101,Migraine with aura not intractable with status migrainosus 
G43.111,Migraine with aura intractable with status migrainosus 
G43.009,Migraine without aura not intractable without status migrainosus 
G43.019,Migraine without aura intractable without status migrainosus 
G43.001,Migraine without aura not intractable with status migrainosus 
G43.011,Migraine without aura intractable with status migrainosus 
G43.809,Other migraine not intractable without status migrainosus 
G43.819,Other migraine intractable without status migrainosus 
G43.801,Other migraine not intractable with status migrainosus 
G43.811,Other migraine intractable with status migrainosus 
G43.409,Hemiplegic migraine not intractable without status migrainosus 
G43.419,Hemiplegic migraine intractable without status migrainosus 
G43.401,Hemiplegic migraine not intractable with status migrainosus 
G43.411,Hemiplegic migraine intractable with status migrainosus 
G43.829,Menstrual migraine not intractable without status migrainosus 
G43.839,Menstrual migraine intractable without status migrainosus 
G43.821,Menstrual migraine not intractable with status migrainosus 
G43.831,Menstrual migraine intractable with status migrainosus 
G43.509,Persistent migraine aura without cerebral infarction not intractable without status migrainosus 
G43.519,Persistent migraine aura without cerebral infarction intractable without status migrainosus 
G43.501,Persistent migraine aura without cerebral infarction not intractable with status migrainosus 
G43.511,Persistent migraine aura without cerebral infarction intractable with status migrainosus 
G43.609,Persistent migraine aura with cerebral infarction not intractable without status migrainosus 
G43.619,Persistent migraine aura with cerebral infarction intractable without status migrainosus 
G43.601,Persistent migraine aura with cerebral infarction not intractable with status migrainosus 
G43.611,Persistent migraine aura with cerebral infarction intractable with status migrainosus 
G43.709,Chronic migraine without aura not intractable without status migrainosus 
G43.719,Chronic migraine without aura intractable without status migrainosus 
G43.701,Chronic migraine without aura not intractable with status migrainosus 
G43.711,Chronic migraine without aura intractable with status migrainosus 
G43.809,Other migraine not intractable without status migrainosus 
G43.819,Other migraine intractable without status migrainosus 
G43.801,Other migraine not intractable with status migrainosus 
G43.811,Other migraine intractable with status migrainosus 
G43.909,Migraine unspecified not intractable without status migrainosus 
G43.919,Migraine unspecified intractable without status migrainosus 
G43.901,Migraine unspecified not intractable with status migrainosus 
G43.911,Migraine unspecified intractable with status migrainosus 
G47.419,Narcolepsy without cataplexy 
G47.411,Narcolepsy with cataplexy 
G47.429,Narcolepsy in conditions classified elsewhere without cataplexy 
G47.421,Narcolepsy in conditions classified elsewhere with cataplexy 
G93.0,Cerebral cysts 
G93.1,Anoxic brain damage not elsewhere classified 
G93.2,Benign intracranial hypertension 
G93.40,Encephalopathy unspecified 
G93.41,Metabolic encephalopathy 
G93.49,Other encephalopathy 
G93.5,Compression of brain 
G93.6,Cerebral edema 
G93.81,Temporal sclerosis 
G93.82,Brain death 
G93.89,Other specified disorders of brain 
G93.9,Disorder of brain unspecified 
G97.1,Other reaction to spinal and lumbar puncture 
G97.82,Other postprocedural complications and disorders of nervous system 
G96.12,Meningeal adhesions (cerebral) (spinal) 
G97.41,Accidental puncture or laceration of dura during a procedure 
G96.11,Dural tear 
G96.0,Cerebrospinal fluid leak 
G92,Toxic encephalopathy 
G96.8,Other specified disorders of central nervous system 
G96.9,Disorder of central nervous system unspecified 
G50.0,Trigeminal neuralgia 
G50.1,Atypical facial pain 
G50.8,Other disorders of trigeminal nerve 
G50.9,Disorder of trigeminal nerve unspecified 
G51.0,Bell's palsy 
G51.1,Geniculate ganglionitis 
G51.8,Other disorders of facial nerve 
G51.9,Disorder of facial nerve unspecified 
G52.0,Disorders of olfactory nerve 
G52.1,Disorders of glossopharyngeal nerve 
G52.1,Disorders of glossopharyngeal nerve 
G52.2,Disorders of vagus nerve 
G52.8,Disorders of other specified cranial nerves 
G52.3,Disorders of hypoglossal nerve 
G52.7,Disorders of multiple cranial nerves 
G52.9,Cranial nerve disorder unspecified 
G54.0,Brachial plexus disorders 
G54.1,Lumbosacral plexus disorders 
G54.2,Cervical root disorders not elsewhere classified 
G54.3,Thoracic root disorders not elsewhere classified 
G54.4,Lumbosacral root disorders not elsewhere classified 
G54.5,Neuralgic amyotrophy 
G54.6,Phantom limb syndrome with pain 
G54.8,Other nerve root and plexus disorders 
G54.9,Nerve root and plexus disorder unspecified 
G56.00,Carpal tunnel syndrome unspecified upper limb 
G56.10,Other lesions of median nerve unspecified upper limb 
G56.20,Lesion of ulnar nerve unspecified upper limb 
G56.30,Lesion of radial nerve unspecified upper limb 
G56.40,Causalgia of unspecified upper limb 
G58.7,Mononeuritis multiplex 
G56.80,Other specified mononeuropathies of unspecified upper limb 
G56.90,Unspecified mononeuropathy of unspecified upper limb 
G57.00,Lesion of sciatic nerve unspecified lower limb 
G57.10,Meralgia paresthetica unspecified lower limb 
G57.20,Lesion of femoral nerve unspecified lower limb 
G57.30,Lesion of lateral popliteal nerve unspecified lower limb 
G57.40,Lesion of medial popliteal nerve unspecified lower limb 
G57.50,Tarsal tunnel syndrome unspecified lower limb 
G57.60,Lesion of plantar nerve unspecified lower limb 
G57.70,Causalgia of unspecified lower limb 
G57.80,Other specified mononeuropathies of unspecified lower limb 
G57.90,Unspecified mononeuropathy of unspecified lower limb 
G58.9,Mononeuropathy unspecified 
G60.0,Hereditary motor and sensory neuropathy 
G60.0,Hereditary motor and sensory neuropathy 
G60.0,Hereditary motor and sensory neuropathy 
G60.1,Refsum's disease 
G60.3,Idiopathic progressive neuropathy 
G60.8,Other hereditary and idiopathic neuropathies 
G60.9,Hereditary and idiopathic neuropathy unspecified 
G61.0,Guillain-Barre syndrome 
G63,Polyneuropathy in diseases classified elsewhere 
E13.42,Other specified diabetes mellitus with diabetic polyneuropathy 
G63,Polyneuropathy in diseases classified elsewhere 
G63,Polyneuropathy in diseases classified elsewhere 
G62.1,Alcoholic polyneuropathy 
G62.0,Drug-induced polyneuropathy 
G62.2,Polyneuropathy due to other toxic agents 
G61.81,Chronic inflammatory demyelinating polyneuritis 
G62.81,Critical illness polyneuropathy 
G61.89,Other inflammatory polyneuropathies 
G61.9,Inflammatory polyneuropathy unspecified 
G70.00,Myasthenia gravis without (acute) exacerbation 
G70.01,Myasthenia gravis with (acute) exacerbation 
G73.3,Myasthenic syndromes in other diseases classified elsewhere 
G70.1,Toxic myoneural disorders 
G70.80,Lambert-Eaton syndrome unspecified 
G73.1,Lambert-Eaton syndrome in neoplastic disease 
G70.81,Lambert-Eaton syndrome in disease classified elsewhere 
G70.89,Other specified myoneural disorders 
G70.9,Myoneural disorder unspecified 
G71.2,Congenital myopathies 
G71.0,Muscular dystrophy 
G71.11,Myotonic muscular dystrophy 
G71.12,Myotonia congenita 
G71.13,Myotonic chondrodystrophy 
G71.14,Drug induced myotonia 
G71.19,Other specified myotonic disorders 
G72.3,Periodic paralysis 
G72.2,Myopathy due to other toxic agents 
G73.7,Myopathy in diseases classified elsewhere 
G73.7,Myopathy in diseases classified elsewhere 
G72.41,Inclusion body myositis [IBM] 
G72.49,Other inflammatory and immune myopathies not elsewhere classified 
G72.81,Critical illness myopathy 
G72.89,Other specified myopathies 
G72.9,Myopathy unspecified 
H44.009,Unspecified purulent endophthalmitis unspecified eye 
H44.009,Unspecified purulent endophthalmitis unspecified eye 
H44.019,Panophthalmitis (acute) unspecified eye 
H44.009,Unspecified purulent endophthalmitis unspecified eye 
H44.029,Vitreous abscess (chronic) unspecified eye 
H44.139,Sympathetic uveitis unspecified eye 
H44.119,Panuveitis unspecified eye 
H44.129,Parasitic endophthalmitis unspecified unspecified eye 
H16.249,Ophthalmia nodosa unspecified eye 
H44.19,Other endophthalmitis 
H44.30,Unspecified degenerative disorder of globe 
H44.23,Degenerative myopia bilateral 
H44.329,Siderosis of eye unspecified eye 
H44.319,Chalcosis unspecified eye 
H44.399,Other degenerative disorders of globe unspecified eye 
H44.40,Unspecified hypotony of eye 
H44.449,Primary hypotony of unspecified eye 
H44.429,Hypotony of unspecified eye due to ocular fistula 
H44.439,Hypotony of eye due to other ocular disorders unspecified eye 
H44.419,Flat anterior chamber hypotony of unspecified eye 
H44.50,Unspecified degenerated conditions of globe 
H44.529,Atrophy of globe unspecified eye 
H44.519,Absolute glaucoma unspecified eye 
H44.819,Hemophthalmos unspecified eye 
H44.539,Leucocoria unspecified eye 
H44.609,Unspecified retained (old) intraocular foreign body magnetic unspecified eye 
H44.619,Retained (old) magnetic foreign body in anterior chamber unspecified eye 
H44.629,Retained (old) magnetic foreign body in iris or ciliary body unspecified eye 
H44.639,Retained (old) magnetic foreign body in lens unspecified eye 
H44.659,Retained (old) magnetic foreign body in vitreous body unspecified eye 
H44.649,Retained (old) magnetic foreign body in posterior wall of globe unspecified eye 
H44.699,Retained (old) intraocular foreign body magnetic in other or multiple sites unspecified eye 
H44.709,Unspecified retained (old) intraocular foreign body nonmagnetic unspecified eye 
H44.719,Retained (nonmagnetic) (old) foreign body in anterior chamber unspecified eye 
H44.729,Retained (nonmagnetic) (old) foreign body in iris or ciliary body unspecified eye 
H44.739,Retained (nonmagnetic) (old) foreign body in lens unspecified eye 
H44.759,Retained (nonmagnetic) (old) foreign body in vitreous body unspecified eye 
H44.749,Retained (nonmagnetic) (old) foreign body in posterior wall of globe unspecified eye 
H44.799,Retained (old) intraocular foreign body nonmagnetic in other or multiple sites unspecified eye 
H44.829,Luxation of globe unspecified eye 
H44.89,Other disorders of globe 
H44.9,Unspecified disorder of globe 
H33.009,Unspecified retinal detachment with retinal break unspecified eye 
H33.019,Retinal detachment with single break unspecified eye 
H33.029,Retinal detachment with multiple breaks unspecified eye 
H33.039,Retinal detachment with giant retinal tear unspecified eye 
H33.049,Retinal detachment with retinal dialysis unspecified eye 
H33.059,Total retinal detachment unspecified eye 
H33.8,Other retinal detachments 
H33.059,Total retinal detachment unspecified eye 
H33.109,Unspecified retinoschisis unspecified eye 
H33.199,Other retinoschisis and retinal cysts unspecified eye 
H33.199,Other retinoschisis and retinal cysts unspecified eye 
H33.199,Other retinoschisis and retinal cysts unspecified eye 
H33.199,Other retinoschisis and retinal cysts unspecified eye 
H33.199,Other retinoschisis and retinal cysts unspecified eye 
H33.23,Serous retinal detachment bilateral 
H33.309,Unspecified retinal break unspecified eye 
H33.329,Round hole unspecified eye 
H33.319,Horseshoe tear of retina without detachment unspecified eye 
H33.339,Multiple defects of retina without detachment unspecified eye 
H33.43,Traction detachment of retina bilateral 
H33.8,Other retinal detachments 
H33.20,Serous retinal detachment unspecified eye 
E11.319,Type 2 diabetes mellitus with unspecified diabetic retinopathy without macular edema 
E11.359,Type 2 diabetes mellitus with proliferative diabetic retinopathy without macular edema 
E11.329,Type 2 diabetes mellitus with mild nonproliferative diabetic retinopathy without macular edema 
E11.329,Type 2 diabetes mellitus with mild nonproliferative diabetic retinopathy without macular edema 
E11.339,Type 2 diabetes mellitus with moderate nonproliferative diabetic retinopathy without macular edema 
E11.349,Type 2 diabetes mellitus with severe nonproliferative diabetic retinopathy without macular edema 
E11.311,Type 2 diabetes mellitus with unspecified diabetic retinopathy with macular edema 
H35.00,Unspecified background retinopathy 
H35.039,Hypertensive retinopathy unspecified eye 
H33.199,Other retinoschisis and retinal cysts unspecified eye 
H33.199,Other retinoschisis and retinal cysts unspecified eye 
H33.199,Other retinoschisis and retinal cysts unspecified eye 
H33.199,Other retinoschisis and retinal cysts unspecified eye 
H33.23,Serous retinal detachment bilateral 
H33.309,Unspecified retinal break unspecified eye 
H33.329,Round hole unspecified eye 
H33.319,Horseshoe tear of retina without detachment unspecified eye 
H33.339,Multiple defects of retina without detachment unspecified eye 
H33.43,Traction detachment of retina bilateral 
H33.8,Other retinal detachments 
H33.20,Serous retinal detachment unspecified eye 
E11.319,Type 2 diabetes mellitus with unspecified diabetic retinopathy without macular edema 
E11.359,Type 2 diabetes mellitus with proliferative diabetic retinopathy without macular edema 
E11.329,Type 2 diabetes mellitus with mild nonproliferative diabetic retinopathy without macular edema 
E11.329,Type 2 diabetes mellitus with mild nonproliferative diabetic retinopathy without macular edema 
E11.339,Type 2 diabetes mellitus with moderate nonproliferative diabetic retinopathy without macular edema 
E11.349,Type 2 diabetes mellitus with severe nonproliferative diabetic retinopathy without macular edema 
E11.311,Type 2 diabetes mellitus with unspecified diabetic retinopathy with macular edema 
H35.00,Unspecified background retinopathy 
H35.039,Hypertensive retinopathy unspecified eye 
H35.029,Exudative retinopathy unspecified eye 
H35.019,Changes in retinal vascular appearance unspecified eye 
H35.049,Retinal micro-aneurysms unspecified unspecified eye 
H35.079,Retinal telangiectasis unspecified eye 
H35.059,Retinal neovascularization unspecified unspecified eye 
H35.09,Other intraretinal microvascular abnormalities 
H35.069,Retinal vasculitis unspecified eye 
H35.109,Retinopathy of prematurity unspecified unspecified eye 
H35.179,Retrolental fibroplasia unspecified eye 
H35.119,Retinopathy of prematurity stage 0 unspecified eye 
H35.129,Retinopathy of prematurity stage 1 unspecified eye 
H35.139,Retinopathy of prematurity stage 2 unspecified eye 
H35.149,Retinopathy of prematurity stage 3 unspecified eye 
H35.159,Retinopathy of prematurity stage 4 unspecified eye 
H35.169,Retinopathy of prematurity stage 5 unspecified eye 
H35.23,Other non-diabetic proliferative retinopathy bilateral 
H34.9,Unspecified retinal vascular occlusion 
H34.13,Central retinal artery occlusion bilateral 
H34.239,Retinal artery branch occlusion unspecified eye 
H34.219,Partial retinal artery occlusion unspecified eye 
H34.00,Transient retinal artery occlusion unspecified eye 
H34.819,Central retinal vein occlusion unspecified eye 
H34.839,Tributary (branch) retinal vein occlusion unspecified eye 
H34.829,Venous engorgement unspecified eye 
H35.70,Unspecified separation of retinal layers 
H35.719,Central serous chorioretinopathy unspecified eye 
H35.729,Serous detachment of retinal pigment epithelium unspecified eye 
H35.739,Hemorrhagic detachment of retinal pigment epithelium unspecified eye 
H35.30,Unspecified macular degeneration 
H35.31,Nonexudative age-related macular degeneration 
H35.32,Exudative age-related macular degeneration 
H35.359,Cystoid macular degeneration unspecified eye 
H35.349,Macular cyst hole or pseudohole unspecified eye 
H35.389,Toxic maculopathy unspecified eye 
H35.379,Puckering of macula unspecified eye 
H35.369,Drusen (degenerative) of macula unspecified eye 
H35.40,Unspecified peripheral retinal degeneration 
H35.439,Paving stone degeneration of retina unspecified eye 
H35.429,Microcystoid degeneration of retina unspecified eye 
H35.419,Lattice degeneration of retina unspecified eye 
H35.449,Age-related reticular degeneration of retina unspecified eye 
H35.459,Secondary pigmentary degeneration unspecified eye 
H35.469,Secondary vitreoretinal degeneration unspecified eye 
H35.50,Unspecified hereditary retinal dystrophy 
H36,Retinal disorders in diseases classified elsewhere 
H36,Retinal disorders in diseases classified elsewhere 
H35.51,Vitreoretinal dystrophy 
H35.52,Pigmentary retinal dystrophy 
H35.53,Other dystrophies primarily involving the sensory retina 
H35.54,Dystrophies primarily involving the retinal pigment epithelium 
H31.101,Choroidal degeneration unspecified right eye 
H35.60,Retinal hemorrhage unspecified eye 
H35.89,Other specified retinal disorders 
H35.81,Retinal edema 
H35.82,Retinal ischemia 
H35.89,Other specified retinal disorders 
H35.89,Other specified retinal disorders 
H35.9,Unspecified retinal disorder 
H30.009,Unspecified focal chorioretinal inflammation unspecified eye 
H30.019,Focal chorioretinal inflammation juxtapapillary unspecified eye 
H30.029,Focal chorioretinal inflammation of posterior pole unspecified eye 
H30.039,Focal chorioretinal inflammation peripheral unspecified eye 
H30.019,Focal chorioretinal inflammation juxtapapillary unspecified eye 
H30.049,Focal chorioretinal inflammation macular or paramacular unspecified eye 
H30.029,Focal chorioretinal inflammation of posterior pole unspecified eye 
H30.039,Focal chorioretinal inflammation peripheral unspecified eye 
H30.109,Unspecified disseminated chorioretinal inflammation unspecified eye 
H30.119,Disseminated chorioretinal inflammation of posterior pole unspecified eye 
H30.129,Disseminated chorioretinal inflammation peripheral unspecified eye 
H30.139,Disseminated chorioretinal inflammation generalized unspecified eye 
H30.109,Unspecified disseminated chorioretinal inflammation unspecified eye 
H30.149,Acute posterior multifocal placoid pigment epitheliopathy unspecified eye 
H30.93,Unspecified chorioretinal inflammation bilateral 
H30.23,Posterior cyclitis bilateral 
H30.819,Harada's disease unspecified eye 
H31.009,Unspecified chorioretinal scars unspecified eye 
H31.029,Solar retinopathy unspecified eye 
H31.019,Macula scars of posterior pole (postinflammatory) (post-traumatic) unspecified eye 
H31.019,Macula scars of posterior pole (postinflammatory) (post-traumatic) unspecified eye 
H31.099,Other chorioretinal scars unspecified eye 
H31.099,Other chorioretinal scars unspecified eye 
H31.109,Choroidal degeneration unspecified unspecified eye 
H31.119,Age-related choroidal atrophy unspecified eye 
H31.129,Diffuse secondary atrophy of choroid unspecified eye 
H35.33,Angioid streaks of macula 
H31.20,Hereditary choroidal dystrophy unspecified 
H31.29,Other hereditary choroidal dystrophy 
H31.29,Other hereditary choroidal dystrophy 
H31.22,Choroidal dystrophy (central areolar) (generalized) (peripapillary) 
H31.22,Choroidal dystrophy (central areolar) (generalized) (peripapillary) 
H31.21,Choroideremia 
H31.29,Other hereditary choroidal dystrophy 
H31.23,Gyrate atrophy choroid 
H31.309,Unspecified choroidal hemorrhage unspecified eye 
H31.319,Expulsive choroidal hemorrhage unspecified eye 
H31.329,Choroidal rupture unspecified eye 
H31.409,Unspecified choroidal detachment unspecified eye 
H31.429,Serous choroidal detachment unspecified eye 
H31.419,Hemorrhagic choroidal detachment unspecified eye 
H31.8,Other specified disorders of choroid 
H31.9,Unspecified disorder of choroid 
H20.00,Unspecified acute and subacute iridocyclitis 
H20.019,Primary iridocyclitis unspecified eye 
H20.029,Recurrent acute iridocyclitis unspecified eye 
H20.039,Secondary infectious iridocyclitis unspecified eye 
H20.049,Secondary noninfectious iridocyclitis unspecified eye 
H20.059,Hypopyon unspecified eye 
H20.13,Chronic iridocyclitis bilateral 
H20.9,Unspecified iridocyclitis 
H20.819,Fuchs' heterochromic cyclitis unspecified eye 
H40.40x0,Glaucoma secondary to eye inflammation unspecified eye stage unspecified 
H20.23,Lens-induced iridocyclitis bilateral 
H20.829,Vogt-Koyanagi syndrome unspecified eye 
H20.9,Unspecified iridocyclitis 
H21.03,Hyphema bilateral 
H21.1X9,Other vascular disorders of iris and ciliary body unspecified eye 
H21.269,Iris atrophy (essential) (progressive) unspecified eye 
H21.259,Iridoschisis unspecified eye 
H21.239,Degeneration of iris (pigmentary) unspecified eye 
H21.249,Degeneration of pupillary margin unspecified eye 
H21.279,Miotic pupillary cyst unspecified eye 
H21.219,Degeneration of chamber angle unspecified eye 
H21.229,Degeneration of ciliary body unspecified eye 
H21.29,Other iris atrophy 
H21.309,Idiopathic cysts of iris ciliary body or anterior chamber unspecified eye 
H21.329,Implantation cysts of iris ciliary body or anterior chamber unspecified eye 
H21.319,Exudative cysts of iris or anterior chamber unspecified eye 
H21.349,Primary cyst of pars plana unspecified eye 
H21.359,Exudative cyst of pars plana unspecified eye 
H21.509,Unspecified adhesions of iris and ciliary body unspecified eye 
H21.549,Posterior synechiae (iris) unspecified eye 
H21.519,Anterior synechiae (iris) unspecified eye 
H21.529,Goniosynechiae unspecified eye 
H21.43,Pupillary membranes bilateral 
H21.569,Pupillary abnormality unspecified eye 
H21.539,Iridodialysis unspecified eye 
H21.559,Recession of chamber angle unspecified eye 
H21.81,Floppy iris syndrome 
H21.82,Plateau iris syndrome (post-iridectomy) (postprocedural) 
H21.89,Other specified disorders of iris and ciliary body 
H21.9,Unspecified disorder of iris and ciliary body 
H40.009,Preglaucoma unspecified unspecified eye 
H40.019,Open angle with borderline findings low risk unspecified eye 
H40.039,Anatomical narrow angle unspecified eye 
H40.049,Steroid responder unspecified eye 
H40.059,Ocular hypertension unspecified eye 
H40.029,Open angle with borderline findings high risk unspecified eye 
H40.069,Primary angle closure without glaucoma damage unspecified eye 
H40.10x2,Unspecified open-angle glaucoma moderate stage 
H40.11x2,Primary open-angle glaucoma moderate stage 
H40.1290,Low-tension glaucoma unspecified eye stage unspecified 
H40.1390,Pigmentary glaucoma unspecified eye stage unspecified 
Q15.0,Congenital glaucoma 
H40.159,Residual stage of open-angle glaucoma unspecified eye 
H40.20x2,Unspecified primary angle-closure glaucoma moderate stage 
H40.239,Intermittent angle-closure glaucoma unspecified eye 
H40.219,Acute angle-closure glaucoma unspecified eye 
H40.2290,Chronic angle-closure glaucoma unspecified eye stage unspecified 
H40.249,Residual stage of angle-closure glaucoma unspecified eye 
H40.60x0,Glaucoma secondary to drugs unspecified eye stage unspecified 
H40.60x0,Glaucoma secondary to drugs unspecified eye stage unspecified 
H40.89,Other specified glaucoma 
H40.89,Other specified glaucoma 
H40.89,Other specified glaucoma 
H42,Glaucoma in diseases classified elsewhere 
H40.89,Other specified glaucoma 
H40.1490,Capsular glaucoma with pseudoexfoliation of lens unspecified eye stage unspecified 
H40.50x0,Glaucoma secondary to other eye disorders unspecified eye stage unspecified 
H40.50x0,Glaucoma secondary to other eye disorders unspecified eye stage unspecified 
H40.50x0,Glaucoma secondary to other eye disorders unspecified eye stage unspecified 
H40.40x0,Glaucoma secondary to eye inflammation unspecified eye stage unspecified 
H40.89,Other specified glaucoma 
H40.50x0,Glaucoma secondary to other eye disorders unspecified eye stage unspecified 
H40.30x0,Glaucoma secondary to eye trauma unspecified eye stage unspecified 
, 
, 
, 
, 
, 
H40.829,Hypersecretion glaucoma unspecified eye 
H40.819,Glaucoma with increased episcleral venous pressure unspecified eye 
H40.839,Aqueous misdirection unspecified eye 
H40.89,Other specified glaucoma 
H40.9,Unspecified glaucoma 
H26.009,Unspecified infantile and juvenile cataract unspecified eye 
H26.049,Anterior subcapsular polar infantile and juvenile cataract unspecified eye 
H26.059,Posterior subcapsular polar infantile and juvenile cataract unspecified eye 
H26.019,Infantile and juvenile cortical lamellar or zonular cataract unspecified eye 
H26.039,Infantile and juvenile nuclear cataract unspecified eye 
H26.069,Combined forms of infantile and juvenile cataract unspecified eye 
H25.9,Unspecified age-related cataract 
H25.89,Other age-related cataract 
H25.099,Other age-related incipient cataract unspecified eye 
H25.039,Anterior subcapsular polar age-related cataract unspecified eye 
H25.049,Posterior subcapsular polar age-related cataract unspecified eye 
H25.019,Cortical age-related cataract unspecified eye 
H25.10,Age-related nuclear cataract unspecified eye 
H25.89,Other age-related cataract 
H25.20,Age-related cataract morgagnian type unspecified eye 
H25.819,Combined forms of age-related cataract unspecified eye 
H26.109,Unspecified traumatic cataract unspecified eye 
H26.119,Localized traumatic opacities unspecified eye 
H26.139,Total traumatic cataract unspecified eye 
H26.129,Partially resolved traumatic cataract unspecified eye 
H26.20,Unspecified complicated cataract 
H26.239,Glaucomatous flecks (subcapsular) unspecified eye 
H26.229,Cataract secondary to ocular disorders (degenerative) (inflammatory) unspecified eye 
H26.219,Cataract with neovascularization unspecified eye 
H26.229,Cataract secondary to ocular disorders (degenerative) (inflammatory) unspecified eye 
E13.36,Other specified diabetes mellitus with diabetic cataract 
H28,Cataract in diseases classified elsewhere 
H28,Cataract in diseases classified elsewhere 
H28,Cataract in diseases classified elsewhere 
H26.30,Drug-induced cataract unspecified eye 
H26.8,Other specified cataract 
H26.40,Unspecified secondary cataract 
H26.419,Soemmering's ring unspecified eye 
H26.499,Other secondary cataract unspecified eye 
H26.499,Other secondary cataract unspecified eye 
H26.8,Other specified cataract 
H26.9,Unspecified cataract 
H52.03,Hypermetropia bilateral 
H52.13,Myopia bilateral 
H52.209,Unspecified astigmatism unspecified eye 
H52.229,Regular astigmatism unspecified eye 
H52.219,Irregular astigmatism unspecified eye 
H52.31,Anisometropia 
H52.32,Aniseikonia 
H52.4,Presbyopia 
H52.529,Paresis of accommodation unspecified eye 
H52.519,Internal ophthalmoplegia (complete) (total) unspecified eye 
H52.539,Spasm of accommodation unspecified eye 
H52.6,Other disorders of refraction 
H52.6,Other disorders of refraction 
H52.7,Unspecified disorder of refraction 
H53.009,Unspecified amblyopia unspecified eye 
H53.039,Strabismic amblyopia unspecified eye 
H53.019,Deprivation amblyopia unspecified eye 
H53.029,Refractive amblyopia unspecified eye 
H53.10,Unspecified subjective visual disturbances 
H53.139,Sudden visual loss unspecified eye 
H53.129,Transient visual loss unspecified eye 
H53.149,Visual discomfort unspecified 
H53.15,Visual distortions of shape and size 
H53.19,Other subjective visual disturbances 
H53.16,Psychophysical visual disturbances 
H53.2,Diplopia 
H53.30,Unspecified disorder of binocular vision 
H53.34,Suppression of binocular vision 
H53.33,Simultaneous visual perception without fusion 
H53.32,Fusion with defective stereopsis 
H53.31,Abnormal retinal correspondence 
H53.40,Unspecified visual field defects 
H53.419,Scotoma involving central area unspecified eye 
H53.429,Scotoma of blind spot area unspecified eye 
H53.439,Sector or arcuate defects unspecified eye 
H53.459,Other localized visual field defect unspecified eye 
H53.489,Generalized contraction of visual field unspecified eye 
H53.469,Homonymous bilateral field defects unspecified side 
H53.47,Heteronymous bilateral field defects 
H53.54,Protanomaly 
H53.53,Deuteranomaly 
H53.55,Tritanomaly 
H53.51,Achromatopsia 
H53.52,Acquired color vision deficiency 
H53.59,Other color vision deficiencies 
H53.60,Unspecified night blindness 
H53.63,Congenital night blindness 
H53.62,Acquired night blindness 
H53.61,Abnormal dark adaptation curve 
H53.69,Other night blindness 
H53.8,Other visual disturbances 
H53.9,Unspecified visual disturbance 
H54.0,Blindness both eyes 
H54.0,Blindness both eyes 
H54.10,Blindness one eye low vision other eye unspecified eyes 
H54.10,Blindness one eye low vision other eye unspecified eyes 
H54.10,Blindness one eye low vision other eye unspecified eyes 
H54.10,Blindness one eye low vision other eye unspecified eyes 
H54.10,Blindness one eye low vision other eye unspecified eyes 
H54.10,Blindness one eye low vision other eye unspecified eyes 
H54.10,Blindness one eye low vision other eye unspecified eyes 
H54.10,Blindness one eye low vision other eye unspecified eyes 
H54.10,Blindness one eye low vision other eye unspecified eyes 
H54.10,Blindness one eye low vision other eye unspecified eyes 
H54.10,Blindness one eye low vision other eye unspecified eyes 
H54.10,Blindness one eye low vision other eye unspecified eyes 
H54.10,Blindness one eye low vision other eye unspecified eyes 
H54.10,Blindness one eye low vision other eye unspecified eyes 
H54.10,Blindness one eye low vision other eye unspecified eyes 
H54.10,Blindness one eye low vision other eye unspecified eyes 
H54.2,Low vision both eyes 
H54.10,Blindness one eye low vision other eye unspecified eyes 
H54.10,Blindness one eye low vision other eye unspecified eyes 
H54.10,Blindness one eye low vision other eye unspecified eyes 
H54.10,Blindness one eye low vision other eye unspecified eyes 
H54.2,Low vision both eyes 
H54.3,Unqualified visual loss both eyes 
H54.8,Legal blindness as defined in USA 
H54.40,Blindness one eye unspecified eye 
H54.41,Blindness right eye normal vision left eye 
H54.41,Blindness right eye normal vision left eye 
H54.41,Blindness right eye normal vision left eye 
H54.41,Blindness right eye normal vision left eye 
H54.41,Blindness right eye normal vision left eye 
H54.41,Blindness right eye normal vision left eye 
H54.41,Blindness right eye normal vision left eye 
H54.41,Blindness right eye normal vision left eye 
H54.41,Blindness right eye normal vision left eye 
H54.50,Low vision one eye unspecified eye 
H54.40,Blindness one eye unspecified eye 
H54.40,Blindness one eye unspecified eye 
H54.40,Blindness one eye unspecified eye 
H54.50,Low vision one eye unspecified eye 
H54.50,Low vision one eye unspecified eye 
H54.50,Low vision one eye unspecified eye 
H54.60,Unqualified visual loss one eye unspecified 
H54.7,Unspecified visual loss 
H16.009,Unspecified corneal ulcer unspecified eye 
H16.049,Marginal corneal ulcer unspecified eye 
H16.029,Ring corneal ulcer unspecified eye 
H16.019,Central corneal ulcer unspecified eye 
H16.039,Corneal ulcer with hypopyon unspecified eye 
H16.069,Mycotic corneal ulcer unspecified eye 
H16.079,Perforated corneal ulcer unspecified eye 
H16.059,Mooren's corneal ulcer unspecified eye 
H16.109,Unspecified superficial keratitis unspecified eye 
H16.149,Punctate keratitis unspecified eye 
H16.119,Macular keratitis unspecified eye 
H16.129,Filamentary keratitis unspecified eye 
H16.139,Photokeratitis unspecified eye 
H16.259,Phlyctenular keratoconjunctivitis unspecified eye 
H16.269,Vernal keratoconjunctivitis with limbar and corneal involvement unspecified eye 
H16.229,Keratoconjunctivitis sicca not specified as Sjogren's unspecified eye 
H16.219,Exposure keratoconjunctivitis unspecified eye 
H16.239,Neurotrophic keratoconjunctivitis unspecified eye 
H16.209,Unspecified keratoconjunctivitis unspecified eye 
H16.299,Other keratoconjunctivitis unspecified eye 
H16.299,Other keratoconjunctivitis unspecified eye 
H16.309,Unspecified interstitial keratitis unspecified eye 
H16.329,Diffuse interstitial keratitis unspecified eye 
H16.339,Sclerosing keratitis unspecified eye 
H16.319,Corneal abscess unspecified eye 
H16.399,Other interstitial and deep keratitis unspecified eye 
H16.409,Unspecified corneal neovascularization unspecified eye 
H16.439,Localized vascularization of cornea unspecified eye 
H16.429,Pannus (corneal) unspecified eye 
H16.449,Deep vascularization of cornea unspecified eye 
H16.419,Ghost vessels (corneal) unspecified eye 
H16.8,Other keratitis 
H16.9,Unspecified keratitis 
H17.9,Unspecified corneal scar and opacity 
H17.819,Minor opacity of cornea unspecified eye 
H17.829,Peripheral opacity of cornea unspecified eye 
H17.13,Central corneal opacity bilateral 
H17.03,Adherent leukoma bilateral 
A18.59,Other tuberculosis of eye 
H18.009,Unspecified corneal deposit unspecified eye 
H18.019,Anterior corneal pigmentations unspecified eye 
H18.069,Stromal corneal pigmentations unspecified eye 
H18.059,Posterior corneal pigmentations unspecified eye 
H18.049,Kayser-Fleischer ring unspecified eye 
H18.039,Corneal deposits in metabolic disorders unspecified eye 
H18.029,Argentous corneal deposits unspecified eye 
H18.20,Unspecified corneal edema 
H18.229,Idiopathic corneal edema unspecified eye 
H18.239,Secondary corneal edema unspecified eye 
H18.13,Bullous keratopathy bilateral 
H18.219,Corneal edema secondary to contact lens unspecified eye 
H18.30,Unspecified corneal membrane change 
H18.319,Folds and rupture in Bowman's membrane unspecified eye 
H18.329,Folds in Descemet's membrane unspecified eye 
H18.339,Rupture in Descemet's membrane unspecified eye 
H18.40,Unspecified corneal degeneration 
H18.419,Arcus senilis unspecified eye 
H18.839,Recurrent erosion of cornea unspecified eye 
H18.429,Band keratopathy unspecified eye 
H18.43,Other calcerous corneal degeneration 
H18.449,Keratomalacia unspecified eye 
H18.459,Nodular corneal degeneration unspecified eye 
H18.469,Peripheral corneal degeneration unspecified eye 
H18.49,Other corneal degeneration 
H18.50,Unspecified hereditary corneal dystrophies 
H18.52,Epithelial (juvenile) corneal dystrophy 
H18.59,Other hereditary corneal dystrophies 
H18.53,Granular corneal dystrophy 
H18.54,Lattice corneal dystrophy 
H18.55,Macular corneal dystrophy 
H18.59,Other hereditary corneal dystrophies 
H18.51,Endothelial corneal dystrophy 
H18.59,Other hereditary corneal dystrophies 
H18.609,Keratoconus unspecified unspecified eye 
H18.619,Keratoconus stable unspecified eye 
H18.629,Keratoconus unstable unspecified eye 
H18.70,Unspecified corneal deformity 
H18.719,Corneal ectasia unspecified eye 
H18.739,Descemetocele unspecified eye 
H18.729,Corneal staphyloma unspecified eye 
H18.819,Anesthesia and hypoesthesia of cornea unspecified eye 
H18.829,Corneal disorder due to contact lens unspecified eye 
H18.899,Other specified disorders of cornea unspecified eye 
H18.9,Unspecified disorder of cornea 
H10.33,Unspecified acute conjunctivitis bilateral 
H10.239,Serous conjunctivitis except viral unspecified eye 
H10.019,Acute follicular conjunctivitis unspecified eye 
H10.029,Other mucopurulent conjunctivitis unspecified eye 
H10.229,Pseudomembranous conjunctivitis unspecified eye 
H10.13,Acute atopic conjunctivitis bilateral 
H10.219,Acute toxic conjunctivitis unspecified eye 
H10.409,Unspecified chronic conjunctivitis unspecified eye 
H10.429,Simple chronic conjunctivitis unspecified eye 
H10.439,Chronic follicular conjunctivitis unspecified eye 
H10.44,Vernal conjunctivitis 
H10.45,Other chronic allergic conjunctivitis 
H10.89,Other conjunctivitis 
H10.509,Unspecified blepharoconjunctivitis unspecified eye 
H10.529,Angular blepharoconjunctivitis unspecified eye 
H10.539,Contact blepharoconjunctivitis unspecified eye 
H10.9,Unspecified conjunctivitis 
H10.89,Other conjunctivitis 
H10.89,Other conjunctivitis 
H10.819,Pingueculitis unspecified eye 
H10.89,Other conjunctivitis 
H11.009,Unspecified pterygium of unspecified eye 
H11.049,Peripheral pterygium stationary unspecified eye 
H11.059,Peripheral pterygium progressive unspecified eye 
H11.029,Central pterygium of unspecified eye 
H11.039,Double pterygium of unspecified eye 
H11.069,Recurrent pterygium of unspecified eye 
H11.10,Unspecified conjunctival degenerations 
H11.159,Pinguecula unspecified eye 
H11.819,Pseudopterygium of conjunctiva unspecified eye 
H11.149,Conjunctival xerosis unspecified unspecified eye 
H11.129,Conjunctival concretions unspecified eye 
H11.139,Conjunctival pigmentations unspecified eye 
H11.119,Conjunctival deposits unspecified eye 
H11.229,Conjunctival granuloma unspecified 
H11.219,Conjunctival adhesions and strands (localized) unspecified eye 
H11.239,Symblepharon unspecified eye 
H11.249,Scarring of conjunctiva unspecified eye 
H11.439,Conjunctival hyperemia unspecified eye 
H11.33,Conjunctival hemorrhage bilateral 
H11.429,Conjunctival edema unspecified eye 
H11.419,Vascular abnormalities of conjunctiva unspecified eye 
H11.449,Conjunctival cysts unspecified eye 
H11.829,Conjunctivochalasis unspecified eye 
H11.89,Other specified disorders of conjunctiva 
H11.9,Unspecified disorder of conjunctiva 
H01.009,Unspecified blepharitis unspecified eye unspecified eyelid 
H01.019,Ulcerative blepharitis unspecified eye unspecified eyelid 
H01.029,Squamous blepharitis unspecified eye unspecified eyelid 
H00.019,Hordeolum externum unspecified eye unspecified eyelid 
H00.029,Hordeolum internum unspecified eye unspecified eyelid 
H00.039,Abscess of eyelid unspecified eye unspecified eyelid 
H00.19,Chalazion unspecified eye unspecified eyelid 
H01.139,Eczematous dermatitis of unspecified eye unspecified eyelid 
H01.119,Allergic dermatitis of unspecified eye unspecified eyelid 
H01.149,Xeroderma of unspecified eye unspecified eyelid 
H01.129,Discoid lupus erythematosus of unspecified eye unspecified eyelid 
H01.8,Other specified inflammations of eyelid 
H01.8,Other specified inflammations of eyelid 
H01.8,Other specified inflammations of eyelid 
H01.8,Other specified inflammations of eyelid 
H01.9,Unspecified inflammation of eyelid 
H02.009,Unspecified entropion of unspecified eye unspecified eyelid 
H02.039,Senile entropion of unspecified eye unspecified eyelid 
H02.029,Mechanical entropion of unspecified eye unspecified eyelid 
H02.049,Spastic entropion of unspecified eye unspecified eyelid 
H02.019,Cicatricial entropion of unspecified eye unspecified eyelid 
H02.059,Trichiasis without entropian unspecified eye unspecified eyelid 
H02.109,Unspecified ectropion of unspecified eye unspecified eyelid 
H02.139,Senile ectropion of unspecified eye unspecified eyelid 
H02.129,Mechanical ectropion of unspecified eye unspecified eyelid 
H02.149,Spastic ectropion of unspecified eye unspecified eyelid 
H02.119,Cicatricial ectropion of unspecified eye unspecified eyelid 
H02.209,Unspecified lagophthalmos unspecified eye unspecified eyelid 
H02.239,Paralytic lagophthalmos unspecified eye unspecified eyelid 
H02.229,Mechanical lagophthalmos unspecified eye unspecified eyelid 
H02.219,Cicatricial lagophthalmos unspecified eye unspecified eyelid 
H02.409,Unspecified ptosis of unspecified eyelid 
H02.439,Paralytic ptosis unspecified eyelid 
H02.429,Myogenic ptosis of unspecified eyelid 
H02.419,Mechanical ptosis of unspecified eyelid 
H02.36,Blepharochalasis left eye unspecified eyelid 
H02.539,Eyelid retraction unspecified eye unspecified lid 
H02.519,Abnormal innervation syndrome unspecified eye unspecified eyelid 
H02.59,Other disorders affecting eyelid function 
H02.59,Other disorders affecting eyelid function 
H02.529,Blepharophimosis unspecified eye unspecified lid 
H02.70,Unspecified degenerative disorders of eyelid and periocular area 
H02.66,Xanthelasma of left eye unspecified eyelid 
H02.719,Chloasma of unspecified eye unspecified eyelid and periocular area 
H02.739,Vitiligo of unspecified eye unspecified eyelid and periocular area 
H02.869,Hypertrichosis of unspecified eye unspecified eyelid 
H02.729,Madarosis of unspecified eye unspecified eyelid and periocular area 
H02.79,Other degenerative disorders of eyelid and periocular area 
H02.89,Other specified disorders of eyelid 
H02.849,Edema of unspecified eye unspecified eyelid 
H02.859,Elephantiasis of unspecified eye unspecified eyelid 
H02.829,Cysts of unspecified eye unspecified eyelid 
H02.879,Vascular anomalies of unspecified eye unspecified eyelid 
H02.819,Retained foreign body in unspecified eye unspecified eyelid 
H02.839,Dermatochalasis of unspecified eye unspecified eyelid 
H02.89,Other specified disorders of eyelid 
H02.9,Unspecified disorder of eyelid 
H04.009,Unspecified dacryoadenitis unspecified lacrimal gland 
H04.019,Acute dacryoadenitis unspecified lacrimal gland 
H04.029,Chronic dacryoadenitis unspecified lacrimal gland 
H04.039,Chronic enlargement of unspecified lacrimal gland 
H04.119,Dacryops of unspecified lacrimal gland 
H04.139,Lacrimal cyst unspecified lacrimal gland 
H04.149,Primary lacrimal gland atrophy unspecified lacrimal gland 
H04.159,Secondary lacrimal gland atrophy unspecified lacrimal gland 
H04.129,Dry eye syndrome of unspecified lacrimal gland 
H04.169,Lacrimal gland dislocation unspecified lacrimal gland 
H04.209,Unspecified epiphora unspecified lacrimal gland 
H04.219,Epiphora due to excess lacrimation unspecified lacrimal gland 
H04.229,Epiphora due to insufficient drainage unspecified lacrimal gland 
H04.309,Unspecified dacryocystitis of unspecified lacrimal passage 
H04.339,Acute lacrimal canaliculitis of unspecified lacrimal passage 
H04.329,Acute dacryocystitis of unspecified lacrimal passage 
H04.319,Phlegmonous dacryocystitis of unspecified lacrimal passage 
H04.429,Chronic lacrimal canaliculitis of unspecified lacrimal passage 
H04.419,Chronic dacryocystitis of unspecified lacrimal passage 
H04.439,Chronic lacrimal mucocele of unspecified lacrimal passage 
H04.529,Eversion of unspecified lacrimal punctum 
H04.569,Stenosis of unspecified lacrimal punctum 
H04.549,Stenosis of unspecified lacrimal canaliculi 
H04.579,Stenosis of unspecified lacrimal sac 
H04.539,Neonatal obstruction of unspecified nasolacrimal duct 
H04.559,Acquired stenosis of unspecified nasolacrimal duct 
H04.519,Dacryolith of unspecified lacrimal passage 
H04.619,Lacrimal fistula unspecified lacrimal passage 
H04.69,Other changes of lacrimal passages 
H04.819,Granuloma of unspecified lacrimal passage 
H04.89,Other disorders of lacrimal system 
H04.9,Disorder of lacrimal system unspecified 
H05.00,Unspecified acute inflammation of orbit 
H05.019,Cellulitis of unspecified orbit 
H05.039,Periostitis of unspecified orbit 
H05.029,Osteomyelitis of unspecified orbit 
H05.049,Tenonitis of unspecified orbit 
H05.10,Unspecified chronic inflammatory disorders of orbit 
H05.119,Granuloma of unspecified orbit 
H05.129,Orbital myositis unspecified orbit 
H05.89,Other disorders of orbit 
H05.89,Other disorders of orbit 
H05.89,Other disorders of orbit 
H05.20,Unspecified exophthalmos 
H05.249,Constant exophthalmos unspecified eye 
H05.239,Hemorrhage of unspecified orbit 
H05.229,Edema of unspecified orbit 
H05.259,Intermittent exophthalmos unspecified eye 
H05.269,Pulsating exophthalmos unspecified eye 
H05.219,Displacement (lateral) of globe unspecified eye 
H05.30,Unspecified deformity of orbit 
H05.89,Other disorders of orbit 
H05.359,Exostosis of unspecified orbit 
H05.329,Deformity of unspecified orbit due to bone disease 
H05.89,Other disorders of orbit 
H05.319,Atrophy of unspecified orbit 
H05.349,Enlargement of unspecified orbit 
H05.339,Deformity of unspecified orbit due to trauma or surgery 
H05.409,Unspecified enophthalmos unspecified eye 
H05.419,Enophthalmos due to atrophy of orbital tissue unspecified eye 
H05.429,Enophthalmos due to trauma or surgery unspecified eye 
H05.53,Retained (old) foreign body following penetrating wound of bilateral orbits 
H05.819,Cyst of unspecified orbit 
H05.829,Myopathy of extraocular muscles unspecified orbit 
H05.89,Other disorders of orbit 
H05.9,Unspecified disorder of orbit 
H47.10,Unspecified papilledema 
H47.11,Papilledema associated with increased intracranial pressure 
H47.12,Papilledema associated with decreased ocular pressure 
H47.13,Papilledema associated with retinal disorder 
H47.149,Foster-Kennedy syndrome unspecified eye 
H47.20,Unspecified optic atrophy 
H47.219,Primary optic atrophy unspecified eye 
H47.299,Other optic atrophy unspecified eye 
H47.299,Other optic atrophy unspecified eye 
H47.239,Glaucomatous optic atrophy unspecified eye 
H47.299,Other optic atrophy unspecified eye 
H47.22,Hereditary optic atrophy 
H47.329,Drusen of optic disc unspecified eye 
H47.399,Other disorders of optic disc unspecified eye 
H47.319,Coloboma of optic disc unspecified eye 
H47.339,Pseudopapilledema of optic disc unspecified eye 
H46.9,Unspecified optic neuritis 
H46.00,Optic papillitis unspecified eye 
H46.10,Retrobulbar neuritis unspecified eye 
H46.2,Nutritional optic neuropathy 
H46.3,Toxic optic neuropathy 
H46.8,Other optic neuritis 
H47.019,Ischemic optic neuropathy unspecified eye 
H47.029,Hemorrhage in optic nerve sheath unspecified eye 
H47.039,Optic nerve hypoplasia unspecified eye 
H47.099,Other disorders of optic nerve not elsewhere classified unspecified eye 
H47.49,Disorders of optic chiasm in (due to) other disorders 
H47.42,Disorders of optic chiasm in (due to) neoplasm 
H47.43,Disorders of optic chiasm in (due to) vascular disorders 
H47.41,Disorders of optic chiasm in (due to) inflammatory disorders 
H47.529,Disorders of visual pathways in (due to) neoplasm unspecified side 
H47.539,Disorders of visual pathways in (due to) vascular disorders unspecified side 
H47.519,Disorders of visual pathways in (due to) inflammatory disorders unspecified side 
H47.639,Disorders of visual cortex in (due to) neoplasm unspecified side of brain 
H47.649,Disorders of visual cortex in (due to) vascular disorders unspecified side of brain 
H47.629,Disorders of visual cortex in (due to) inflammatory disorders unspecified side of brain 
H47.619,Cortical blindness unspecified side of brain 
H47.9,Unspecified disorder of visual pathways 
H50.00,Unspecified esotropia 
H50.011,Monocular esotropia right eye 
H50.021,Monocular esotropia with A pattern right eye 
H50.031,Monocular esotropia with V pattern right eye 
H50.041,Monocular esotropia with other noncomitancies right eye 
H50.05,Alternating esotropia 
H50.06,Alternating esotropia with A pattern 
H50.07,Alternating esotropia with V pattern 
H50.08,Alternating esotropia with other noncomitancies 
H50.10,Unspecified exotropia 
H50.111,Monocular exotropia right eye 
H50.121,Monocular exotropia with A pattern right eye 
H50.131,Monocular exotropia with V pattern right eye 
H50.141,Monocular exotropia with other noncomitancies right eye 
H50.15,Alternating exotropia 
H50.16,Alternating exotropia with A pattern 
H50.17,Alternating exotropia with V pattern 
H50.18,Alternating exotropia with other noncomitancies 
H50.30,Unspecified intermittent heterotropia 
H50.311,Intermittent monocular esotropia right eye 
H50.32,Intermittent alternating esotropia 
H50.331,Intermittent monocular exotropia right eye 
H50.34,Intermittent alternating exotropia 
H50.40,Unspecified heterotropia 
H50.21,Vertical strabismus right eye 
H50.21,Vertical strabismus right eye 
H50.411,Cyclotropia right eye 
H50.42,Monofixation syndrome 
H50.43,Accommodative component in esotropia 
H50.50,Unspecified heterophoria 
H50.51,Esophoria 
H50.52,Exophoria 
H50.53,Vertical heterophoria 
H50.54,Cyclophoria 
H50.55,Alternating heterophoria 
H49.889,Other paralytic strabismus unspecified eye 
H49.00,Third [oculomotor] nerve palsy unspecified eye 
H49.00,Third [oculomotor] nerve palsy unspecified eye 
H49.10,Fourth [trochlear] nerve palsy unspecified eye 
H49.20,Sixth [abducent] nerve palsy unspecified eye 
H49.40,Progressive external ophthalmoplegia unspecified eye 
H49.30,Total (external) ophthalmoplegia unspecified eye 
H50.60,Mechanical strabismus unspecified 
H50.611,Brown's sheath syndrome right eye 
H50.69,Other mechanical strabismus 
H50.69,Other mechanical strabismus 
H50.811,Duane's syndrome right eye 
H50.89,Other specified strabismus 
H50.89,Other specified strabismus 
H51.0,Palsy (spasm) of conjugate gaze 
H51.0,Palsy (spasm) of conjugate gaze 
H51.11,Convergence insufficiency 
H51.12,Convergence excess 
H51.8,Other specified disorders of binocular movement 
H51.20,Internuclear ophthalmoplegia unspecified eye 
H51.8,Other specified disorders of binocular movement 
H51.9,Unspecified disorder of binocular movement 
H15.009,Unspecified scleritis unspecified eye 
H15.119,Episcleritis periodica fugax unspecified eye 
H15.129,Nodular episcleritis unspecified eye 
H15.019,Anterior scleritis unspecified eye 
H15.059,Scleromalacia perforans unspecified eye 
H15.049,Scleritis with corneal involvement unspecified eye 
H15.029,Brawny scleritis unspecified eye 
H15.039,Posterior scleritis unspecified eye 
H15.099,Other scleritis unspecified eye 
H15.849,Scleral ectasia unspecified eye 
H15.839,Staphyloma posticum unspecified eye 
H15.819,Equatorial staphyloma unspecified eye 
H15.829,Localized anterior staphyloma unspecified eye 
H15.859,Ring staphyloma unspecified eye 
H15.89,Other disorders of sclera 
H15.89,Other disorders of sclera 
H43.819,Vitreous degeneration unspecified eye 
H43.23,Crystalline deposits in vitreous body bilateral 
H43.13,Vitreous hemorrhage bilateral 
H43.399,Other vitreous opacities unspecified eye 
H43.319,Vitreous membranes and strands unspecified eye 
H43.03,Vitreous prolapse bilateral 
H43.829,Vitreomacular adhesion unspecified eye 
H43.89,Other disorders of vitreous body 
H27.03,Aphakia bilateral 
H27.119,Subluxation of lens unspecified eye 
H27.129,Anterior dislocation of lens unspecified eye 
H27.139,Posterior dislocation of lens unspecified eye 
H27.8,Other specified disorders of lens 
H57.00,Unspecified anomaly of pupillary function 
H57.02,Anisocoria 
H57.03,Miosis 
H57.04,Mydriasis 
H57.01,Argyll Robertson pupil atypical 
H57.059,Tonic pupil unspecified eye 
H57.09,Other anomalies of pupillary function 
H55.00,Unspecified nystagmus 
H55.01,Congenital nystagmus 
H55.02,Latent nystagmus 
H55.03,Visual deprivation nystagmus 
H55.09,Other forms of nystagmus 
H55.04,Dissociated nystagmus 
H55.09,Other forms of nystagmus 
H55.81,Saccadic eye movements 
H55.89,Other irregular eye movements 
H55.89,Other irregular eye movements 
H59.40,Inflammation (infection) of postprocedural bleb unspecified 
H59.41,Inflammation (infection) of postprocedural bleb stage 1 
H59.42,Inflammation (infection) of postprocedural bleb stage 2 
H59.43,Inflammation (infection) of postprocedural bleb stage 3 
H57.8,Other specified disorders of eye and adnexa 
H57.9,Unspecified disorder of eye and adnexa 
H57.13,Ocular pain bilateral 
H57.8,Other specified disorders of eye and adnexa 
H57.8,Other specified disorders of eye and adnexa 
H57.8,Other specified disorders of eye and adnexa 
H61.009,Unspecified perichondritis of external ear unspecified ear 
H61.019,Acute perichondritis of external ear unspecified ear 
H61.029,Chronic perichondritis of external ear unspecified ear 
H61.039,Chondritis of external ear unspecified ear 
H60.399,Other infective otitis externa unspecified ear 
H61.93,Disorder of external ear unspecified bilateral 
H60.339,Swimmer's ear unspecified ear 
H62.40,Otitis externa in other diseases classified elsewhere unspecified ear 
H60.20,Malignant otitis externa unspecified ear 
H62.8X1,Other disorders of right external ear in diseases classified elsewhere 
H60.399,Other infective otitis externa unspecified ear 
H60.40,Cholesteatoma of external ear unspecified ear 
H60.519,Acute actinic otitis externa unspecified ear 
H60.8X1,Other otitis externa right ear 
H61.109,Unspecified noninfective disorders of pinna unspecified ear 
H61.129,Hematoma of pinna unspecified ear 
H61.119,Acquired deformity of pinna unspecified ear 
H61.199,Noninfective disorders of pinna unspecified ear 
H61.23,Impacted cerumen bilateral 
H61.309,Acquired stenosis of external ear canal unspecified unspecified ear 
H61.319,Acquired stenosis of external ear canal secondary to trauma unspecified ear 
H61.399,Other acquired stenosis of external ear canal unspecified ear 
H61.329,Acquired stenosis of external ear canal secondary to inflammation and infection unspecified ear 
H61.819,Exostosis of external canal unspecified ear 
H61.899,Other specified disorders of external ear unspecified ear 
H61.93,Disorder of external ear unspecified bilateral 
H65.199,Other acute nonsuppurative otitis media unspecified ear 
H65.00,Acute serous otitis media unspecified ear 
H65.119,Acute and subacute allergic otitis media (mucoid) (sanguinous) (serous) unspecified ear 
H65.119,Acute and subacute allergic otitis media (mucoid) (sanguinous) (serous) unspecified ear 
H65.119,Acute and subacute allergic otitis media (mucoid) (sanguinous) (serous) unspecified ear 
H65.119,Acute and subacute allergic otitis media (mucoid) (sanguinous) (serous) unspecified ear 
H65.119,Acute and subacute allergic otitis media (mucoid) (sanguinous) (serous) unspecified ear 
H65.20,Chronic serous otitis media unspecified ear 
H65.20,Chronic serous otitis media unspecified ear 
H65.30,Chronic mucoid otitis media unspecified ear 
H65.30,Chronic mucoid otitis media unspecified ear 
H65.499,Other chronic nonsuppurative otitis media unspecified ear 
H65.90,Unspecified nonsuppurative otitis media unspecified ear 
H68.009,Unspecified Eustachian salpingitis unspecified ear 
H68.019,Acute Eustachian salpingitis unspecified ear 
H68.029,Chronic Eustachian salpingitis unspecified ear 
H68.109,Unspecified obstruction of Eustachian tube unspecified ear 
H68.119,Osseous obstruction of Eustachian tube unspecified ear 
H68.129,Intrinsic cartilagenous obstruction of Eustachian tube unspecified ear 
H68.139,Extrinsic cartilagenous obstruction of Eustachian tube unspecified ear 
H69.00,Patulous Eustachian tube unspecified ear 
H69.80,Other specified disorders of Eustachian tube unspecified ear 
H69.80,Other specified disorders of Eustachian tube unspecified ear 
H69.90,Unspecified Eustachian tube disorder unspecified ear 
H66.009,Acute suppurative otitis media without spontaneous rupture of ear drum unspecified ear 
H66.019,Acute suppurative otitis media with spontaneous rupture of ear drum unspecified ear 
H67.9,Otitis media in diseases classified elsewhere unspecified ear 
H66.13,Chronic tubotympanic suppurative otitis media bilateral 
H66.23,Chronic atticoantral suppurative otitis media bilateral 
H66.3X9,Other chronic suppurative otitis media unspecified ear 
H66.40,Suppurative otitis media unspecified unspecified ear 
H66.90,Otitis media unspecified unspecified ear 
H70.009,Acute mastoiditis without complications unspecified ear 
H70.019,Subperiosteal abscess of mastoid unspecified ear 
H70.099,Acute mastoiditis with other complications unspecified ear 
H70.10,Chronic mastoiditis unspecified ear 
H70.209,Unspecified petrositis unspecified ear 
H70.219,Acute petrositis unspecified ear 
H70.229,Chronic petrositis unspecified ear 
H95.199,Other disorders following mastoidectomy unspecified ear 
H95.139,Mucosal cyst of postmastoidectomy cavity unspecified ear 
H95.03,Recurrent cholesteatoma of postmastoidectomy cavity bilateral ears 
H95.129,Granulation of postmastoidectomy cavity unspecified ear 
H70.819,Postauricular fistula unspecified ear 
H70.899,Other mastoiditis and related conditions unspecified ear 
H70.90,Unspecified mastoiditis unspecified ear 
H73.009,Acute myringitis unspecified ear 
H73.019,Bullous myringitis unspecified ear 
H73.099,Other acute myringitis unspecified ear 
H73.10,Chronic myringitis unspecified ear 
H72.90,Unspecified perforation of tympanic membrane unspecified ear 
H72.00,Central perforation of tympanic membrane unspecified ear 
H72.10,Attic perforation of tympanic membrane unspecified ear 
H72.2X9,Other marginal perforations of tympanic membrane unspecified ear 
H72.819,Multiple perforations of tympanic membrane unspecified ear 
H72.829,Total perforations of tympanic membrane unspecified ear 
H73.819,Atrophic flaccid tympanic membrane unspecified ear 
H73.829,Atrophic nonflaccid tympanic membrane unspecified ear 
H73.93,Unspecified disorder of tympanic membrane bilateral 
H74.09,Tympanosclerosis unspecified ear 
H74.09,Tympanosclerosis unspecified ear 
H74.09,Tympanosclerosis unspecified ear 
H74.09,Tympanosclerosis unspecified ear 
H74.09,Tympanosclerosis unspecified ear 
H74.19,Adhesive middle ear disease unspecified ear 
H74.19,Adhesive middle ear disease unspecified ear 
H74.19,Adhesive middle ear disease unspecified ear 
H74.19,Adhesive middle ear disease unspecified ear 
H74.19,Adhesive middle ear disease unspecified ear 
H74.319,Ankylosis of ear ossicles unspecified ear 
H74.319,Ankylosis of ear ossicles unspecified ear 
H74.20,Discontinuity and dislocation of ear ossicles unspecified ear 
H74.329,Partial loss of ear ossicles unspecified ear 
H71.93,Unspecified cholesteatoma bilateral 
H71.03,Cholesteatoma of attic bilateral 
H71.13,Cholesteatoma of tympanum bilateral 
H71.23,Cholesteatoma of mastoid bilateral 
H71.33,Diffuse cholesteatosis bilateral 
H74.8X9,Other specified disorders of middle ear and mastoid unspecified ear 
H74.8X9,Other specified disorders of middle ear and mastoid unspecified ear 
H74.8X9,Other specified disorders of middle ear and mastoid unspecified ear 
H74.90,Unspecified disorder of middle ear and mastoid unspecified ear 
H81.09,Meniere's disease unspecified ear 
H81.09,Meniere's disease unspecified ear 
H81.09,Meniere's disease unspecified ear 
H81.09,Meniere's disease unspecified ear 
H81.09,Meniere's disease unspecified ear 
H81.399,Other peripheral vertigo unspecified ear 
H81.13,Benign paroxysmal vertigo bilateral 
H81.23,Vestibular neuronitis bilateral 
H81.319,Aural vertigo unspecified ear 
H81.49,Vertigo of central origin unspecified ear 
H83.09,Labyrinthitis unspecified ear 
H83.09,Labyrinthitis unspecified ear 
H83.09,Labyrinthitis unspecified ear 
H83.09,Labyrinthitis unspecified ear 
H83.09,Labyrinthitis unspecified ear 
H83.09,Labyrinthitis unspecified ear 
H83.19,Labyrinthine fistula unspecified ear 
H83.19,Labyrinthine fistula unspecified ear 
H83.19,Labyrinthine fistula unspecified ear 
H83.19,Labyrinthine fistula unspecified ear 
H83.19,Labyrinthine fistula unspecified ear 
H83.2X9,Labyrinthine dysfunction unspecified ear 
H83.2X9,Labyrinthine dysfunction unspecified ear 
H83.2X9,Labyrinthine dysfunction unspecified ear 
H83.2X9,Labyrinthine dysfunction unspecified ear 
H83.2X9,Labyrinthine dysfunction unspecified ear 
H83.2X9,Labyrinthine dysfunction unspecified ear 
H83.2X9,Labyrinthine dysfunction unspecified ear 
H83.2X9,Labyrinthine dysfunction unspecified ear 
H81.8X9,Other disorders of vestibular function unspecified ear 
H81.93,Unspecified disorder of vestibular function bilateral 
H80.03,Otosclerosis involving oval window nonobliterative bilateral 
H80.13,Otosclerosis involving oval window obliterative bilateral 
H80.23,Cochlear otosclerosis bilateral 
H80.83,Other otosclerosis bilateral 
H80.93,Unspecified otosclerosis bilateral 
H93.099,Unspecified degenerative and vascular disorders of unspecified ear 
H91.13,Presbycusis bilateral 
H93.019,Transient ischemic deafness unspecified ear 
H83.3X9,Noise effects on inner ear unspecified ear 
H91.8X9,Other specified hearing loss unspecified ear 
H83.3X9,Noise effects on inner ear unspecified ear 
H91.23,Sudden idiopathic hearing loss bilateral 
H93.19,Tinnitus unspecified ear 
H93.19,Tinnitus unspecified ear 
H93.19,Tinnitus unspecified ear 
H93.249,Temporary auditory threshold shift unspecified ear 
H93.229,Diplacusis unspecified ear 
H93.239,Hyperacusis unspecified ear 
H93.299,Other abnormal auditory perceptions unspecified ear 
H93.219,Auditory recruitment unspecified ear 
H93.299,Other abnormal auditory perceptions unspecified ear 
H93.3X9,Disorders of unspecified acoustic nerve 
H92.10,Otorrhea unspecified ear 
G96.0,Cerebrospinal fluid leak 
H92.20,Otorrhagia unspecified ear 
H92.09,Otalgia unspecified ear 
H92.09,Otalgia unspecified ear 
H92.09,Otalgia unspecified ear 
H93.8X9,Other specified disorders of ear unspecified ear 
H93.93,Unspecified disorder of ear bilateral 
H90.2,Conductive hearing loss unspecified 
H90.2,Conductive hearing loss unspecified 
H90.2,Conductive hearing loss unspecified 
H90.2,Conductive hearing loss unspecified 
H90.2,Conductive hearing loss unspecified 
H90.11,Conductive hearing loss unilateral right ear with unrestricted hearing on the contralateral side 
H90.0,Conductive hearing loss bilateral 
H90.2,Conductive hearing loss unspecified 
H90.5,Unspecified sensorineural hearing loss 
H90.3,Sensorineural hearing loss bilateral 
H90.3,Sensorineural hearing loss bilateral 
H90.41,Sensorineural hearing loss unilateral right ear with unrestricted hearing on the contralateral side 
H90.5,Unspecified sensorineural hearing loss 
H90.41,Sensorineural hearing loss unilateral right ear with unrestricted hearing on the contralateral side 
H90.5,Unspecified sensorineural hearing loss 
H90.41,Sensorineural hearing loss unilateral right ear with unrestricted hearing on the contralateral side 
H90.3,Sensorineural hearing loss bilateral 
H90.8,Mixed conductive and sensorineural hearing loss unspecified 
H90.71,Mixed conductive and sensorineural hearing loss unilateral right ear with unrestricted hearing on the contralateral side 
H90.6,Mixed conductive and sensorineural hearing loss bilateral 
H91.3,Deaf nonspeaking not elsewhere classified 
H91.8X9,Other specified hearing loss unspecified ear 
H91.90,Unspecified hearing loss unspecified ear 
I00,Rheumatic fever without heart involvement 
I01.0,Acute rheumatic pericarditis 
I01.1,Acute rheumatic endocarditis 
I01.2,Acute rheumatic myocarditis 
I01.8,Other acute rheumatic heart disease 
I01.9,Acute rheumatic heart disease unspecified 
I02.0,Rheumatic chorea with heart involvement 
I02.9,Rheumatic chorea without heart involvement 
I09.2,Chronic rheumatic pericarditis 
I05.0,Rheumatic mitral stenosis 
I05.1,Rheumatic mitral insufficiency 
I05.2,Rheumatic mitral stenosis with insufficiency 
I05.8,Other rheumatic mitral valve diseases 
I06.0,Rheumatic aortic stenosis 
I06.1,Rheumatic aortic insufficiency 
I06.2,Rheumatic aortic stenosis with insufficiency 
I06.9,Rheumatic aortic valve disease unspecified 
I08.0,Rheumatic disorders of both mitral and aortic valves 
I08.0,Rheumatic disorders of both mitral and aortic valves 
I08.0,Rheumatic disorders of both mitral and aortic valves 
I08.0,Rheumatic disorders of both mitral and aortic valves 
I08.8,Other rheumatic multiple valve diseases 
I08.9,Rheumatic multiple valve disease unspecified 
I07.2,Rheumatic tricuspid stenosis and insufficiency 
I09.89,Other specified rheumatic heart diseases 
I09.1,Rheumatic diseases of endocardium valve unspecified 
I09.0,Rheumatic myocarditis 
I09.9,Rheumatic heart disease unspecified 
I09.81,Rheumatic heart failure 
I09.89,Other specified rheumatic heart diseases 
I10,Essential (primary) hypertension 
I10,Essential (primary) hypertension 
I10,Essential (primary) hypertension 
I11.9,Hypertensive heart disease without heart failure 
I11.0,Hypertensive heart disease with heart failure 
I11.9,Hypertensive heart disease without heart failure 
I11.0,Hypertensive heart disease with heart failure 
I11.9,Hypertensive heart disease without heart failure 
I11.0,Hypertensive heart disease with heart failure 
I12.9,Hypertensive chronic kidney disease with stage 1 through stage 4 chronic kidney disease or unspecified chronic kidney disease 
I12.0,Hypertensive chronic kidney disease with stage 5 chronic kidney disease or end stage renal disease 
I12.9,Hypertensive chronic kidney disease with stage 1 through stage 4 chronic kidney disease or unspecified chronic kidney disease 
I12.0,Hypertensive chronic kidney disease with stage 5 chronic kidney disease or end stage renal disease 
I12.9,Hypertensive chronic kidney disease with stage 1 through stage 4 chronic kidney disease or unspecified chronic kidney disease 
I12.0,Hypertensive chronic kidney disease with stage 5 chronic kidney disease or end stage renal disease 
I13.10,Hypertensive heart and chronic kidney disease without heart failure with stage 1 through stage 4 chronic kidney disease or unspecified chronic kidney disease 
I13.0,Hypertensive heart and chronic kidney disease with heart failure and stage 1 through stage 4 chronic kidney disease or unspecified chronic kidney disease 
I13.11,Hypertensive heart and chronic kidney disease without heart failure with stage 5 chronic kidney disease or end stage renal disease 
I13.2,Hypertensive heart and chronic kidney disease with heart failure and with stage 5 chronic kidney disease or end stage renal disease 
I13.10,Hypertensive heart and chronic kidney disease without heart failure with stage 1 through stage 4 chronic kidney disease or unspecified chronic kidney disease 
I13.0,Hypertensive heart and chronic kidney disease with heart failure and stage 1 through stage 4 chronic kidney disease or unspecified chronic kidney disease 
I13.11,Hypertensive heart and chronic kidney disease without heart failure with stage 5 chronic kidney disease or end stage renal disease 
I13.2,Hypertensive heart and chronic kidney disease with heart failure and with stage 5 chronic kidney disease or end stage renal disease 
I13.10,Hypertensive heart and chronic kidney disease without heart failure with stage 1 through stage 4 chronic kidney disease or unspecified chronic kidney disease 
I13.0,Hypertensive heart and chronic kidney disease with heart failure and stage 1 through stage 4 chronic kidney disease or unspecified chronic kidney disease 
I13.11,Hypertensive heart and chronic kidney disease without heart failure with stage 5 chronic kidney disease or end stage renal disease 
I13.2,Hypertensive heart and chronic kidney disease with heart failure and with stage 5 chronic kidney disease or end stage renal disease 
I15.0,Renovascular hypertension 
I15.8,Other secondary hypertension 
I15.0,Renovascular hypertension 
I15.8,Other secondary hypertension 
I15.0,Renovascular hypertension 
I15.8,Other secondary hypertension 
I21.09,ST elevation (STEMI) myocardial infarction involving other coronary artery of anterior wall 
I21.09,ST elevation (STEMI) myocardial infarction involving other coronary artery of anterior wall 
I21.09,ST elevation (STEMI) myocardial infarction involving other coronary artery of anterior wall 
I21.09,ST elevation (STEMI) myocardial infarction involving other coronary artery of anterior wall 
I21.09,ST elevation (STEMI) myocardial infarction involving other coronary artery of anterior wall 
I21.09,ST elevation (STEMI) myocardial infarction involving other coronary artery of anterior wall 
I21.19,ST elevation (STEMI) myocardial infarction involving other coronary artery of inferior wall 
I21.19,ST elevation (STEMI) myocardial infarction involving other coronary artery of inferior wall 
I21.19,ST elevation (STEMI) myocardial infarction involving other coronary artery of inferior wall 
I21.11,ST elevation (STEMI) myocardial infarction involving right coronary artery 
I21.11,ST elevation (STEMI) myocardial infarction involving right coronary artery 
I21.11,ST elevation (STEMI) myocardial infarction involving right coronary artery 
I21.19,ST elevation (STEMI) myocardial infarction involving other coronary artery of inferior wall 
I21.19,ST elevation (STEMI) myocardial infarction involving other coronary artery of inferior wall 
I21.19,ST elevation (STEMI) myocardial infarction involving other coronary artery of inferior wall 
I21.29,ST elevation (STEMI) myocardial infarction involving other sites 
I21.29,ST elevation (STEMI) myocardial infarction involving other sites 
I21.29,ST elevation (STEMI) myocardial infarction involving other sites 
I21.29,ST elevation (STEMI) myocardial infarction involving other sites 
I21.29,ST elevation (STEMI) myocardial infarction involving other sites 
I21.29,ST elevation (STEMI) myocardial infarction involving other sites 
I21.4,Non-ST elevation (NSTEMI) myocardial infarction 
I21.4,Non-ST elevation (NSTEMI) myocardial infarction 
I21.4,Non-ST elevation (NSTEMI) myocardial infarction 
I21.29,ST elevation (STEMI) myocardial infarction involving other sites 
I21.29,ST elevation (STEMI) myocardial infarction involving other sites 
I21.29,ST elevation (STEMI) myocardial infarction involving other sites 
I21.3,ST elevation (STEMI) myocardial infarction of unspecified site 
I21.3,ST elevation (STEMI) myocardial infarction of unspecified site 
I21.3,ST elevation (STEMI) myocardial infarction of unspecified site 
I24.1,Dressler's syndrome 
I20.0,Unstable angina 
I24.0,Acute coronary thrombosis not resulting in myocardial infarction 
I24.8,Other forms of acute ischemic heart disease 
I25.2,Old myocardial infarction 
I20.8,Other forms of angina pectoris 
I20.1,Angina pectoris with documented spasm 
I20.8,Other forms of angina pectoris 
I25.10,Atherosclerotic heart disease of native coronary artery without angina pectoris 
I25.10,Atherosclerotic heart disease of native coronary artery without angina pectoris 
I25.810,Atherosclerosis of coronary artery bypass graft(s) without angina pectoris 
I25.810,Atherosclerosis of coronary artery bypass graft(s) without angina pectoris 
I25.810,Atherosclerosis of coronary artery bypass graft(s) without angina pectoris 
I25.810,Atherosclerosis of coronary artery bypass graft(s) without angina pectoris 
I25.811,Atherosclerosis of native coronary artery of transplanted heart without angina pectoris 
I25.812,Atherosclerosis of bypass graft of coronary artery of transplanted heart without angina pectoris 
I25.3,Aneurysm of heart 
I25.41,Coronary artery aneurysm 
I25.42,Coronary artery dissection 
I25.3,Aneurysm of heart 
I25.82,Chronic total occlusion of coronary artery 
I25.83,Coronary atherosclerosis due to lipid rich plaque 
I25.84,Coronary atherosclerosis due to calcified coronary lesion 
I25.89,Other forms of chronic ischemic heart disease 
I25.9,Chronic ischemic heart disease unspecified 
I26.09,Other pulmonary embolism with acute cor pulmonale 
T80.0xxA,Air embolism following infusion transfusion and therapeutic injection initial encounter 
I26.90,Septic pulmonary embolism without acute cor pulmonale 
I26.90,Septic pulmonary embolism without acute cor pulmonale 
I26.92,Saddle embolus of pulmonary artery without acute cor pulmonale 
I26.99,Other pulmonary embolism without acute cor pulmonale 
I27.0,Primary pulmonary hypertension 
I27.1,Kyphoscoliotic heart disease 
I27.82,Chronic pulmonary embolism 
I27.89,Other specified pulmonary heart diseases 
I27.81,Cor pulmonale (chronic) 
I28.0,Arteriovenous fistula of pulmonary vessels 
I28.1,Aneurysm of pulmonary artery 
I28.8,Other diseases of pulmonary vessels 
I28.9,Disease of pulmonary vessels unspecified 
I32,Pericarditis in diseases classified elsewhere 
I30.9,Acute pericarditis unspecified 
I30.0,Acute nonspecific idiopathic pericarditis 
I30.8,Other forms of acute pericarditis 
I33.0,Acute and subacute infective endocarditis 
I39,Endocarditis and heart valve disorders in diseases classified elsewhere 
I33.9,Acute and subacute endocarditis unspecified 
I41,Myocarditis in diseases classified elsewhere 
I40.9,Acute myocarditis unspecified 
I40.0,Infective myocarditis 
I40.0,Infective myocarditis 
I40.8,Other acute myocarditis 
I40.8,Other acute myocarditis 
I31.2,Hemopericardium not elsewhere classified 
I31.0,Chronic adhesive pericarditis 
I31.1,Chronic constrictive pericarditis 
I31.4,Cardiac tamponade 
I31.8,Other specified diseases of pericardium 
I31.9,Disease of pericardium unspecified 
I34.0,Nonrheumatic mitral (valve) insufficiency 
I35.2,Nonrheumatic aortic (valve) stenosis with insufficiency 
I36.8,Other nonrheumatic tricuspid valve disorders 
I37.0,Nonrheumatic pulmonary valve stenosis 
I38,Endocarditis valve unspecified 
I39,Endocarditis and heart valve disorders in diseases classified elsewhere 
I38,Endocarditis valve unspecified 
I42.3,Endomyocardial (eosinophilic) disease 
I42.1,Obstructive hypertrophic cardiomyopathy 
I42.2,Other hypertrophic cardiomyopathy 
I42.8,Other cardiomyopathies 
I42.4,Endocardial fibroelastosis 
I42.5,Other restrictive cardiomyopathy 
I42.6,Alcoholic cardiomyopathy 
I43,Cardiomyopathy in diseases classified elsewhere 
I43,Cardiomyopathy in diseases classified elsewhere 
I42.7,Cardiomyopathy due to drug and external agent 
I44.2,Atrioventricular block complete 
I44.30,Unspecified atrioventricular block 
I44.0,Atrioventricular block first degree 
I44.1,Atrioventricular block second degree 
I44.1,Atrioventricular block second degree 
I44.4,Left anterior fascicular block 
I44.7,Left bundle-branch block unspecified 
I45.10,Unspecified right bundle-branch block 
I44.30,Unspecified atrioventricular block 
I45.2,Bifascicular block 
I45.2,Bifascicular block 
I45.2,Bifascicular block 
I45.3,Trifascicular block 
I45.5,Other specified heart block 
I45.6,Pre-excitation syndrome 
I45.6,Pre-excitation syndrome 
I45.81,Long QT syndrome 
I45.89,Other specified conduction disorders 
I45.9,Conduction disorder unspecified 
I47.1,Supraventricular tachycardia 
I47.2,Ventricular tachycardia 
I47.9,Paroxysmal tachycardia unspecified 
I48.91,Unspecified atrial fibrillation 
I48.92,Unspecified atrial flutter 
I49.01,Ventricular fibrillation 
I49.02,Ventricular flutter 
I46.9,Cardiac arrest cause unspecified 
I49.40,Unspecified premature depolarization 
I49.1,Atrial premature depolarization 
I49.49,Other premature depolarization 
I49.5,Sick sinus syndrome 
I49.8,Other specified cardiac arrhythmias 
I49.9,Cardiac arrhythmia unspecified 
I50.9,Heart failure unspecified 
I50.1,Left ventricular failure 
I50.20,Unspecified systolic (congestive) heart failure 
I50.21,Acute systolic (congestive) heart failure 
I50.22,Chronic systolic (congestive) heart failure 
I50.23,Acute on chronic systolic (congestive) heart failure 
I50.30,Unspecified diastolic (congestive) heart failure 
I50.31,Acute diastolic (congestive) heart failure 
I50.32,Chronic diastolic (congestive) heart failure 
I50.33,Acute on chronic diastolic (congestive) heart failure 
I50.40,Unspecified combined systolic (congestive) and diastolic (congestive) heart failure 
I50.41,Acute combined systolic (congestive) and diastolic (congestive) heart failure 
I50.42,Chronic combined systolic (congestive) and diastolic (congestive) heart failure 
I50.43,Acute on chronic combined systolic (congestive) and diastolic (congestive) heart failure 
I50.9,Heart failure unspecified 
I51.4,Myocarditis unspecified 
I51.5,Myocardial degeneration 
I25.10,Atherosclerotic heart disease of native coronary artery without angina pectoris 
I51.7,Cardiomegaly 
I97.0,Postcardiotomy syndrome 
I51.1,Rupture of chordae tendineae not elsewhere classified 
I51.2,Rupture of papillary muscle not elsewhere classified 
I51.0,Cardiac septal defect acquired 
I23.0,Hemopericardium as current complication following acute myocardial infarction 
I51.89,Other ill-defined heart diseases 
I51.89,Other ill-defined heart diseases 
I51.81,Takotsubo syndrome 
I51.89,Other ill-defined heart diseases 
I51.9,Heart disease unspecified 
I60.9,Nontraumatic subarachnoid hemorrhage unspecified 
I61.9,Nontraumatic intracerebral hemorrhage unspecified 
I62.1,Nontraumatic extradural hemorrhage 
I62.00,Nontraumatic subdural hemorrhage unspecified 
I62.9,Nontraumatic intracranial hemorrhage unspecified 
I65.1,Occlusion and stenosis of basilar artery 
I63.22,Cerebral infarction due to unspecified occlusion or stenosis of basilar arteries 
I65.29,Occlusion and stenosis of unspecified carotid artery 
I63.139,Cerebral infarction due to embolism of unspecified carotid artery 
I65.09,Occlusion and stenosis of unspecified vertebral artery 
I63.019,Cerebral infarction due to thrombosis of unspecified vertebral artery 
I65.8,Occlusion and stenosis of other precerebral arteries 
I63.59,Cerebral infarction due to unspecified occlusion or stenosis of other cerebral artery 
I65.8,Occlusion and stenosis of other precerebral arteries 
I63.59,Cerebral infarction due to unspecified occlusion or stenosis of other cerebral artery 
I65.9,Occlusion and stenosis of unspecified precerebral artery 
I63.20,Cerebral infarction due to unspecified occlusion or stenosis of unspecified precerebral arteries 
I66.09,Occlusion and stenosis of unspecified middle cerebral artery 
I63.30,Cerebral infarction due to thrombosis of unspecified cerebral artery 
I66.09,Occlusion and stenosis of unspecified middle cerebral artery 
I63.40,Cerebral infarction due to embolism of unspecified cerebral artery 
I66.9,Occlusion and stenosis of unspecified cerebral artery 
I63.50,Cerebral infarction due to unspecified occlusion or stenosis of unspecified cerebral artery 
G45.0,Vertebro-basilar artery syndrome 
G45.0,Vertebro-basilar artery syndrome 
G45.8,Other transient cerebral ischemic attacks and related syndromes 
G45.0,Vertebro-basilar artery syndrome 
G45.8,Other transient cerebral ischemic attacks and related syndromes 
I67.848,Other cerebrovascular vasospasm and vasoconstriction 
I67.89,Other cerebrovascular disease 
I67.2,Cerebral atherosclerosis 
I67.81,Acute cerebrovascular insufficiency 
I67.4,Hypertensive encephalopathy 
I67.1,Cerebral aneurysm nonruptured 
I67.7,Cerebral arteritis not elsewhere classified 
I67.5,Moyamoya disease 
I67.6,Nonpyogenic thrombosis of intracranial venous system 
G45.4,Transient global amnesia 
I67.89,Other cerebrovascular disease 
I67.9,Cerebrovascular disease unspecified 
I69.91,Cognitive deficits following unspecified cerebrovascular disease 
I69.928,Other speech and language deficits following unspecified cerebrovascular disease 
I69.920,Aphasia following unspecified cerebrovascular disease 
I69.921,Dysphasia following unspecified cerebrovascular disease 
I69.922,Dysarthria following unspecified cerebrovascular disease 
I69.923,Fluency disorder following unspecified cerebrovascular disease 
I69.928,Other speech and language deficits following unspecified cerebrovascular disease 
I69.959,Hemiplegia and hemiparesis following unspecified cerebrovascular disease affecting unspecified side 
I69.951,Hemiplegia and hemiparesis following unspecified cerebrovascular disease affecting right dominant side 
I69.953,Hemiplegia and hemiparesis following unspecified cerebrovascular disease affecting right non-dominant side 
I69.939,Monoplegia of upper limb following unspecified cerebrovascular disease affecting unspecified side 
I69.931,Monoplegia of upper limb following unspecified cerebrovascular disease affecting right dominant side 
I69.933,Monoplegia of upper limb following unspecified cerebrovascular disease affecting right non-dominant side 
I69.949,Monoplegia of lower limb following unspecified cerebrovascular disease affecting unspecified side 
I69.941,Monoplegia of lower limb following unspecified cerebrovascular disease affecting right dominant side 
I69.943,Monoplegia of lower limb following unspecified cerebrovascular disease affecting right non-dominant side 
I69.969,Other paralytic syndrome following unspecified cerebrovascular disease affecting unspecified side 
I69.961,Other paralytic syndrome following unspecified cerebrovascular disease affecting right dominant side 
I69.963,Other paralytic syndrome following unspecified cerebrovascular disease affecting right non-dominant side 
I69.965,Other paralytic syndrome following unspecified cerebrovascular disease bilateral 
I69.998,Other sequelae following unspecified cerebrovascular disease 
I69.998,Other sequelae following unspecified cerebrovascular disease 
I69.990,Apraxia following unspecified cerebrovascular disease 
I69.991,Dysphagia following unspecified cerebrovascular disease 
I69.992,Facial weakness following unspecified cerebrovascular disease 
I69.993,Ataxia following unspecified cerebrovascular disease 
I69.998,Other sequelae following unspecified cerebrovascular disease 
I69.898,Other sequelae of other cerebrovascular disease 
I69.90,Unspecified sequelae of unspecified cerebrovascular disease 
I70.0,Atherosclerosis of aorta 
I70.1,Atherosclerosis of renal artery 
I70.209,Unspecified atherosclerosis of native arteries of extremities unspecified extremity 
I70.219,Atherosclerosis of native arteries of extremities with intermittent claudication unspecified extremity 
I70.229,Atherosclerosis of native arteries of extremities with rest pain unspecified extremity 
I70.25,Atherosclerosis of native arteries of other extremities with ulceration 
I70.269,Atherosclerosis of native arteries of extremities with gangrene unspecified extremity 
I70.299,Other atherosclerosis of native arteries of extremities unspecified extremity 
I70.399,Other atherosclerosis of unspecified type of bypass graft(s) of the extremities unspecified extremity 
I70.499,Other atherosclerosis of autologous vein bypass graft(s) of the extremities unspecified extremity 
I70.599,Other atherosclerosis of nonautologous biological bypass graft(s) of the extremities unspecified extremity 
I70.92,Chronic total occlusion of artery of the extremities 
I70.8,Atherosclerosis of other arteries 
I70.90,Unspecified atherosclerosis 
I71.00,Dissection of unspecified site of aorta 
I71.01,Dissection of thoracic aorta 
I71.02,Dissection of abdominal aorta 
I71.03,Dissection of thoracoabdominal aorta 
I71.1,Thoracic aortic aneurysm ruptured 
I71.2,Thoracic aortic aneurysm without rupture 
I71.3,Abdominal aortic aneurysm ruptured 
I71.4,Abdominal aortic aneurysm without rupture 
I71.8,Aortic aneurysm of unspecified site ruptured 
I71.5,Thoracoabdominal aortic aneurysm ruptured 
I71.6,Thoracoabdominal aortic aneurysm without rupture 
I71.9,Aortic aneurysm of unspecified site without rupture 
I72.1,Aneurysm of artery of upper extremity 
I72.2,Aneurysm of renal artery 
I72.3,Aneurysm of iliac artery 
I72.4,Aneurysm of artery of lower extremity 
I72.0,Aneurysm of carotid artery 
I72.8,Aneurysm of other specified arteries 
I72.8,Aneurysm of other specified arteries 
I72.8,Aneurysm of other specified arteries 
I72.8,Aneurysm of other specified arteries 
I72.9,Aneurysm of unspecified site 
I73.00,Raynaud's syndrome without gangrene 
I73.1,Thromboangiitis obliterans [Buerger's disease] 
I77.71,Dissection of carotid artery 
I77.72,Dissection of iliac artery 
I77.73,Dissection of renal artery 
I77.74,Dissection of vertebral artery 
I77.79,Dissection of other artery 
I79.8,Other disorders of arteries arterioles and capillaries in diseases classified elsewhere 
I73.81,Erythromelalgia 
I73.89,Other specified peripheral vascular diseases 
I73.9,Peripheral vascular disease unspecified 
I74.01,Saddle embolus of abdominal aorta 
I74.09,Other arterial embolism and thrombosis of abdominal aorta 
I74.11,Embolism and thrombosis of thoracic aorta 
I74.2,Embolism and thrombosis of arteries of the upper extremities 
I74.3,Embolism and thrombosis of arteries of the lower extremities 
I74.5,Embolism and thrombosis of iliac artery 
I74.8,Embolism and thrombosis of other arteries 
I74.9,Embolism and thrombosis of unspecified artery 
I75.019,Atheroembolism of unspecified upper extremity 
I75.029,Atheroembolism of unspecified lower extremity 
I75.81,Atheroembolism of kidney 
I75.89,Atheroembolism of other site 
M30.0,Polyarteritis nodosa 
M30.3,Mucocutaneous lymph node syndrome [Kawasaki] 
M31.0,Hypersensitivity angiitis 
M31.0,Hypersensitivity angiitis 
M31.0,Hypersensitivity angiitis 
M31.2,Lethal midline granuloma 
M31.30,Wegener's granulomatosis without renal involvement 
M31.6,Other giant cell arteritis 
M31.1,Thrombotic microangiopathy 
M31.4,Aortic arch syndrome [Takayasu] 
I77.0,Arteriovenous fistula acquired 
I77.1,Stricture of artery 
I77.2,Rupture of artery 
I77.3,Arterial fibromuscular dysplasia 
I77.4,Celiac artery compression syndrome 
I77.5,Necrosis of artery 
I77.6,Arteritis unspecified 
I77.819,Aortic ectasia unspecified site 
I77.810,Thoracic aortic ectasia 
I77.811,Abdominal aortic ectasia 
I77.812,Thoracoabdominal aortic ectasia 
I77.3,Arterial fibromuscular dysplasia 
I77.9,Disorder of arteries and arterioles unspecified 
I78.0,Hereditary hemorrhagic telangiectasia 
I78.1,Nevus non-neoplastic 
I78.8,Other diseases of capillaries 
I76,Septic arterial embolism 
I80.00,Phlebitis and thrombophlebitis of superficial vessels of unspecified lower extremity 
I80.10,Phlebitis and thrombophlebitis of unspecified femoral vein 
I80.209,Phlebitis and thrombophlebitis of unspecified deep vessels of unspecified lower extremity 
I80.3,Phlebitis and thrombophlebitis of lower extremities unspecified 
I80.219,Phlebitis and thrombophlebitis of unspecified iliac vein 
I80.8,Phlebitis and thrombophlebitis of other sites 
I80.8,Phlebitis and thrombophlebitis of other sites 
I80.8,Phlebitis and thrombophlebitis of other sites 
I80.8,Phlebitis and thrombophlebitis of other sites 
I80.9,Phlebitis and thrombophlebitis of unspecified site 
I81,Portal vein thrombosis 
I82.0,Budd-Chiari syndrome 
I82.1,Thrombophlebitis migrans 
I82.220,Acute embolism and thrombosis of inferior vena cava 
I82.3,Embolism and thrombosis of renal vein 
I82.409,Acute embolism and thrombosis of unspecified deep veins of unspecified lower extremity 
I82.4Y9,Acute embolism and thrombosis of unspecified deep veins of unspecified proximal lower extremity 
I82.4Z9,Acute embolism and thrombosis of unspecified deep veins of unspecified distal lower extremity 
I82.509,Chronic embolism and thrombosis of unspecified deep veins of unspecified lower extremity 
I82.5Y9,Chronic embolism and thrombosis of unspecified deep veins of unspecified proximal lower extremity 
I82.5Z9,Chronic embolism and thrombosis of unspecified deep veins of unspecified distal lower extremity 
I82.819,Embolism and thrombosis of superficial veins of unspecified lower extremities 
I82.719,Chronic embolism and thrombosis of superficial veins of unspecified upper extremity 
I82.729,Chronic embolism and thrombosis of deep veins of unspecified upper extremity 
I82.709,Chronic embolism and thrombosis of unspecified veins of unspecified upper extremity 
I82.A29,Chronic embolism and thrombosis of unspecified axillary vein 
I82.B29,Chronic embolism and thrombosis of unspecified subclavian vein 
I82.C29,Chronic embolism and thrombosis of unspecified internal jugular vein 
I82.291,Chronic embolism and thrombosis of other thoracic veins 
I82.891,Chronic embolism and thrombosis of other specified veins 
I82.619,Acute embolism and thrombosis of superficial veins of unspecified upper extremity 
I82.629,Acute embolism and thrombosis of deep veins of unspecified upper extremity 
I82.609,Acute embolism and thrombosis of unspecified veins of unspecified upper extremity 
I82.A19,Acute embolism and thrombosis of unspecified axillary vein 
I82.B19,Acute embolism and thrombosis of unspecified subclavian vein 
I82.C19,Acute embolism and thrombosis of unspecified internal jugular vein 
I82.290,Acute embolism and thrombosis of other thoracic veins 
I82.890,Acute embolism and thrombosis of other specified veins 
I82.91,Chronic embolism and thrombosis of unspecified vein 
I83.009,Varicose veins of unspecified lower extremity with ulcer of unspecified site 
I83.10,Varicose veins of unspecified lower extremity with inflammation 
I83.209,Varicose veins of unspecified lower extremity with both ulcer of unspecified site and inflammation 
I83.899,Varicose veins of unspecified lower extremities with other complications 
I83.90,Asymptomatic varicose veins of unspecified lower extremity 
K64.8,Other hemorrhoids 
K64.8,Other hemorrhoids 
K64.8,Other hemorrhoids 
K64.4,Residual hemorrhoidal skin tags 
K64.5,Perianal venous thrombosis 
K64.4,Residual hemorrhoidal skin tags 
K64.9,Unspecified hemorrhoids 
K64.5,Perianal venous thrombosis 
K64.8,Other hemorrhoids 
K64.4,Residual hemorrhoidal skin tags 
I85.01,Esophageal varices with bleeding 
I85.00,Esophageal varices without bleeding 
I85.11,Secondary esophageal varices with bleeding 
I85.10,Secondary esophageal varices without bleeding 
I86.0,Sublingual varices 
I86.1,Scrotal varices 
I86.2,Pelvic varices 
I86.3,Vulval varices 
I86.8,Varicose veins of other specified sites 
I97.2,Postmastectomy lymphedema syndrome 
I89.0,Lymphedema not elsewhere classified 
I89.1,Lymphangitis 
I89.8,Other specified noninfective disorders of lymphatic vessels and lymph nodes 
I89.9,Noninfective disorder of lymphatic vessels and lymph nodes unspecified 
I95.1,Orthostatic hypotension 
I95.89,Other hypotension 
I95.3,Hypotension of hemodialysis 
I95.2,Hypotension due to drugs 
I95.89,Other hypotension 
I95.9,Hypotension unspecified 
R58,Hemorrhage not elsewhere classified 
I87.009,Postthrombotic syndrome without complications of unspecified extremity 
I87.019,Postthrombotic syndrome with ulcer of unspecified lower extremity 
I87.029,Postthrombotic syndrome with inflammation of unspecified lower extremity 
I87.039,Postthrombotic syndrome with ulcer and inflammation of unspecified lower extremity 
I87.099,Postthrombotic syndrome with other complications of unspecified lower extremity 
I87.1,Compression of vein 
I87.309,Chronic venous hypertension (idiopathic) without complications of unspecified lower extremity 
I87.319,Chronic venous hypertension (idiopathic) with ulcer of unspecified lower extremity 
I87.329,Chronic venous hypertension (idiopathic) with inflammation of unspecified lower extremity 
I87.339,Chronic venous hypertension (idiopathic) with ulcer and inflammation of unspecified lower extremity 
I87.399,Chronic venous hypertension (idiopathic) with other complications of unspecified lower extremity 
I87.2,Venous insufficiency (chronic) (peripheral) 
I99.8,Other disorder of circulatory system 
I99.9,Unspecified disorder of circulatory system 
J00,Acute nasopharyngitis [common cold] 
J01.00,Acute maxillary sinusitis unspecified 
J01.10,Acute frontal sinusitis unspecified 
J01.20,Acute ethmoidal sinusitis unspecified 
J01.30,Acute sphenoidal sinusitis unspecified 
J01.40,Acute pansinusitis unspecified 
J01.90,Acute sinusitis unspecified 
J02.9,Acute pharyngitis unspecified 
J03.90,Acute tonsillitis unspecified 
J04.0,Acute laryngitis 
J05.0,Acute obstructive laryngitis [croup] 
J04.10,Acute tracheitis without obstruction 
J04.11,Acute tracheitis with obstruction 
J04.2,Acute laryngotracheitis 
J05.0,Acute obstructive laryngitis [croup] 
J05.10,Acute epiglottitis without obstruction 
J05.11,Acute epiglottitis with obstruction 
J05.0,Acute obstructive laryngitis [croup] 
J04.30,Supraglottitis unspecified without obstruction 
J04.31,Supraglottitis unspecified with obstruction 
J06.0,Acute laryngopharyngitis 
J06.9,Acute upper respiratory infection unspecified 
J06.9,Acute upper respiratory infection unspecified 
J20.9,Acute bronchitis unspecified 
J21.0,Acute bronchiolitis due to respiratory syncytial virus 
J21.8,Acute bronchiolitis due to other specified organisms 
J34.2,Deviated nasal septum 
J33.0,Polyp of nasal cavity 
J33.1,Polypoid sinus degeneration 
J33.8,Other polyp of sinus 
J33.9,Nasal polyp unspecified 
J31.0,Chronic rhinitis 
J31.2,Chronic pharyngitis 
J31.1,Chronic nasopharyngitis 
J32.0,Chronic maxillary sinusitis 
J32.1,Chronic frontal sinusitis 
J32.2,Chronic ethmoidal sinusitis 
J32.3,Chronic sphenoidal sinusitis 
J32.4,Chronic pansinusitis 
J32.9,Chronic sinusitis unspecified 
J35.01,Chronic tonsillitis 
J35.02,Chronic adenoiditis 
J35.03,Chronic tonsillitis and adenoiditis 
J35.3,Hypertrophy of tonsils with hypertrophy of adenoids 
J35.1,Hypertrophy of tonsils 
J35.2,Hypertrophy of adenoids 
J35.8,Other chronic diseases of tonsils and adenoids 
J35.8,Other chronic diseases of tonsils and adenoids 
J35.9,Chronic disease of tonsils and adenoids unspecified 
J36,Peritonsillar abscess 
J37.0,Chronic laryngitis 
J37.1,Chronic laryngotracheitis 
J30.1,Allergic rhinitis due to pollen 
J30.5,Allergic rhinitis due to food 
J30.81,Allergic rhinitis due to animal (cat) (dog) hair and dander 
J30.2,Other seasonal allergic rhinitis 
J30.0,Vasomotor rhinitis 
J34.3,Hypertrophy of nasal turbinates 
J34.81,Nasal mucositis (ulcerative) 
J34.1,Cyst and mucocele of nose and nasal sinus 
J39.2,Other diseases of pharynx 
J39.1,Other abscess of pharynx 
J39.0,Retropharyngeal and parapharyngeal abscess 
J39.0,Retropharyngeal and parapharyngeal abscess 
J39.2,Other diseases of pharynx 
J39.2,Other diseases of pharynx 
J39.2,Other diseases of pharynx 
J38.00,Paralysis of vocal cords and larynx unspecified 
J38.01,Paralysis of vocal cords and larynx unilateral 
J38.01,Paralysis of vocal cords and larynx unilateral 
J38.02,Paralysis of vocal cords and larynx bilateral 
J38.02,Paralysis of vocal cords and larynx bilateral 
J38.1,Polyp of vocal cord and larynx 
J38.3,Other diseases of vocal cords 
J38.4,Edema of larynx 
J38.7,Other diseases of larynx 
J38.7,Other diseases of larynx 
J38.6,Stenosis of larynx 
J38.5,Laryngeal spasm 
J38.7,Other diseases of larynx 
J39.3,Upper respiratory tract hypersensitivity reaction site unspecified 
J39.8,Other specified diseases of upper respiratory tract 
J12.0,Adenoviral pneumonia 
J12.1,Respiratory syncytial virus pneumonia 
J12.2,Parainfluenza virus pneumonia 
J12.81,Pneumonia due to SARS-associated coronavirus 
J12.89,Other viral pneumonia 
J12.9,Viral pneumonia unspecified 
J13,Pneumonia due to Streptococcus pneumoniae 
J15.0,Pneumonia due to Klebsiella pneumoniae 
J15.1,Pneumonia due to Pseudomonas 
J14,Pneumonia due to Hemophilus influenzae 
J15.4,Pneumonia due to other streptococci 
J15.4,Pneumonia due to other streptococci 
J15.3,Pneumonia due to streptococcus group B 
J15.4,Pneumonia due to other streptococci 
J15.20,Pneumonia due to staphylococcus unspecified 
J15.211,Pneumonia due to Methicillin susceptible Staphylococcus aureus 
J15.212,Pneumonia due to Methicillin resistant Staphylococcus aureus 
J15.29,Pneumonia due to other staphylococcus 
J15.8,Pneumonia due to other specified bacteria 
J15.5,Pneumonia due to Escherichia coli 
J15.6,Pneumonia due to other aerobic Gram-negative bacteria 
A48.1,Legionnaires' disease 
J15.8,Pneumonia due to other specified bacteria 
J15.9,Unspecified bacterial pneumonia 
J15.7,Pneumonia due to Mycoplasma pneumoniae 
J16.0,Chlamydial pneumonia 
J16.8,Pneumonia due to other specified infectious organisms 
B25.0,Cytomegaloviral pneumonitis 
A37.91,Whooping cough unspecified species with pneumonia 
A22.1,Pulmonary anthrax 
B44.0,Invasive pulmonary aspergillosis 
J17,Pneumonia in diseases classified elsewhere 
J17,Pneumonia in diseases classified elsewhere 
J18.0,Bronchopneumonia unspecified organism 
J18.9,Pneumonia unspecified organism 
J11.00,Influenza due to unidentified influenza virus with unspecified type of pneumonia 
J10.1,Influenza due to other identified influenza virus with other respiratory manifestations 
J11.2,Influenza due to unidentified influenza virus with gastrointestinal manifestations 
J09.X1,Influenza due to identified novel influenza A virus with pneumonia 
J09.X2,Influenza due to identified novel influenza A virus with other respiratory manifestations 
J09.X3,Influenza due to identified novel influenza A virus with gastrointestinal manifestations 
J10.08,Influenza due to other identified influenza virus with other specified pneumonia 
J10.1,Influenza due to other identified influenza virus with other respiratory manifestations 
J09.X9,Influenza due to identified novel influenza A virus with other manifestations 
J09.X1,Influenza due to identified novel influenza A virus with pneumonia 
J09.X2,Influenza due to identified novel influenza A virus with other respiratory manifestations 
J09.X3,Influenza due to identified novel influenza A virus with gastrointestinal manifestations 
J40,Bronchitis not specified as acute or chronic 
J41.0,Simple chronic bronchitis 
J41.1,Mucopurulent chronic bronchitis 
J44.9,Chronic obstructive pulmonary disease unspecified 
J44.1,Chronic obstructive pulmonary disease with (acute) exacerbation 
J44.0,Chronic obstructive pulmonary disease with acute lower respiratory infection 
J41.8,Mixed simple and mucopurulent chronic bronchitis 
J42,Unspecified chronic bronchitis 
'J43.9',Emphysema unspecified 
'J43.9',Emphysema unspecified 
J45.20,Mild intermittent asthma uncomplicated 
J45.22,Mild intermittent asthma with status asthmaticus 
J45.21,Mild intermittent asthma with (acute) exacerbation 
J45.20,Mild intermittent asthma uncomplicated 
J45.22,Mild intermittent asthma with status asthmaticus 
J45.21,Mild intermittent asthma with (acute) exacerbation 
J44.9,Chronic obstructive pulmonary disease unspecified 
J44.0,Chronic obstructive pulmonary disease with acute lower respiratory infection 
J44.1,Chronic obstructive pulmonary disease with (acute) exacerbation 
J45.990,Exercise induced bronchospasm 
J45.991,Cough variant asthma 
J45.909,Unspecified asthma uncomplicated 
J45.902,Unspecified asthma with status asthmaticus 
J45.901,Unspecified asthma with (acute) exacerbation 
J47.9,Bronchiectasis uncomplicated 
J47.1,Bronchiectasis with (acute) exacerbation 
J67.0,Farmer's lung 
J67.1,Bagassosis 
J67.2,Bird fancier's lung 
J67.3,Suberosis 
J67.4,Maltworker's lung 
J67.5,Mushroom-worker's lung 
J67.6,Maple-bark-stripper's lung 
J67.7,Air conditioner and humidifier lung 
J67.8,Hypersensitivity pneumonitis due to other organic dusts 
J67.9,Hypersensitivity pneumonitis due to unspecified organic dust 
J44.9,Chronic obstructive pulmonary disease unspecified 
J60,Coalworker's pneumoconiosis 
J61,Pneumoconiosis due to asbestos and other mineral fibers 
J62.8,Pneumoconiosis due to other dust containing silica 
J63.0,Aluminosis (of lung) 
J66.0,Byssinosis 
J64,Unspecified pneumoconiosis 
J68.0,Bronchitis and pneumonitis due to chemicals gases fumes and vapors 
J68.1,Pulmonary edema due to chemicals gases fumes and vapors 
J68.2,Upper respiratory inflammation due to chemicals gases fumes and vapors not elsewhere classified 
J68.3,Other acute and subacute respiratory conditions due to chemicals gases fumes and vapors 
J68.4,Chronic respiratory conditions due to chemicals gases fumes and vapors 
J68.9,Unspecified respiratory condition due to chemicals gases fumes and vapors 
J69.0,Pneumonitis due to inhalation of food and vomit 
J69.1,Pneumonitis due to inhalation of oils and essences 
J69.8,Pneumonitis due to inhalation of other solids and liquids 
J70.0,Acute pulmonary manifestations due to radiation 
J70.1,Chronic and other pulmonary manifestations due to radiation 
J70.5,Respiratory conditions due to smoke inhalation 
J70.8,Respiratory conditions due to other specified external agents 
J70.9,Respiratory conditions due to unspecified external agent 
J86.0,Pyothorax with fistula 
J86.9,Pyothorax without fistula 
J94.1,Fibrothorax 
J90,Pleural effusion not elsewhere classified 
J91.0,Malignant pleural effusion 
J90,Pleural effusion not elsewhere classified 
J91.8,Pleural effusion in other conditions classified elsewhere 
J93.0,Spontaneous tension pneumothorax 
J95.811,Postprocedural pneumothorax 
J95.812,Postprocedural air leak 
J93.11,Primary spontaneous pneumothorax 
J93.12,Secondary spontaneous pneumothorax 
J93.81,Chronic pneumothorax 
J93.82,Other air leak 
J93.83,Other pneumothorax 
J85.1,Abscess of lung with pneumonia 
J85.3,Abscess of mediastinum 
J81.1,Chronic pulmonary edema 
J84.10,Pulmonary fibrosis unspecified 
J84.01,Alveolar proteinosis 
J84.03,Idiopathic pulmonary hemosiderosis 
J84.02,Pulmonary alveolar microlithiasis 
J84.111,Idiopathic interstitial pneumonia not otherwise specified 
J84.112,Idiopathic pulmonary fibrosis 
J84.113,Idiopathic non-specific interstitial pneumonitis 
J84.114,Acute interstitial pneumonitis 
J84.115,Respiratory bronchiolitis interstitial lung disease 
J84.2,Lymphoid interstitial pneumonia 
J84.116,Cryptogenic organizing pneumonia 
J84.117,Desquamative interstitial pneumonia 
J84.81,Lymphangioleiomyomatosis 
J84.82,Adult pulmonary Langerhans cell histiocytosis 
J84.841,Neuroendocrine cell hyperplasia of infancy 
J84.842,Pulmonary interstitial glycogenosis 
J84.83,Surfactant mutations of the lung 
J84.843,Alveolar capillary dysplasia with vein misalignment 
J84.848,Other interstitial lung diseases of childhood 
84.09,Other alveolar and parieto-alveolar conditions 
J84.9,Interstitial pulmonary disease unspecified 
J17,Pneumonia in diseases classified elsewhere 
M34.81,Systemic sclerosis with lung involvement 
J99,Respiratory disorders in diseases classified elsewhere 
J99,Respiratory disorders in diseases classified elsewhere 
J98.11,Atelectasis 
J98.2,Interstitial emphysema 
J98.3,Compensatory emphysema 
J82,Pulmonary eosinophilia not elsewhere classified 
J81.0,Acute pulmonary edema 
J95.821,Acute postprocedural respiratory failure 
J95.1,Acute pulmonary insufficiency following thoracic surgery 
J95.822,Acute and chronic postprocedural respiratory failure 
B44.81,Allergic bronchopulmonary aspergillosis 
J95.84,Transfusion-related acute lung injury (TRALI) 
J96.00,Acute respiratory failure unspecified whether with hypoxia or hypercapnia 
J80,Acute respiratory distress syndrome 
J96.10,Chronic respiratory failure unspecified whether with hypoxia or hypercapnia 
J96.20,Acute and chronic respiratory failure unspecified whether with hypoxia or hypercapnia 
J98.4,Other disorders of lung 
J95.00,Unspecified tracheostomy complication 
J95.02,Infection of tracheostomy stoma 
J95.03,Malfunction of tracheostomy stoma 
J95.01,Hemorrhage from tracheostomy stoma 
J98.01,Acute bronchospasm 
J39.8,Other specified diseases of upper respiratory tract 
J98.5,Diseases of mediastinum not elsewhere classified 
J98.5,Diseases of mediastinum not elsewhere classified 
J98.6,Disorders of diaphragm 
J98.8,Other specified respiratory disorders 
J98.9,Respiratory disorder unspecified 
K00.0,Anodontia 
K00.1,Supernumerary teeth 
K00.2,Abnormalities of size and form of teeth 
K00.3,Mottled teeth 
K00.4,Disturbances in tooth formation 
K00.5,Hereditary disturbances in tooth structure not elsewhere classified 
K00.6,Disturbances in tooth eruption 
K00.7,Teething syndrome 
K00.8,Other disorders of tooth development 
K00.9,Disorder of tooth development unspecified 
K02.9,Dental caries unspecified 
K02.61,Dental caries on smooth surface limited to enamel 
K02.62,Dental caries on smooth surface penetrating into dentin 
K02.63,Dental caries on smooth surface penetrating into pulp 
K02.3,Arrested dental caries 
K03.89,Other specified diseases of hard tissues of teeth 
K02.51,Dental caries on pit and fissure surface limited to enamel 
K02.61,Dental caries on smooth surface limited to enamel 
K02.7,Dental root caries 
K02.9,Dental caries unspecified 
K03.0,Excessive attrition of teeth 
K03.0,Excessive attrition of teeth 
K03.0,Excessive attrition of teeth 
K03.0,Excessive attrition of teeth 
K03.0,Excessive attrition of teeth 
K03.0,Excessive attrition of teeth 
K03.1,Abrasion of teeth 
K03.1,Abrasion of teeth 
K03.1,Abrasion of teeth 
K03.1,Abrasion of teeth 
K03.1,Abrasion of teeth 
K03.1,Abrasion of teeth 
K03.2,Erosion of teeth 
K03.2,Erosion of teeth 
K03.2,Erosion of teeth 
K03.2,Erosion of teeth 
K03.2,Erosion of teeth 
K03.2,Erosion of teeth 
K03.3,Pathological resorption of teeth 
K03.3,Pathological resorption of teeth 
K03.3,Pathological resorption of teeth 
K03.3,Pathological resorption of teeth 
K03.4,Hypercementosis 
K03.5,Ankylosis of teeth 
K03.7,Posteruptive color changes of dental hard tissues 
K03.81,Cracked tooth 
K03.89,Other specified diseases of hard tissues of teeth 
K03.9,Disease of hard tissues of teeth unspecified 
K04.0,Pulpitis 
K04.1,Necrosis of pulp 
K04.2,Pulp degeneration 
K04.3,Abnormal hard tissue formation in pulp 
K04.4,Acute apical periodontitis of pulpal origin 
K04.7,Periapical abscess without sinus 
K04.5,Chronic apical periodontitis 
K04.6,Periapical abscess with sinus 
K04.8,Radicular cyst 
K04.90,Unspecified diseases of pulp and periapical tissues 
K05.00,Acute gingivitis plaque induced 
K05.01,Acute gingivitis non-plaque induced 
K05.10,Chronic gingivitis plaque induced 
K05.11,Chronic gingivitis non-plaque induced 
K06.0,Gingival recession 
K06.0,Gingival recession 
K06.0,Gingival recession 
K06.0,Gingival recession 
K06.0,Gingival recession 
K06.0,Gingival recession 
K05.20,Aggressive periodontitis unspecified 
K05.21,Aggressive periodontitis localized 
K05.22,Aggressive periodontitis generalized 
K05.20,Aggressive periodontitis unspecified 
K05.30,Chronic periodontitis unspecified 
K05.31,Chronic periodontitis localized 
K05.32,Chronic periodontitis generalized 
K05.4,Periodontosis 
K03.6,Deposits [accretions] on teeth 
K05.5,Other periodontal diseases 
K05.6,Periodontal disease unspecified 
M26.00,Unspecified anomaly of jaw size 
M26.01,Maxillary hyperplasia 
M26.03,Mandibular hyperplasia 
M26.02,Maxillary hypoplasia 
M26.04,Mandibular hypoplasia 
M26.05,Macrogenia 
M26.06,Microgenia 
M26.07,Excessive tuberosity of jaw 
M26.09,Other specified anomalies of jaw size 
M26.10,Unspecified anomaly of jaw-cranial base relationship 
M26.11,Maxillary asymmetry 
M26.12,Other jaw asymmetry 
M26.19,Other specified anomalies of jaw-cranial base relationship 
M26.20,Unspecified anomaly of dental arch relationship 
M26.211,Malocclusion Angle's class I 
M26.212,Malocclusion Angle's class II 
M26.213,Malocclusion Angle's class III 
M26.220,Open anterior occlusal relationship 
M26.221,Open posterior occlusal relationship 
M26.23,Excessive horizontal overlap 
M26.24,Reverse articulation 
M26.25,Anomalies of interarch distance 
M26.29,Other anomalies of dental arch relationship 
M26.30,Unspecified anomaly of tooth position of fully erupted tooth or teeth 
M26.31,Crowding of fully erupted teeth 
M26.32,Excessive spacing of fully erupted teeth 
M26.33,Horizontal displacement of fully erupted tooth or teeth 
M26.34,Vertical displacement of fully erupted tooth or teeth 
M26.35,Rotation of fully erupted tooth or teeth 
M26.36,Insufficient interocclusal distance of fully erupted teeth (ridge) 
M26.37,Excessive interocclusal distance of fully erupted teeth 
M26.39,Other anomalies of tooth position of fully erupted tooth or teeth 
M26.4,Malocclusion unspecified 
M26.50,Dentofacial functional abnormalities unspecified 
M26.51,Abnormal jaw closure 
M26.52,Limited mandibular range of motion 
M26.53,Deviation in opening and closing of the mandible 
M26.54,Insufficient anterior guidance 
M26.55,Centric occlusion maximum intercuspation discrepancy 
M26.56,Non-working side interference 
M26.57,Lack of posterior occlusal support 
M26.59,Other dentofacial functional abnormalities 
M26.60,Temporomandibular joint disorder unspecified 
M26.61,Adhesions and ankylosis of temporomandibular joint 
M26.62,Arthralgia of temporomandibular joint 
M26.63,Articular disc disorder of temporomandibular joint 
M26.69,Other specified disorders of temporomandibular joint 
M26.69,Other specified disorders of temporomandibular joint 
M26.70,Unspecified alveolar anomaly 
M26.71,Alveolar maxillary hyperplasia 
M26.72,Alveolar mandibular hyperplasia 
M26.73,Alveolar maxillary hypoplasia 
M26.74,Alveolar mandibular hypoplasia 
M26.79,Other specified alveolar anomalies 
M26.79,Other specified alveolar anomalies 
M26.79,Other specified alveolar anomalies 
M26.81,Anterior soft tissue impingement 
M26.82,Posterior soft tissue impingement 
M26.89,Other dentofacial anomalies 
M26.9,Dentofacial anomaly unspecified 
K08.0,Exfoliation of teeth due to systemic causes 
K08.109,Complete loss of teeth unspecified cause unspecified class 
K08.419,Partial loss of teeth due to trauma unspecified class 
K08.429,Partial loss of teeth due to periodontal diseases unspecified class 
K08.439,Partial loss of teeth due to caries unspecified class 
K08.499,Partial loss of teeth due to other specified cause unspecified class 
K08.20,Unspecified atrophy of edentulous alveolar ridge 
K08.21,Minimal atrophy of the mandible 
K08.22,Moderate atrophy of the mandible 
K08.23,Severe atrophy of the mandible 
K08.24,Minimal atrophy of maxilla 
K08.25,Moderate atrophy of the maxilla 
K08.26,Severe atrophy of the maxilla 
K08.3,Retained dental root 
K08.109,Complete loss of teeth unspecified cause unspecified class 
K08.101,Complete loss of teeth unspecified cause class I 
K08.102,Complete loss of teeth unspecified cause class II 
K08.103,Complete loss of teeth unspecified cause class III 
K08.104,Complete loss of teeth unspecified cause class IV 
K08.409,Partial loss of teeth unspecified cause unspecified class 
K08.401,Partial loss of teeth unspecified cause class I 
K08.402,Partial loss of teeth unspecified cause class II 
K08.403,Partial loss of teeth unspecified cause class III 
K08.404,Partial loss of teeth unspecified cause class IV 
K08.50,Unsatisfactory restoration of tooth unspecified 
K08.51,Open restoration margins of tooth 
K08.52,Unrepairable overhanging of dental restorative materials 
K08.530,Fractured dental restorative material without loss of material 
K08.531,Fractured dental restorative material with loss of material 
K08.54,Contour of existing restoration of tooth biologically incompatible with oral health 
K08.55,Allergy to existing dental restorative material 
K08.56,Poor aesthetic of existing restoration of tooth 
K08.59,Other unsatisfactory restoration of tooth 
M27.61,Osseointegration failure of dental implant 
M27.62,Post-osseointegration biological failure of dental implant 
M27.63,Post-osseointegration mechanical failure of dental implant 
M27.69,Other endosseous dental implant failure 
M26.79,Other specified alveolar anomalies 
K08.9,Disorder of teeth and supporting structures unspecified 
K09.0,Developmental odontogenic cysts 
K09.1,Developmental (nonodontogenic) cysts of oral region 
M27.49,Other cysts of jaw 
M27.1,Giant cell granuloma central 
M27.2,Inflammatory conditions of jaws 
M27.3,Alveolitis of jaws 
M27.51,Perforation of root canal space due to endodontic treatment 
M27.52,Endodontic overfill 
M27.53,Endodontic underfill 
M27.59,Other periradicular pathology associated with previous endodontic treatment 
M27.8,Other specified diseases of jaws 
M27.8,Other specified diseases of jaws 
M27.9,Disease of jaws unspecified 
K11.0,Atrophy of salivary gland 
K11.1,Hypertrophy of salivary gland 
K11.20,Sialoadenitis unspecified 
K11.3,Abscess of salivary gland 
K11.4,Fistula of salivary gland 
K11.5,Sialolithiasis 
K11.6,Mucocele of salivary gland 
K11.7,Disturbances of salivary secretion 
K11.8,Other diseases of salivary glands 
K11.9,Disease of salivary gland unspecified 
K12.30,Oral mucositis (ulcerative) unspecified 
K12.31,Oral mucositis (ulcerative) due to antineoplastic therapy 
K12.32,Oral mucositis (ulcerative) due to other drugs 
K12.39,Other oral mucositis (ulcerative) 
A69.0,Necrotizing ulcerative stomatitis 
K12.0,Recurrent oral aphthae 
K12.2,Cellulitis and abscess of mouth 
K09.8,Other cysts of oral region not elsewhere classified 
K13.0,Diseases of lips 
K13.21,Leukoplakia of oral mucosa including tongue 
K13.22,Minimal keratinized residual ridge mucosa 
K13.23,Excessive keratinized residual ridge mucosa 
K13.29,Other disturbances of oral epithelium including tongue 
K13.5,Oral submucous fibrosis 
K13.70,Unspecified lesions of oral mucosa 
K14.0,Glossitis 
K14.1,Geographic tongue 
K14.2,Median rhomboid glossitis 
K14.3,Hypertrophy of tongue papillae 
K14.4,Atrophy of tongue papillae 
K14.5,Plicated tongue 
K14.6,Glossodynia 
K14.8,Other diseases of tongue 
K14.9,Disease of tongue unspecified 
K22.0,Achalasia of cardia 
K20.9,Esophagitis unspecified 
K21.0,Gastro-esophageal reflux disease with esophagitis 
K20.9,Esophagitis unspecified 
K20.0,Eosinophilic esophagitis 
K20.8,Other esophagitis 
K22.10,Ulcer of esophagus without bleeding 
K22.11,Ulcer of esophagus with bleeding 
K22.2,Esophageal obstruction 
K22.3,Perforation of esophagus 
K22.4,Dyskinesia of esophagus 
K22.5,Diverticulum of esophagus acquired 
K22.6,Gastro-esophageal laceration-hemorrhage syndrome 
K21.9,Gastro-esophageal reflux disease without esophagitis 
K22.8,Other specified diseases of esophagus 
K22.8,Other specified diseases of esophagus 
J86.0,Pyothorax with fistula 
K22.70,Barrett's esophagus without dysplasia 
K94.32,Esophagostomy infection 
K94.33,Esophagostomy malfunction 
K22.8,Other specified diseases of esophagus 
K22.9,Disease of esophagus unspecified 
K25.0,Acute gastric ulcer with hemorrhage 
K25.0,Acute gastric ulcer with hemorrhage 
K56.60,Unspecified intestinal obstruction 
K25.1,Acute gastric ulcer with perforation 
K25.1,Acute gastric ulcer with perforation 
K56.60,Unspecified intestinal obstruction 
K25.2,Acute gastric ulcer with both hemorrhage and perforation 
K25.2,Acute gastric ulcer with both hemorrhage and perforation 
K56.60,Unspecified intestinal obstruction 
K25.3,Acute gastric ulcer without hemorrhage or perforation 
K25.3,Acute gastric ulcer without hemorrhage or perforation 
K56.60,Unspecified intestinal obstruction 
K25.4,Chronic or unspecified gastric ulcer with hemorrhage 
K25.4,Chronic or unspecified gastric ulcer with hemorrhage 
K56.60,Unspecified intestinal obstruction 
K25.5,Chronic or unspecified gastric ulcer with perforation 
K25.5,Chronic or unspecified gastric ulcer with perforation 
K56.60,Unspecified intestinal obstruction 
K25.6,Chronic or unspecified gastric ulcer with both hemorrhage and perforation 
K25.6,Chronic or unspecified gastric ulcer with both hemorrhage and perforation 
K56.60,Unspecified intestinal obstruction 
K25.7,Chronic gastric ulcer without hemorrhage or perforation 
K25.7,Chronic gastric ulcer without hemorrhage or perforation 
K56.60,Unspecified intestinal obstruction 
K25.9,Gastric ulcer unspecified as acute or chronic without hemorrhage or perforation 
K25.9,Gastric ulcer unspecified as acute or chronic without hemorrhage or perforation 
K56.60,Unspecified intestinal obstruction 
K26.0,Acute duodenal ulcer with hemorrhage 
K26.0,Acute duodenal ulcer with hemorrhage 
K56.60,Unspecified intestinal obstruction 
K26.1,Acute duodenal ulcer with perforation 
K26.1,Acute duodenal ulcer with perforation 
K56.60,Unspecified intestinal obstruction 
K26.2,Acute duodenal ulcer with both hemorrhage and perforation 
K26.2,Acute duodenal ulcer with both hemorrhage and perforation 
K56.60,Unspecified intestinal obstruction 
K26.3,Acute duodenal ulcer without hemorrhage or perforation 
K26.3,Acute duodenal ulcer without hemorrhage or perforation 
K56.60,Unspecified intestinal obstruction 
K26.4,Chronic or unspecified duodenal ulcer with hemorrhage 
K26.4,Chronic or unspecified duodenal ulcer with hemorrhage 
K56.60,Unspecified intestinal obstruction 
K26.5,Chronic or unspecified duodenal ulcer with perforation 
K26.5,Chronic or unspecified duodenal ulcer with perforation 
K56.60,Unspecified intestinal obstruction 
K26.6,Chronic or unspecified duodenal ulcer with both hemorrhage and perforation 
K26.6,Chronic or unspecified duodenal ulcer with both hemorrhage and perforation 
K56.60,Unspecified intestinal obstruction 
K26.7,Chronic duodenal ulcer without hemorrhage or perforation 
K26.7,Chronic duodenal ulcer without hemorrhage or perforation 
K56.60,Unspecified intestinal obstruction 
K26.9,Duodenal ulcer unspecified as acute or chronic without hemorrhage or perforation 
K26.9,Duodenal ulcer unspecified as acute or chronic without hemorrhage or perforation 
K56.60,Unspecified intestinal obstruction 
K27.0,Acute peptic ulcer site unspecified with hemorrhage 
K27.0,Acute peptic ulcer site unspecified with hemorrhage 
K27.1,Acute peptic ulcer site unspecified with perforation 
K27.1,Acute peptic ulcer site unspecified with perforation 
K27.2,Acute peptic ulcer site unspecified with both hemorrhage and perforation 
K27.2,Acute peptic ulcer site unspecified with both hemorrhage and perforation 
K27.3,Acute peptic ulcer site unspecified without hemorrhage or perforation 
K27.3,Acute peptic ulcer site unspecified without hemorrhage or perforation 
K27.4,Chronic or unspecified peptic ulcer site unspecified with hemorrhage 
K27.4,Chronic or unspecified peptic ulcer site unspecified with hemorrhage 
K27.5,Chronic or unspecified peptic ulcer site unspecified with perforation 
K27.5,Chronic or unspecified peptic ulcer site unspecified with perforation 
K27.6,Chronic or unspecified peptic ulcer site unspecified with both hemorrhage and perforation 
K27.6,Chronic or unspecified peptic ulcer site unspecified with both hemorrhage and perforation 
K27.7,Chronic peptic ulcer site unspecified without hemorrhage or perforation 
K27.7,Chronic peptic ulcer site unspecified without hemorrhage or perforation 
K27.9,Peptic ulcer site unspecified unspecified as acute or chronic without hemorrhage or perforation 
K27.9,Peptic ulcer site unspecified unspecified as acute or chronic without hemorrhage or perforation 
K28.0,Acute gastrojejunal ulcer with hemorrhage 
K28.0,Acute gastrojejunal ulcer with hemorrhage 
K28.1,Acute gastrojejunal ulcer with perforation 
K28.1,Acute gastrojejunal ulcer with perforation 
K28.2,Acute gastrojejunal ulcer with both hemorrhage and perforation 
K28.2,Acute gastrojejunal ulcer with both hemorrhage and perforation 
K28.3,Acute gastrojejunal ulcer without hemorrhage or perforation 
K28.3,Acute gastrojejunal ulcer without hemorrhage or perforation 
K28.4,Chronic or unspecified gastrojejunal ulcer with hemorrhage 
K28.4,Chronic or unspecified gastrojejunal ulcer with hemorrhage 
K28.5,Chronic or unspecified gastrojejunal ulcer with perforation 
K28.5,Chronic or unspecified gastrojejunal ulcer with perforation 
K28.6,Chronic or unspecified gastrojejunal ulcer with both hemorrhage and perforation 
K28.6,Chronic or unspecified gastrojejunal ulcer with both hemorrhage and perforation 
K28.7,Chronic gastrojejunal ulcer without hemorrhage or perforation 
K28.7,Chronic gastrojejunal ulcer without hemorrhage or perforation 
K28.9,Gastrojejunal ulcer unspecified as acute or chronic without hemorrhage or perforation 
K28.9,Gastrojejunal ulcer unspecified as acute or chronic without hemorrhage or perforation 
K29.00,Acute gastritis without bleeding 
K29.01,Acute gastritis with bleeding 
K29.40,Chronic atrophic gastritis without bleeding 
K29.41,Chronic atrophic gastritis with bleeding 
K29.60,Other gastritis without bleeding 
K29.61,Other gastritis with bleeding 
K29.20,Alcoholic gastritis without bleeding 
K29.21,Alcoholic gastritis with bleeding 
K29.60,Other gastritis without bleeding 
K29.61,Other gastritis with bleeding 
K29.90,Gastroduodenitis unspecified without bleeding 
K29.91,Gastroduodenitis unspecified with bleeding 
K29.80,Duodenitis without bleeding 
K29.81,Duodenitis with bleeding 
K52.81,Eosinophilic gastritis or gastroenteritis 
K52.81,Eosinophilic gastritis or gastroenteritis 
K31.83,Achlorhydria 
K31.0,Acute dilatation of stomach 
R11.10,Vomiting unspecified 
K31.84,Gastroparesis 
K94.20,Gastrostomy complication unspecified 
K94.22,Gastrostomy infection 
K94.23,Gastrostomy malfunction 
K94.29,Other complications of gastrostomy 
K30,Functional dyspepsia 
K31.9,Disease of stomach and duodenum unspecified 
K31.1,Adult hypertrophic pyloric stenosis 
K31.4,Gastric diverticulum 
K31.5,Obstruction of duodenum 
K31.5,Obstruction of duodenum 
K31.6,Fistula of stomach and duodenum 
K31.89,Other diseases of stomach and duodenum 
K31.2,Hourglass stricture and stenosis of stomach 
K31.3,Pylorospasm not elsewhere classified 
K31.819,Angiodysplasia of stomach and duodenum without bleeding 
K31.811,Angiodysplasia of stomach and duodenum with bleeding 
K31.82,Dieulafoy lesion (hemorrhagic) of stomach and duodenum 
K31.89,Other diseases of stomach and duodenum 
K31.9,Disease of stomach and duodenum unspecified 
K92.81,Gastrointestinal mucositis (ulcerative) 
K95.01,Infection due to gastric band procedure 
K95.09,Other complications of gastric band procedure 
K95.81,Infection due to other bariatric procedure 
K95.89,Other complications of other bariatric procedure 
K35.2,Acute appendicitis with generalized peritonitis 
K35.3,Acute appendicitis with localized peritonitis 
K35.80,Unspecified acute appendicitis 
K37,Unspecified appendicitis 
K36,Other appendicitis 
K38.0,Hyperplasia of appendix 
K38.9,Disease of appendix unspecified 
K40.40,Unilateral inguinal hernia with gangrene not specified as recurrent 
K40.41,Unilateral inguinal hernia with gangrene recurrent 
K40.10,Bilateral inguinal hernia with gangrene not specified as recurrent 
K40.11,Bilateral inguinal hernia with gangrene recurrent 
K40.30,Unilateral inguinal hernia with obstruction without gangrene not specified as recurrent 
K40.31,Unilateral inguinal hernia with obstruction without gangrene recurrent 
K40.00,Bilateral inguinal hernia with obstruction without gangrene not specified as recurrent 
K40.01,Bilateral inguinal hernia with obstruction without gangrene recurrent 
K40.90,Unilateral inguinal hernia without obstruction or gangrene not specified as recurrent 
K40.91,Unilateral inguinal hernia without obstruction or gangrene recurrent 
K40.20,Bilateral inguinal hernia without obstruction or gangrene not specified as recurrent 
K40.21,Bilateral inguinal hernia without obstruction or gangrene recurrent 
K41.40,Unilateral femoral hernia with gangrene not specified as recurrent 
K41.41,Unilateral femoral hernia with gangrene recurrent 
K41.10,Bilateral femoral hernia with gangrene not specified as recurrent 
K41.11,Bilateral femoral hernia with gangrene recurrent 
K42.1,Umbilical hernia with gangrene 
K43.7,Other and unspecified ventral hernia with gangrene 
K43.1,Incisional hernia with gangrene 
K43.7,Other and unspecified ventral hernia with gangrene 
K44.1,Diaphragmatic hernia with gangrene 
K45.1,Other specified abdominal hernia with gangrene 
K46.1,Unspecified abdominal hernia with gangrene 
K41.30,Unilateral femoral hernia with obstruction without gangrene not specified as recurrent 
K41.31,Unilateral femoral hernia with obstruction without gangrene recurrent 
K41.00,Bilateral femoral hernia with obstruction without gangrene not specified as recurrent 
K41.01,Bilateral femoral hernia with obstruction without gangrene recurrent 
K42.0,Umbilical hernia with obstruction without gangrene 
K43.6,Other and unspecified ventral hernia with obstruction without gangrene 
K43.0,Incisional hernia with obstruction without gangrene 
K43.6,Other and unspecified ventral hernia with obstruction without gangrene 
K44.0,Diaphragmatic hernia with obstruction without gangrene 
K45.0,Other specified abdominal hernia with obstruction without gangrene 
K46.0,Unspecified abdominal hernia with obstruction without gangrene 
K41.90,Unilateral femoral hernia without obstruction or gangrene not specified as recurrent 
K41.91,Unilateral femoral hernia without obstruction or gangrene recurrent 
K41.20,Bilateral femoral hernia without obstruction or gangrene not specified as recurrent 
K41.21,Bilateral femoral hernia without obstruction or gangrene recurrent 
K42.9,Umbilical hernia without obstruction or gangrene 
K43.9,Ventral hernia without obstruction or gangrene 
K43.2,Incisional hernia without obstruction or gangrene 
K43.9,Ventral hernia without obstruction or gangrene 
K44.9,Diaphragmatic hernia without obstruction or gangrene 
K45.8,Other specified abdominal hernia without obstruction or gangrene 
K46.9,Unspecified abdominal hernia without obstruction or gangrene 
K50.00,Crohn's disease of small intestine without complications 
K50.10,Crohn's disease of large intestine without complications 
K50.80,Crohn's disease of both small and large intestine without complications 
K50.90,Crohn's disease unspecified without complications 
K51.80,Other ulcerative colitis without complications 
K51.80,Other ulcerative colitis without complications 
K51.20,Ulcerative (chronic) proctitis without complications 
K51.30,Ulcerative (chronic) rectosigmoiditis without complications 
K51.40,Inflammatory polyps of colon without complications 
K51.50,Left sided colitis without complications 
K51.00,Ulcerative (chronic) pancolitis without complications 
K51.80,Other ulcerative colitis without complications 
K51.90,Ulcerative colitis unspecified without complications 
K55.0,Acute vascular disorders of intestine 
K55.1,Chronic vascular disorders of intestine 
K55.9,Vascular disorder of intestine unspecified 
K52.0,Gastroenteritis and colitis due to radiation 
K52.1,Toxic gastroenteritis and colitis 
K52.2,Allergic and dietetic gastroenteritis and colitis 
K52.81,Eosinophilic gastritis or gastroenteritis 
K52.82,Eosinophilic colitis 
K52.9,Noninfective gastroenteritis and colitis unspecified 
K56.1,Intussusception 
K56.0,Paralytic ileus 
K56.2,Volvulus 
K56.49,Other impaction of intestine 
K56.3,Gallstone ileus 
K56.41,Fecal impaction 
K56.49,Other impaction of intestine 
K56.5,Intestinal adhesions [bands] with obstruction (postprocedural) (postinfection) 
K56.69,Other intestinal obstruction 
K56.60,Unspecified intestinal obstruction 
K57.10,Diverticulosis of small intestine without perforation or abscess without bleeding 
K57.12,Diverticulitis of small intestine without perforation or abscess without bleeding 
K57.11,Diverticulosis of small intestine without perforation or abscess with bleeding 
K57.13,Diverticulitis of small intestine without perforation or abscess with bleeding 
K57.30,Diverticulosis of large intestine without perforation or abscess without bleeding 
K57.32,Diverticulitis of large intestine without perforation or abscess without bleeding 
K57.31,Diverticulosis of large intestine without perforation or abscess with bleeding 
K57.33,Diverticulitis of large intestine without perforation or abscess with bleeding 
K59.00,Constipation unspecified 
K59.01,Slow transit constipation 
K59.02,Outlet dysfunction constipation 
K59.09,Other constipation 
K58.9,Irritable bowel syndrome without diarrhea 
K91.1,Postgastric surgery syndromes 
K91.0,Vomiting following gastrointestinal surgery 
K91.89,Other postprocedural complications and disorders of digestive system 
K59.1,Functional diarrhea 
K59.4,Anal spasm 
K59.3,Megacolon not elsewhere classified 
K59.2,Neurogenic bowel not elsewhere classified 
K59.8,Other specified functional intestinal disorders 
K59.9,Functional intestinal disorder unspecified 
K60.2,Anal fissure unspecified 
K60.3,Anal fistula 
K61.3,Ischiorectal abscess 
K67,Disorders of peritoneum in infectious diseases classified elsewhere 
K65.8,Other peritonitis 
K65.0,Generalized (acute) peritonitis 
K65.1,Peritoneal abscess 
K65.2,Spontaneous bacterial peritonitis 
K65.0,Generalized (acute) peritonitis 
K68.12,Psoas muscle abscess 
K68.19,Other retroperitoneal abscess 
K68.9,Other disorders of retroperitoneum 
K65.3,Choleperitonitis 
K65.4,Sclerosing mesenteritis 
K65.8,Other peritonitis 
K65.9,Peritonitis unspecified 
K66.0,Peritoneal adhesions (postprocedural) (postinfection) 
K66.1,Hemoperitoneum 
R18.8,Other ascites 
K66.8,Other specified disorders of peritoneum 
K66.9,Disorder of peritoneum unspecified 
K62.0,Anal polyp 
K62.3,Rectal prolapse 
K62.4,Stenosis of anus and rectum 
K62.5,Hemorrhage of anus and rectum 
K62.6,Ulcer of anus and rectum 
K62.89,Other specified diseases of anus and rectum 
K62.81,Anal sphincter tear (healed) (nontraumatic) (old) 
K62.82,Dysplasia of anus 
K62.89,Other specified diseases of anus and rectum 
K63.0,Abscess of intestine 
K94.00,Colostomy complication unspecified 
K94.02,Colostomy infection 
K94.03,Colostomy malfunction 
K94.09,Other complications of colostomy 
K91.850,Pouchitis 
K91.858,Other complications of intestinal pouch 
K63.2,Fistula of intestine 
K63.3,Ulcer of intestine 
K63.1,Perforation of intestine (nontraumatic) 
K55.20,Angiodysplasia of colon without hemorrhage 
K55.21,Angiodysplasia of colon with hemorrhage 
K63.81,Dieulafoy lesion of intestine 
R11.13,Vomiting of fecal matter 
K63.89,Other specified diseases of intestine 
K63.9,Disease of intestine unspecified 
K72.00,Acute and subacute hepatic failure without coma 
K70.0,Alcoholic fatty liver 
K70.10,Alcoholic hepatitis without ascites 
K70.30,Alcoholic cirrhosis of liver without ascites 
K70.9,Alcoholic liver disease unspecified 
K73.9,Chronic hepatitis unspecified 
K73.0,Chronic persistent hepatitis not elsewhere classified 
K75.4,Autoimmune hepatitis 
K73.8,Other chronic hepatitis not elsewhere classified 
K74.0,Hepatic fibrosis 
K74.3,Primary biliary cirrhosis 
K76.89,Other specified diseases of liver 
K76.9,Liver disease unspecified 
K75.0,Abscess of liver 
K75.1,Phlebitis of portal vein 
K72.91,Hepatic failure unspecified with coma 
K76.6,Portal hypertension 
K76.7,Hepatorenal syndrome 
K72.90,Hepatic failure unspecified without coma 
K76.1,Chronic passive congestion of liver 
K77,Liver disorders in diseases classified elsewhere 
K77,Liver disorders in diseases classified elsewhere 
K75.9,Inflammatory liver disease unspecified 
K76.3,Infarction of liver 
K76.81,Hepatopulmonary syndrome 
K76.89,Other specified diseases of liver 
K76.9,Liver disease unspecified 
K80.00,Calculus of gallbladder with acute cholecystitis without obstruction 
K80.01,Calculus of gallbladder with acute cholecystitis with obstruction 
K80.18,Calculus of gallbladder with other cholecystitis without obstruction 
K80.19,Calculus of gallbladder with other cholecystitis with obstruction 
K80.20,Calculus of gallbladder without cholecystitis without obstruction 
K80.21,Calculus of gallbladder without cholecystitis with obstruction 
K80.42,Calculus of bile duct with acute cholecystitis without obstruction 
K80.43,Calculus of bile duct with acute cholecystitis with obstruction 
K80.44,Calculus of bile duct with chronic cholecystitis without obstruction 
K80.45,Calculus of bile duct with chronic cholecystitis with obstruction 
K80.50,Calculus of bile duct without cholangitis or cholecystitis without obstruction 
K80.51,Calculus of bile duct without cholangitis or cholecystitis with obstruction 
K80.62,Calculus of gallbladder and bile duct with acute cholecystitis without obstruction 
K80.63,Calculus of gallbladder and bile duct with acute cholecystitis with obstruction 
K80.64,Calculus of gallbladder and bile duct with chronic cholecystitis without obstruction 
K80.65,Calculus of gallbladder and bile duct with chronic cholecystitis with obstruction 
K80.66,Calculus of gallbladder and bile duct with acute and chronic cholecystitis without obstruction 
K80.67,Calculus of gallbladder and bile duct with acute and chronic cholecystitis with obstruction 
K80.70,Calculus of gallbladder and bile duct without cholecystitis without obstruction 
K80.71,Calculus of gallbladder and bile duct without cholecystitis with obstruction 
K81.0,Acute cholecystitis 
K81.9,Cholecystitis unspecified 
K81.1,Chronic cholecystitis 
K81.2,Acute cholecystitis with chronic cholecystitis 
K82.0,Obstruction of gallbladder 
K82.1,Hydrops of gallbladder 
K82.2,Perforation of gallbladder 
K82.3,Fistula of gallbladder 
K82.4,Cholesterolosis of gallbladder 
K82.8,Other specified diseases of gallbladder 
K82.9,Disease of gallbladder unspecified 
K91.5,Postcholecystectomy syndrome 
K83.0,Cholangitis 
K83.1,Obstruction of bile duct 
K83.2,Perforation of bile duct 
K83.3,Fistula of bile duct 
K83.4,Spasm of sphincter of Oddi 
K83.5,Biliary cyst 
K83.9,Disease of biliary tract unspecified 
K85.9,Acute pancreatitis unspecified 
K86.1,Other chronic pancreatitis 
K86.2,Cyst of pancreas 
K86.8,Other specified diseases of pancreas 
K86.9,Disease of pancreas unspecified 
K92.0,Hematemesis 
K92.1,Melena 
K92.2,Gastrointestinal hemorrhage unspecified 
K90.0,Celiac disease 
K90.1,Tropical sprue 
K90.2,Blind loop syndrome not elsewhere classified 
K91.2,Postsurgical malabsorption not elsewhere classified 
K90.3,Pancreatic steatorrhea 
K90.89,Other intestinal malabsorption 
K90.9,Intestinal malabsorption unspecified 
N00.3,Acute nephritic syndrome with diffuse mesangial proliferative glomerulonephritis 
N01.3,Rapidly progressive nephritic syndrome with diffuse mesangial proliferative glomerulonephritis 
N08,Glomerular disorders in diseases classified elsewhere 
N00.8,Acute nephritic syndrome with other morphologic changes 
N00.9,Acute nephritic syndrome with unspecified morphologic changes 
N04.4,Nephrotic syndrome with diffuse endocapillary proliferative glomerulonephritis 
N02.2,Recurrent and persistent hematuria with diffuse membranous glomerulonephritis 
N04.3,Nephrotic syndrome with diffuse mesangial proliferative glomerulonephritis 
N04.0,Nephrotic syndrome with minor glomerular abnormality 
N08,Glomerular disorders in diseases classified elsewhere 
N04.8,Nephrotic syndrome with other morphologic changes 
N04.9,Nephrotic syndrome with unspecified morphologic changes 
N03.2,Chronic nephritic syndrome with diffuse membranous glomerulonephritis 
N03.3,Chronic nephritic syndrome with diffuse mesangial proliferative glomerulonephritis 
N03.5,Chronic nephritic syndrome with diffuse mesangiocapillary glomerulonephritis 
N03.8,Chronic nephritic syndrome with other morphologic changes 
N08,Glomerular disorders in diseases classified elsewhere 
N03.8,Chronic nephritic syndrome with other morphologic changes 
N03.9,Chronic nephritic syndrome with unspecified morphologic changes 
N05.9,Unspecified nephritic syndrome with unspecified morphologic changes 
N05.2,Unspecified nephritic syndrome with diffuse membranous glomerulonephritis 
N05.5,Unspecified nephritic syndrome with diffuse mesangiocapillary glomerulonephritis 
N05.9,Unspecified nephritic syndrome with unspecified morphologic changes 
N17.1,Acute kidney failure with acute cortical necrosis 
N17.2,Acute kidney failure with medullary necrosis 
N08,Glomerular disorders in diseases classified elsewhere 
N05.8,Unspecified nephritic syndrome with other morphologic changes 
N05.9,Unspecified nephritic syndrome with unspecified morphologic changes 
N17.0,Acute kidney failure with tubular necrosis 
N17.1,Acute kidney failure with acute cortical necrosis 
N17.2,Acute kidney failure with medullary necrosis 
N17.8,Other acute kidney failure 
N17.9,Acute kidney failure unspecified 
N18.1,Chronic kidney disease stage 1 
N18.2,Chronic kidney disease stage 2 (mild) 
N18.3,Chronic kidney disease stage 3 (moderate) 
N18.4,Chronic kidney disease stage 4 (severe) 
N18.5,Chronic kidney disease stage 5 
N18.6,End stage renal disease 
N18.9,Chronic kidney disease unspecified 
N19,Unspecified kidney failure 
N26.9,Renal sclerosis unspecified 
N25.0,Renal osteodystrophy 
N25.1,Nephrogenic diabetes insipidus 
N25.81,Secondary hyperparathyroidism of renal origin 
N25.89,Other disorders resulting from impaired renal tubular function 
N25.9,Disorder resulting from impaired renal tubular function unspecified 
N27.0,Small kidney unilateral 
N27.1,Small kidney bilateral 
N27.9,Small kidney unspecified 
N11.0,Nonobstructive reflux-associated chronic pyelonephritis 
N11.8,Other chronic tubulo-interstitial nephritis 
N10,Acute tubulo-interstitial nephritis 
N10,Acute tubulo-interstitial nephritis 
N15.1,Renal and perinephric abscess 
N28.84,Pyelitis cystica 
N12,Tubulo-interstitial nephritis not specified as acute or chronic 
N16,Renal tubulo-interstitial disorders in diseases classified elsewhere 
N15.9,Renal tubulo-interstitial disease unspecified 
N13.30,Unspecified hydronephrosis 
N20.0,Calculus of kidney 
N20.1,Calculus of ureter 
N20.9,Urinary calculus unspecified 
N28.83,Nephroptosis 
N28.81,Hypertrophy of kidney 
N28.1,Cyst of kidney acquired 
N13.5,Crossing vessel and stricture of ureter without hydronephrosis 
N13.8,Other obstructive and reflux uropathy 
N13.4,Hydroureter 
R80.2,Orthostatic proteinuria unspecified 
N13.70,Vesicoureteral-reflux unspecified 
N13.721,Vesicoureteral-reflux with reflux nephropathy without hydroureter unilateral 
N13.722,Vesicoureteral-reflux with reflux nephropathy without hydroureter bilateral 
N13.729,Vesicoureteral-reflux with reflux nephropathy without hydroureter unspecified 
N28.0,Ischemia and infarction of kidney 
N28.89,Other specified disorders of kidney and ureter 
N28.89,Other specified disorders of kidney and ureter 
N28.9,Disorder of kidney and ureter unspecified 
N21.0,Calculus in bladder 
N21.0,Calculus in bladder 
N21.1,Calculus in urethra 
N21.8,Other lower urinary tract calculus 
N21.9,Calculus of lower urinary tract unspecified 
N30.00,Acute cystitis without hematuria 
N30.10,Interstitial cystitis (chronic) without hematuria 
N30.20,Other chronic cystitis without hematuria 
N30.30,Trigonitis without hematuria 
N30.81,Other cystitis with hematuria 
N30.81,Other cystitis with hematuria 
N30.40,Irradiation cystitis without hematuria 
N30.80,Other cystitis without hematuria 
N30.90,Cystitis unspecified without hematuria 
N32.0,Bladder-neck obstruction 
N32.1,Vesicointestinal fistula 
N32.2,Vesical fistula not elsewhere classified 
N32.3,Diverticulum of bladder 
N31.2,Flaccid neuropathic bladder not elsewhere classified 
N32.81,Overactive bladder 
N31.8,Other neuromuscular dysfunction of bladder 
N31.2,Flaccid neuropathic bladder not elsewhere classified 
N31.9,Neuromuscular dysfunction of bladder unspecified 
N36.44,Muscular disorders of urethra 
N31.9,Neuromuscular dysfunction of bladder unspecified 
N32.89,Other specified disorders of bladder 
N32.89,Other specified disorders of bladder 
N99.511,Cystostomy infection 
N99.512,Cystostomy malfunction 
N99.518,Other cystostomy complication 
N32.89,Other specified disorders of bladder 
N32.9,Bladder disorder unspecified 
N34.0,Urethral abscess 
N34.1,Nonspecific urethritis 
N34.3,Urethral syndrome unspecified 
N34.2,Other urethritis 
N35.111,Postinfective urethral stricture not elsewhere classified male meatal 
N37,Urethral disorders in diseases classified elsewhere 
N35.014,Post-traumatic urethral stricture male unspecified 
N99.110,Postprocedural urethral stricture male meatal 
N35.8,Other urethral stricture 
N35.9,Urethral stricture unspecified 
N39.0,Urinary tract infection site not specified 
N36.0,Urethral fistula 
N36.1,Urethral diverticulum 
N36.2,Urethral caruncle 
N36.5,Urethral false passage 
N36.8,Other specified disorders of urethra 
N13.9,Obstructive and reflux uropathy unspecified 
N13.9,Obstructive and reflux uropathy unspecified 
R31.9,Hematuria unspecified 
R31.0,Gross hematuria 
R31.1,Benign essential microscopic hematuria 
N36.41,Hypermobility of urethra 
N36.42,Intrinsic sphincter deficiency (ISD) 
N36.8,Other specified disorders of urethra 
N36.8,Other specified disorders of urethra 
N39.8,Other specified disorders of urinary system 
N36.9,Urethral disorder unspecified 
N40.0,Enlarged prostate without lower urinary tract symptoms 
N40.1,Enlarged prostate with lower urinary tract symptoms 
N40.2,Nodular prostate without lower urinary tract symptoms 
N40.3,Nodular prostate with lower urinary tract symptoms 
N40.0,Enlarged prostate without lower urinary tract symptoms 
N40.1,Enlarged prostate with lower urinary tract symptoms 
N42.83,Cyst of prostate 
N40.0,Enlarged prostate without lower urinary tract symptoms 
N40.1,Enlarged prostate with lower urinary tract symptoms 
N41.0,Acute prostatitis 
N41.1,Chronic prostatitis 
N41.2,Abscess of prostate 
N41.3,Prostatocystitis 
N51,Disorders of male genital organs in diseases classified elsewhere 
N41.8,Other inflammatory diseases of prostate 
N41.9,Inflammatory disease of prostate unspecified 
N42.0,Calculus of prostate 
N42.1,Congestion and hemorrhage of prostate 
N42.89,Other specified disorders of prostate 
N42.3,Dysplasia of prostate 
N42.89,Other specified disorders of prostate 
N42.9,Disorder of prostate unspecified 
N43.0,Encysted hydrocele 
N43.1,Infected hydrocele 
N43.2,Other hydrocele 
N43.3,Hydrocele unspecified 
N45.4,Abscess of epididymis or testis 
N45.1,Epididymitis 
N51,Disorders of male genital organs in diseases classified elsewhere 
N45.1,Epididymitis 
N47.1,Phimosis 
N46.01,Organic azoospermia 
N46.11,Organic oligospermia 
N46.029,Azoospermia due to other extratesticular causes 
N46.9,Male infertility unspecified 
N48.0,Leukoplakia of penis 
N47.6,Balanoposthitis 
N48.29,Other inflammatory disorders of penis 
N48.30,Priapism unspecified 
N48.0,Leukoplakia of penis 
N50.1,Vascular disorders of male genital organs 
N48.89,Other specified disorders of penis 
N52.9,Male erectile dysfunction unspecified 
N48.6,Induration penis plastica 
N48.5,Ulcer of penis 
N48.9,Disorder of penis unspecified 
N49.0,Inflammatory disorders of seminal vesicle 
N43.40,Spermatocele of epididymis unspecified 
N44.00,Torsion of testis unspecified 
N44.01,Extravaginal torsion of spermatic cord 
N44.02,Intravaginal torsion of spermatic cord 
N44.03,Torsion of appendix testis 
N44.04,Torsion of appendix epididymis 
N50.0,Atrophy of testis 
N49.9,Inflammatory disorder of unspecified male genital organ 
N51,Disorders of male genital organs in diseases classified elsewhere 
R36.1,Hematospermia 
N50.1,Vascular disorders of male genital organs 
N50.8,Other specified disorders of male genital organs 
N50.8,Other specified disorders of male genital organs 
N50.8,Other specified disorders of male genital organs 
N53.14,Retrograde ejaculation 
N50.8,Other specified disorders of male genital organs 
N50.9,Disorder of male genital organs unspecified 
N60.09,Solitary cyst of unspecified breast 
N60.19,Diffuse cystic mastopathy of unspecified breast 
N60.29,Fibroadenosis of unspecified breast 
N60.39,Fibrosclerosis of unspecified breast 
N60.49,Mammary duct ectasia of unspecified breast 
N60.89,Other benign mammary dysplasias of unspecified breast 
N60.99,Unspecified benign mammary dysplasia of unspecified breast 
N61,Inflammatory disorders of breast 
N62,Hypertrophy of breast 
N64.0,Fissure and fistula of nipple 
N64.1,Fat necrosis of breast 
N64.2,Atrophy of breast 
N64.89,Other specified disorders of breast 
N64.3,Galactorrhea not associated with childbirth 
N64.4,Mastodynia 
N63,Unspecified lump in breast 
N64.59,Other signs and symptoms in breast 
N64.81,Ptosis of breast 
N64.82,Hypoplasia of breast 
N64.89,Other specified disorders of breast 
N64.89,Other specified disorders of breast 
N64.9,Disorder of breast unspecified 
N65.0,Deformity of reconstructed breast 
N65.1,Disproportion of reconstructed breast 
N70.03,Acute salpingitis and oophoritis 
N70.13,Chronic salpingitis and oophoritis 
N70.93,Salpingitis and oophoritis unspecified 
N73.0,Acute parametritis and pelvic cellulitis 
N73.1,Chronic parametritis and pelvic cellulitis 
N73.3,Female acute pelvic peritonitis 
N73.6,Female pelvic peritoneal adhesions (postinfective) 
N73.4,Female chronic pelvic peritonitis 
N73.8,Other specified female pelvic inflammatory diseases 
N73.9,Female pelvic inflammatory disease unspecified 
N71.0,Acute inflammatory disease of uterus 
N71.1,Chronic inflammatory disease of uterus 
N71.9,Inflammatory disease of uterus unspecified 
N72,Inflammatory disease of cervix uteri 
N76.0,Acute vaginitis 
N77.1,Vaginitis vulvitis and vulvovaginitis in diseases classified elsewhere 
N75.0,Cyst of Bartholin's gland 
N75.1,Abscess of Bartholin's gland 
N76.4,Abscess of vulva 
N76.6,Ulceration of vulva 
N77.0,Ulceration of vulva in diseases classified elsewhere 
N76.81,Mucositis (ulcerative) of vagina and vulva 
N76.89,Other specified inflammation of vagina and vulva 
N73.9,Female pelvic inflammatory disease unspecified 
N80.0,Endometriosis of uterus 
N80.1,Endometriosis of ovary 
N80.2,Endometriosis of fallopian tube 
N80.3,Endometriosis of pelvic peritoneum 
N80.4,Endometriosis of rectovaginal septum and vagina 
N80.5,Endometriosis of intestine 
N80.6,Endometriosis in cutaneous scar 
N80.8,Other endometriosis 
N80.9,Endometriosis unspecified 
N81.9,Female genital prolapse unspecified 
N81.11,Cystocele midline 
N81.12,Cystocele lateral 
N81.0,Urethrocele 
N81.6,Rectocele 
N81.81,Perineocele 
N81.89,Other female genital prolapse 
N81.2,Incomplete uterovaginal prolapse 
N81.2,Incomplete uterovaginal prolapse 
N81.3,Complete uterovaginal prolapse 
N81.4,Uterovaginal prolapse unspecified 
N99.3,Prolapse of vaginal vault after hysterectomy 
N81.5,Vaginal enterocele 
N81.89,Other female genital prolapse 
N81.82,Incompetence or weakening of pubocervical tissue 
N81.83,Incompetence or weakening of rectovaginal tissue 
N81.84,Pelvic muscle wasting 
N81.85,Cervical stump prolapse 
N81.89,Other female genital prolapse 
N81.9,Female genital prolapse unspecified 
N82.0,Vesicovaginal fistula 
N82.4,Other female intestinal-genital tract fistulae 
N82.5,Female genital tract-skin fistulae 
N82.8,Other female genital tract fistulae 
N82.9,Female genital tract fistula unspecified 
N83.0,Follicular cyst of ovary 
N83.1,Corpus luteum cyst 
N83.20,Unspecified ovarian cysts 
N83.33,Acquired atrophy of ovary and fallopian tube 
N83.4,Prolapse and hernia of ovary and fallopian tube 
N83.53,Torsion of ovary ovarian pedicle and fallopian tube 
N83.8,Other noninflammatory disorders of ovary fallopian tube and broad ligament 
N83.7,Hematoma of broad ligament 
N83.8,Other noninflammatory disorders of ovary fallopian tube and broad ligament 
N83.9,Noninflammatory disorder of ovary fallopian tube and broad ligament unspecified 
N84.0,Polyp of corpus uteri 
N85.3,Subinvolution of uterus 
N85.2,Hypertrophy of uterus 
N85.00,Endometrial hyperplasia unspecified 
N85.01,Benign endometrial hyperplasia 
N85.01,Benign endometrial hyperplasia 
N85.02,Endometrial intraepithelial neoplasia [EIN] 
N85.01,Benign endometrial hyperplasia 
N85.02,Endometrial intraepithelial neoplasia [EIN] 
N85.7,Hematometra 
N85.6,Intrauterine synechiae 
N85.4,Malposition of uterus 
N85.5,Inversion of uterus 
N85.8,Other specified noninflammatory disorders of uterus 
N85.9,Noninflammatory disorder of uterus unspecified 
N86,Erosion and ectropion of cervix uteri 
N87.9,Dysplasia of cervix uteri unspecified 
N87.0,Mild cervical dysplasia 
N87.1,Moderate cervical dysplasia 
N88.0,Leukoplakia of cervix uteri 
N88.1,Old laceration of cervix uteri 
N88.2,Stricture and stenosis of cervix uteri 
N88.3,Incompetence of cervix uteri 
N88.4,Hypertrophic elongation of cervix uteri 
N84.1,Polyp of cervix uteri 
N88.8,Other specified noninflammatory disorders of cervix uteri 
N88.9,Noninflammatory disorder of cervix uteri unspecified 
N89.3,Dysplasia of vagina unspecified 
N89.4,Leukoplakia of vagina 
N89.5,Stricture and atresia of vagina 
N89.6,Tight hymenal ring 
N89.8,Other specified noninflammatory disorders of vagina 
N89.8,Other specified noninflammatory disorders of vagina 
N89.8,Other specified noninflammatory disorders of vagina 
N84.2,Polyp of vagina 
N89.8,Other specified noninflammatory disorders of vagina 
N89.9,Noninflammatory disorder of vagina unspecified 
N90.0,Mild vulvar dysplasia 
N90.1,Moderate vulvar dysplasia 
N90.4,Leukoplakia of vulva 
N90.5,Atrophy of vulva 
N90.89,Other specified noninflammatory disorders of vulva and perineum 
N90.6,Hypertrophy of vulva 
N90.89,Other specified noninflammatory disorders of vulva and perineum 
N90.89,Other specified noninflammatory disorders of vulva and perineum 
N84.3,Polyp of vulva 
N90.89,Other specified noninflammatory disorders of vulva and perineum 
N90.9,Noninflammatory disorder of vulva and perineum unspecified 
N94.1,Dyspareunia 
N94.2,Vaginismus 
N94.0,Mittelschmerz 
N94.6,Dysmenorrhea unspecified 
N94.3,Premenstrual tension syndrome 
N94.89,Other specified conditions associated with female genital organs and menstrual cycle 
N39.3,Stress incontinence (female) (male) 
N94.819,Vulvodynia unspecified 
N94.810,Vulvar vestibulitis 
N94.818,Other vulvodynia 
N94.89,Other specified conditions associated with female genital organs and menstrual cycle 
R10.2,Pelvic and perineal pain 
N91.2,Amenorrhea unspecified 
N91.5,Oligomenorrhea unspecified 
N92.0,Excessive and frequent menstruation with regular cycle 
N92.2,Excessive menstruation at puberty 
N92.5,Other specified irregular menstruation 
N92.3,Ovulation bleeding 
N92.1,Excessive and frequent menstruation with irregular cycle 
N93.0,Postcoital and contact bleeding 
N93.8,Other specified abnormal uterine and vaginal bleeding 
N93.9,Abnormal uterine and vaginal bleeding unspecified 
N92.4,Excessive bleeding in the premenopausal period 
N95.0,Postmenopausal bleeding 
N95.1,Menopausal and female climacteric states 
N95.2,Postmenopausal atrophic vaginitis 
N95.8,Other specified menopausal and perimenopausal disorders 
N95.8,Other specified menopausal and perimenopausal disorders 
N95.9,Unspecified menopausal and perimenopausal disorder 
N97.0,Female infertility associated with anovulation 
E23.0,Hypopituitarism 
N97.1,Female infertility of tubal origin 
N97.2,Female infertility of uterine origin 
N97.8,Female infertility of other origin 
N97.8,Female infertility of other origin 
N97.9,Female infertility unspecified 
N94.89,Other specified conditions associated with female genital organs and menstrual cycle 
N94.89,Other specified conditions associated with female genital organs and menstrual cycle 
N90.810,Female genital mutilation status unspecified 
N90.811,Female genital mutilation Type I status 
N90.812,Female genital mutilation Type II status 
N90.813,Female genital mutilation Type III status 
N90.818,Other female genital mutilation status 
T83.711A,Erosion of implanted vaginal mesh and other prosthetic materials to surrounding organ or tissue initial encounter 
T83.721A,Exposure of implanted vaginal mesh and other prosthetic materials into vagina initial encounter 
N96,Recurrent pregnancy loss 
N94.89,Other specified conditions associated with female genital organs and menstrual cycle 
N94.9,Unspecified condition associated with female genital organs and menstrual cycle 
O01.9,Hydatidiform mole unspecified 
O02.81,Inappropriate change in quantitative human chorionic gonadotropin (hCG) in early pregnancy 
O02.89,Other abnormal products of conception 
O02.1,Missed abortion 
O00.0,Abdominal pregnancy 
O00.0,Abdominal pregnancy 
O00.1,Tubal pregnancy 
O00.1,Tubal pregnancy 
O00.2,Ovarian pregnancy 
O00.2,Ovarian pregnancy 
O00.8,Other ectopic pregnancy 
O00.8,Other ectopic pregnancy 
O00.9,Ectopic pregnancy unspecified 
O00.9,Ectopic pregnancy unspecified 
O03.5,Genital tract and pelvic infection following complete or unspecified spontaneous abortion 
O03.0,Genital tract and pelvic infection following incomplete spontaneous abortion 
O03.5,Genital tract and pelvic infection following complete or unspecified spontaneous abortion 
O03.6,Delayed or excessive hemorrhage following complete or unspecified spontaneous abortion 
O03.1,Delayed or excessive hemorrhage following incomplete spontaneous abortion 
O03.6,Delayed or excessive hemorrhage following complete or unspecified spontaneous abortion 
O03.84,Damage to pelvic organs following complete or unspecified spontaneous abortion 
O03.34,Damage to pelvic organs following incomplete spontaneous abortion 
O03.84,Damage to pelvic organs following complete or unspecified spontaneous abortion 
O03.82,Renal failure following complete or unspecified spontaneous abortion 
O03.32,Renal failure following incomplete spontaneous abortion 
O03.82,Renal failure following complete or unspecified spontaneous abortion 
O03.83,Metabolic disorder following complete or unspecified spontaneous abortion 
O03.33,Metabolic disorder following incomplete spontaneous abortion 
O03.83,Metabolic disorder following complete or unspecified spontaneous abortion 
O03.81,Shock following complete or unspecified spontaneous abortion 
O03.31,Shock following incomplete spontaneous abortion 
O03.81,Shock following complete or unspecified spontaneous abortion 
O03.7,Embolism following complete or unspecified spontaneous abortion 
O03.2,Embolism following incomplete spontaneous abortion 
O03.7,Embolism following complete or unspecified spontaneous abortion 
O03.85,Other venous complications following complete or unspecified spontaneous abortion 
O03.39,Incomplete spontaneous abortion with other complications 
O03.85,Other venous complications following complete or unspecified spontaneous abortion 
O03.80,Unspecified complication following complete or unspecified spontaneous abortion 
O03.30,Unspecified complication following incomplete spontaneous abortion 
O03.80,Unspecified complication following complete or unspecified spontaneous abortion 
O03.9,Complete or unspecified spontaneous abortion without complication 
O03.4,Incomplete spontaneous abortion without complication 
O03.9,Complete or unspecified spontaneous abortion without complication 
O04.87,Sepsis following (induced) termination of pregnancy 
O04.87,Sepsis following (induced) termination of pregnancy 
O04.87,Sepsis following (induced) termination of pregnancy 
O04.6,Delayed or excessive hemorrhage following (induced) termination of pregnancy 
O04.6,Delayed or excessive hemorrhage following (induced) termination of pregnancy 
O04.6,Delayed or excessive hemorrhage following (induced) termination of pregnancy 
O04.84,Damage to pelvic organs following (induced) termination of pregnancy 
O04.84,Damage to pelvic organs following (induced) termination of pregnancy 
O04.84,Damage to pelvic organs following (induced) termination of pregnancy 
O04.82,Renal failure following (induced) termination of pregnancy 
O04.82,Renal failure following (induced) termination of pregnancy 
O04.82,Renal failure following (induced) termination of pregnancy 
O04.83,Metabolic disorder following (induced) termination of pregnancy 
O04.83,Metabolic disorder following (induced) termination of pregnancy 
O04.83,Metabolic disorder following (induced) termination of pregnancy 
O04.81,Shock following (induced) termination of pregnancy 
O04.81,Shock following (induced) termination of pregnancy 
O04.81,Shock following (induced) termination of pregnancy 
O04.7,Embolism following (induced) termination of pregnancy 
O04.7,Embolism following (induced) termination of pregnancy 
O04.7,Embolism following (induced) termination of pregnancy 
O04.89,(Induced) termination of pregnancy with other complications 
O04.89,(Induced) termination of pregnancy with other complications 
O04.89,(Induced) termination of pregnancy with other complications 
O04.80,(Induced) termination of pregnancy with unspecified complications 
O04.80,(Induced) termination of pregnancy with unspecified complications 
O04.80,(Induced) termination of pregnancy with unspecified complications 
Z33.2,Encounter for elective termination of pregnancy 
Z33.2,Encounter for elective termination of pregnancy 
Z33.2,Encounter for elective termination of pregnancy 
O04.5,Genital tract and pelvic infection following (induced) termination of pregnancy 
O04.5,Genital tract and pelvic infection following (induced) termination of pregnancy 
O04.5,Genital tract and pelvic infection following (induced) termination of pregnancy 
O04.6,Delayed or excessive hemorrhage following (induced) termination of pregnancy 
O04.6,Delayed or excessive hemorrhage following (induced) termination of pregnancy 
O04.6,Delayed or excessive hemorrhage following (induced) termination of pregnancy 
O04.84,Damage to pelvic organs following (induced) termination of pregnancy 
O04.84,Damage to pelvic organs following (induced) termination of pregnancy 
O04.84,Damage to pelvic organs following (induced) termination of pregnancy 
O04.82,Renal failure following (induced) termination of pregnancy 
O04.82,Renal failure following (induced) termination of pregnancy 
O04.82,Renal failure following (induced) termination of pregnancy 
O04.83,Metabolic disorder following (induced) termination of pregnancy 
O04.83,Metabolic disorder following (induced) termination of pregnancy 
O04.83,Metabolic disorder following (induced) termination of pregnancy 
O04.81,Shock following (induced) termination of pregnancy 
O04.81,Shock following (induced) termination of pregnancy 
O04.81,Shock following (induced) termination of pregnancy 
O04.7,Embolism following (induced) termination of pregnancy 
O04.7,Embolism following (induced) termination of pregnancy 
O04.7,Embolism following (induced) termination of pregnancy 
O04.89,(Induced) termination of pregnancy with other complications 
O04.89,(Induced) termination of pregnancy with other complications 
O04.89,(Induced) termination of pregnancy with other complications 
O04.80,(Induced) termination of pregnancy with unspecified complications 
O04.80,(Induced) termination of pregnancy with unspecified complications 
O04.80,(Induced) termination of pregnancy with unspecified complications 
Z33.2,Encounter for elective termination of pregnancy 
Z33.2,Encounter for elective termination of pregnancy 
Z33.2,Encounter for elective termination of pregnancy 
O04.5,Genital tract and pelvic infection following (induced) termination of pregnancy 
O04.5,Genital tract and pelvic infection following (induced) termination of pregnancy 
O04.5,Genital tract and pelvic infection following (induced) termination of pregnancy 
O04.6,Delayed or excessive hemorrhage following (induced) termination of pregnancy 
O04.6,Delayed or excessive hemorrhage following (induced) termination of pregnancy 
O04.6,Delayed or excessive hemorrhage following (induced) termination of pregnancy 
O04.84,Damage to pelvic organs following (induced) termination of pregnancy 
O04.84,Damage to pelvic organs following (induced) termination of pregnancy 
O04.84,Damage to pelvic organs following (induced) termination of pregnancy 
O04.82,Renal failure following (induced) termination of pregnancy 
O04.82,Renal failure following (induced) termination of pregnancy 
O04.82,Renal failure following (induced) termination of pregnancy 
O04.83,Metabolic disorder following (induced) termination of pregnancy 
O04.83,Metabolic disorder following (induced) termination of pregnancy 
O04.83,Metabolic disorder following (induced) termination of pregnancy 
O04.81,Shock following (induced) termination of pregnancy 
O04.81,Shock following (induced) termination of pregnancy 
O04.81,Shock following (induced) termination of pregnancy 
O04.7,Embolism following (induced) termination of pregnancy 
O04.7,Embolism following (induced) termination of pregnancy 
O04.7,Embolism following (induced) termination of pregnancy 
O04.89,(Induced) termination of pregnancy with other complications 
O04.89,(Induced) termination of pregnancy with other complications 
O04.89,(Induced) termination of pregnancy with other complications 
O04.80,(Induced) termination of pregnancy with unspecified complications 
O04.80,(Induced) termination of pregnancy with unspecified complications 
O04.80,(Induced) termination of pregnancy with unspecified complications 
Z33.2,Encounter for elective termination of pregnancy 
Z33.2,Encounter for elective termination of pregnancy 
Z33.2,Encounter for elective termination of pregnancy 
O07.0,Genital tract and pelvic infection following failed attempted termination of pregnancy 
O07.1,Delayed or excessive hemorrhage following failed attempted termination of pregnancy 
O07.34,Damage to pelvic organs following failed attempted termination of pregnancy 
O07.32,Renal failure following failed attempted termination of pregnancy 
O07.33,Metabolic disorder following failed attempted termination of pregnancy 
O07.31,Shock following failed attempted termination of pregnancy 
O07.2,Embolism following failed attempted termination of pregnancy 
O07.39,Failed attempted termination of pregnancy with other complications 
O07.30,Failed attempted termination of pregnancy with unspecified complications 
O07.4,Failed attempted termination of pregnancy without complication 
O08.0,Genital tract and pelvic infection following ectopic and molar pregnancy 
O08.1,Delayed or excessive hemorrhage following ectopic and molar pregnancy 
O08.6,Damage to pelvic organs and tissues following an ectopic and molar pregnancy 
O08.4,Renal failure following ectopic and molar pregnancy 
O08.5,Metabolic disorders following an ectopic and molar pregnancy 
O08.3,Shock following ectopic and molar pregnancy 
O08.2,Embolism following ectopic and molar pregnancy 
O08.89,Other complications following an ectopic and molar pregnancy 
O08.9,Unspecified complication following an ectopic and molar pregnancy 
O20.0,Threatened abortion 
O20.0,Threatened abortion 
O20.0,Threatened abortion 
O20.8,Other hemorrhage in early pregnancy 
O20.8,Other hemorrhage in early pregnancy 
O20.8,Other hemorrhage in early pregnancy 
O20.9,Hemorrhage in early pregnancy unspecified 
O20.9,Hemorrhage in early pregnancy unspecified 
O20.9,Hemorrhage in early pregnancy unspecified 
O44.00,Placenta previa specified as without hemorrhage unspecified trimester 
O44.01,Placenta previa specified as without hemorrhage first trimester 
O44.01,Placenta previa specified as without hemorrhage first trimester 
O44.10,Placenta previa with hemorrhage unspecified trimester 
O44.11,Placenta previa with hemorrhage first trimester 
O44.11,Placenta previa with hemorrhage first trimester 
O45.8X9,Other premature separation of placenta unspecified trimester 
O45.8X1,Other premature separation of placenta first trimester 
O45.8X1,Other premature separation of placenta first trimester 
O46.009,Antepartum hemorrhage with coagulation defect unspecified unspecified trimester 
O46.001,Antepartum hemorrhage with coagulation defect unspecified first trimester 
O46.001,Antepartum hemorrhage with coagulation defect unspecified first trimester 
O46.8X9,Other antepartum hemorrhage unspecified trimester 
O46.8X1,Other antepartum hemorrhage first trimester 
O46.8X1,Other antepartum hemorrhage first trimester 
O46.90,Antepartum hemorrhage unspecified unspecified trimester 
O46.91,Antepartum hemorrhage unspecified first trimester 
O46.91,Antepartum hemorrhage unspecified first trimester 
O10.019,Pre-existing essential hypertension complicating pregnancy unspecified trimester 
O10.011,Pre-existing essential hypertension complicating pregnancy first trimester 
O10.03,Pre-existing essential hypertension complicating the puerperium 
O10.011,Pre-existing essential hypertension complicating pregnancy first trimester 
O10.03,Pre-existing essential hypertension complicating the puerperium 
O10.419,Pre-existing secondary hypertension complicating pregnancy unspecified trimester 
O10.411,Pre-existing secondary hypertension complicating pregnancy first trimester 
O10.43,Pre-existing secondary hypertension complicating the puerperium 
O10.411,Pre-existing secondary hypertension complicating pregnancy first trimester 
O10.43,Pre-existing secondary hypertension complicating the puerperium 
O10.119,Pre-existing hypertensive heart disease complicating pregnancy unspecified trimester 
O10.111,Pre-existing hypertensive heart disease complicating pregnancy first trimester 
O10.13,Pre-existing hypertensive heart disease complicating the puerperium 
O10.111,Pre-existing hypertensive heart disease complicating pregnancy first trimester 
O10.13,Pre-existing hypertensive heart disease complicating the puerperium 
O13.9,Gestational [pregnancy-induced] hypertension without significant proteinuria unspecified trimester 
O13.1,Gestational [pregnancy-induced] hypertension without significant proteinuria first trimester 
O13.1,Gestational [pregnancy-induced] hypertension without significant proteinuria first trimester 
O13.1,Gestational [pregnancy-induced] hypertension without significant proteinuria first trimester 
O13.1,Gestational [pregnancy-induced] hypertension without significant proteinuria first trimester 
O14.00,Mild to moderate pre-eclampsia unspecified trimester 
O14.02,Mild to moderate pre-eclampsia second trimester 
O14.02,Mild to moderate pre-eclampsia second trimester 
O14.02,Mild to moderate pre-eclampsia second trimester 
O15.2,Eclampsia in the puerperium 
O14.10,Severe pre-eclampsia unspecified trimester 
O14.12,Severe pre-eclampsia second trimester 
O14.12,Severe pre-eclampsia second trimester 
O14.12,Severe pre-eclampsia second trimester 
O14.12,Severe pre-eclampsia second trimester 
O15.9,Eclampsia unspecified as to time period 
O15.02,Eclampsia in pregnancy second trimester 
O15.2,Eclampsia in the puerperium 
O15.02,Eclampsia in pregnancy second trimester 
O15.2,Eclampsia in the puerperium 
O11.9,Pre-existing hypertension with pre-eclampsia unspecified trimester 
O11.1,Pre-existing hypertension with pre-eclampsia first trimester 
O15.2,Eclampsia in the puerperium 
O11.1,Pre-existing hypertension with pre-eclampsia first trimester 
O15.2,Eclampsia in the puerperium 
O16.9,Unspecified maternal hypertension unspecified trimester 
O16.1,Unspecified maternal hypertension first trimester 
O16.9,Unspecified maternal hypertension unspecified trimester 
O16.1,Unspecified maternal hypertension first trimester 
O16.1,Unspecified maternal hypertension first trimester 
O21.0,Mild hyperemesis gravidarum 
O21.0,Mild hyperemesis gravidarum 
O21.0,Mild hyperemesis gravidarum 
O21.1,Hyperemesis gravidarum with metabolic disturbance 
O21.1,Hyperemesis gravidarum with metabolic disturbance 
O21.1,Hyperemesis gravidarum with metabolic disturbance 
O21.2,Late vomiting of pregnancy 
O21.2,Late vomiting of pregnancy 
O21.2,Late vomiting of pregnancy 
O21.8,Other vomiting complicating pregnancy 
O21.8,Other vomiting complicating pregnancy 
O21.8,Other vomiting complicating pregnancy 
O21.9,Vomiting of pregnancy unspecified 
O21.9,Vomiting of pregnancy unspecified 
O21.9,Vomiting of pregnancy unspecified 
O60.00,Preterm labor without delivery unspecified trimester 
O60.02,Preterm labor without delivery second trimester 
O47.00,False labor before 37 completed weeks of gestation unspecified trimester 
O47.02,False labor before 37 completed weeks of gestation second trimester 
O60.10x0,Preterm labor with preterm delivery unspecified trimester not applicable or unspecified 
O60.12x0,Preterm labor second trimester with preterm delivery second trimester not applicable or unspecified 
O48.0,Post-term pregnancy 
O48.0,Post-term pregnancy 
O48.0,Post-term pregnancy 
O48.1,Prolonged pregnancy 
O48.1,Prolonged pregnancy 
O48.1,Prolonged pregnancy 
O31.00x0,Papyraceous fetus unspecified trimester not applicable or unspecified 
O31.01x0,Papyraceous fetus first trimester not applicable or unspecified 
O31.01x0,Papyraceous fetus first trimester not applicable or unspecified 
O12.00,Gestational edema unspecified trimester 
O12.01,Gestational edema first trimester 
O12.01,Gestational edema first trimester 
O12.01,Gestational edema first trimester 
O12.01,Gestational edema first trimester 
O26.839,Pregnancy related renal disease unspecified trimester 
O26.831,Pregnancy related renal disease first trimester 
O26.831,Pregnancy related renal disease first trimester 
O26.831,Pregnancy related renal disease first trimester 
O90.89,Other complications of the puerperium not elsewhere classified 
O26.20,Pregnancy care for patient with recurrent pregnancy loss unspecified trimester 
O26.21,Pregnancy care for patient with recurrent pregnancy loss first trimester 
O26.21,Pregnancy care for patient with recurrent pregnancy loss first trimester 
O26.829,Pregnancy related peripheral neuritis unspecified trimester 
O26.821,Pregnancy related peripheral neuritis first trimester 
O26.821,Pregnancy related peripheral neuritis first trimester 
O26.821,Pregnancy related peripheral neuritis first trimester 
O90.89,Other complications of the puerperium not elsewhere classified 
O23.40,Unspecified infection of urinary tract in pregnancy unspecified trimester 
O23.41,Unspecified infection of urinary tract in pregnancy first trimester 
O23.91,Unspecified genitourinary tract infection in pregnancy first trimester 
O23.41,Unspecified infection of urinary tract in pregnancy first trimester 
O90.89,Other complications of the puerperium not elsewhere classified 
O23.00,Infections of kidney in pregnancy unspecified trimester 
O23.91,Unspecified genitourinary tract infection in pregnancy first trimester 
O23.91,Unspecified genitourinary tract infection in pregnancy first trimester 
O23.91,Unspecified genitourinary tract infection in pregnancy first trimester 
O86.19,Other infection of genital tract following delivery 
O26.619,Liver and biliary tract disorders in pregnancy unspecified trimester 
O26.611,Liver and biliary tract disorders in pregnancy first trimester 
O26.611,Liver and biliary tract disorders in pregnancy first trimester 
O26.819,Pregnancy related exhaustion and fatigue unspecified trimester 
O26.41,Herpes gestationis first trimester 
O26.891,Other specified pregnancy related conditions first trimester 
O26.41,Herpes gestationis first trimester 
O90.89,Other complications of the puerperium not elsewhere classified 
O26.90,Pregnancy related conditions unspecified unspecified trimester 
O99.89,Other specified diseases and conditions complicating pregnancy childbirth and the puerperium 
O99.89,Other specified diseases and conditions complicating pregnancy childbirth and the puerperium 
O98.119,Syphilis complicating pregnancy unspecified trimester 
O98.111,Syphilis complicating pregnancy first trimester 
O98.13,Syphilis complicating the puerperium 
O98.111,Syphilis complicating pregnancy first trimester 
O98.13,Syphilis complicating the puerperium 
O98.219,Gonorrhea complicating pregnancy unspecified trimester 
O98.211,Gonorrhea complicating pregnancy first trimester 
O98.23,Gonorrhea complicating the puerperium 
O98.211,Gonorrhea complicating pregnancy first trimester 
O98.23,Gonorrhea complicating the puerperium 
O98.319,Other infections with a predominantly sexual mode of transmission complicating pregnancy unspecified trimester 
O98.311,Other infections with a predominantly sexual mode of transmission complicating pregnancy first trimester 
O98.33,Other infections with a predominantly sexual mode of transmission complicating the puerperium 
O98.311,Other infections with a predominantly sexual mode of transmission complicating pregnancy first trimester 
O98.33,Other infections with a predominantly sexual mode of transmission complicating the puerperium 
O98.019,Tuberculosis complicating pregnancy unspecified trimester 
O98.011,Tuberculosis complicating pregnancy first trimester 
O98.03,Tuberculosis complicating the puerperium 
O98.011,Tuberculosis complicating pregnancy first trimester 
O98.03,Tuberculosis complicating the puerperium 
O98.619,Protozoal diseases complicating pregnancy unspecified trimester 
O98.62,Protozoal diseases complicating childbirth 
O98.63,Protozoal diseases complicating the puerperium 
O98.611,Protozoal diseases complicating pregnancy first trimester 
O98.63,Protozoal diseases complicating the puerperium 
O98.519,Other viral diseases complicating pregnancy unspecified trimester 
O98.511,Other viral diseases complicating pregnancy first trimester 
O98.53,Other viral diseases complicating the puerperium 
O98.511,Other viral diseases complicating pregnancy first trimester 
O98.53,Other viral diseases complicating the puerperium 
O98.519,Other viral diseases complicating pregnancy unspecified trimester 
O98.511,Other viral diseases complicating pregnancy first trimester 
O98.43,Viral hepatitis complicating the puerperium 
O98.511,Other viral diseases complicating pregnancy first trimester 
O98.43,Viral hepatitis complicating the puerperium 
O98.819,Other maternal infectious and parasitic diseases complicating pregnancy unspecified trimester 
O98.811,Other maternal infectious and parasitic diseases complicating pregnancy first trimester 
O98.83,Other maternal infectious and parasitic diseases complicating the puerperium 
O98.811,Other maternal infectious and parasitic diseases complicating pregnancy first trimester 
O98.83,Other maternal infectious and parasitic diseases complicating the puerperium 
O98.919,Unspecified maternal infectious and parasitic disease complicating pregnancy unspecified trimester 
O98.911,Unspecified maternal infectious and parasitic disease complicating pregnancy first trimester 
O98.93,Unspecified maternal infectious and parasitic disease complicating the puerperium 
O98.911,Unspecified maternal infectious and parasitic disease complicating pregnancy first trimester 
O98.93,Unspecified maternal infectious and parasitic disease complicating the puerperium 
O24.319,Unspecified pre-existing diabetes mellitus in pregnancy unspecified trimester 
O24.911,Unspecified diabetes mellitus in pregnancy first trimester 
O24.93,Unspecified diabetes mellitus in the puerperium 
O24.911,Unspecified diabetes mellitus in pregnancy first trimester 
O24.93,Unspecified diabetes mellitus in the puerperium 
O99.280,Endocrine nutritional and metabolic diseases complicating pregnancy unspecified trimester 
O99.281,Endocrine nutritional and metabolic diseases complicating pregnancy first trimester 
O90.5,Postpartum thyroiditis 
O99.281,Endocrine nutritional and metabolic diseases complicating pregnancy first trimester 
O90.5,Postpartum thyroiditis 
O99.019,Anemia complicating pregnancy unspecified trimester 
O99.011,Anemia complicating pregnancy first trimester 
O99.03,Anemia complicating the puerperium 
O99.011,Anemia complicating pregnancy first trimester 
O90.81,Anemia of the puerperium 
O99.320,Drug use complicating pregnancy unspecified trimester 
O99.321,Drug use complicating pregnancy first trimester 
O99.325,Drug use complicating the puerperium 
O99.321,Drug use complicating pregnancy first trimester 
O99.325,Drug use complicating the puerperium 
O99.340,Other mental disorders complicating pregnancy unspecified trimester 
O99.341,Other mental disorders complicating pregnancy first trimester 
O90.6,Postpartum mood disturbance 
O99.341,Other mental disorders complicating pregnancy first trimester 
O99.345,Other mental disorders complicating the puerperium 
O99.419,Diseases of the circulatory system complicating pregnancy unspecified trimester 
O99.411,Diseases of the circulatory system complicating pregnancy first trimester 
O99.43,Diseases of the circulatory system complicating the puerperium 
O99.411,Diseases of the circulatory system complicating pregnancy first trimester 
O99.43,Diseases of the circulatory system complicating the puerperium 
O99.419,Diseases of the circulatory system complicating pregnancy unspecified trimester 
O99.411,Diseases of the circulatory system complicating pregnancy first trimester 
O99.43,Diseases of the circulatory system complicating the puerperium 
O99.411,Diseases of the circulatory system complicating pregnancy first trimester 
O99.43,Diseases of the circulatory system complicating the puerperium 
O33.0,Maternal care for disproportion due to deformity of maternal pelvic bones 
O33.0,Maternal care for disproportion due to deformity of maternal pelvic bones 
O33.0,Maternal care for disproportion due to deformity of maternal pelvic bones 
O33.0,Maternal care for disproportion due to deformity of maternal pelvic bones 
O33.0,Maternal care for disproportion due to deformity of maternal pelvic bones 
O99.810,Abnormal glucose complicating pregnancy 
O24.419,Gestational diabetes mellitus in pregnancy unspecified control 
O99.815,Abnormal glucose complicating the puerperium 
O24.419,Gestational diabetes mellitus in pregnancy unspecified control 
O99.815,Abnormal glucose complicating the puerperium 
O25.10,Malnutrition in pregnancy unspecified trimester 
O25.2,Malnutrition in childbirth 
O99.285,Endocrine nutritional and metabolic diseases complicating the puerperium 
O25.11,Malnutrition in pregnancy first trimester 
O25.3,Malnutrition in the puerperium 
O99.330,Smoking (tobacco) complicating pregnancy unspecified trimester 
O99.331,Smoking (tobacco) complicating pregnancy first trimester 
O99.335,Smoking (tobacco) complicating the puerperium 
O99.331,Smoking (tobacco) complicating pregnancy first trimester 
O99.335,Smoking (tobacco) complicating the puerperium 
O99.210,Obesity complicating pregnancy unspecified trimester 
O99.211,Obesity complicating pregnancy first trimester 
O99.215,Obesity complicating the puerperium 
O99.211,Obesity complicating pregnancy first trimester 
O99.215,Obesity complicating the puerperium 
O99.840,Bariatric surgery status complicating pregnancy unspecified trimester 
O99.841,Bariatric surgery status complicating pregnancy first trimester 
O99.845,Bariatric surgery status complicating the puerperium 
O99.841,Bariatric surgery status complicating pregnancy first trimester 
O99.845,Bariatric surgery status complicating the puerperium 
O99.119,Other diseases of the blood and blood-forming organs and certain disorders involving the immune mechanism complicating pregnancy unspecified trimester 
O99.111,Other diseases of the blood and blood-forming organs and certain disorders involving the immune mechanism complicating pregnancy first trimester 
O99.13,Other diseases of the blood and blood-forming organs and certain disorders involving the immune mechanism complicating the puerperium 
O99.111,Other diseases of the blood and blood-forming organs and certain disorders involving the immune mechanism complicating pregnancy first trimester 
O99.13,Other diseases of the blood and blood-forming organs and certain disorders involving the immune mechanism complicating the puerperium 
O99.350,Diseases of the nervous system complicating pregnancy unspecified trimester 
O99.351,Diseases of the nervous system complicating pregnancy first trimester 
O99.355,Diseases of the nervous system complicating the puerperium 
O99.351,Diseases of the nervous system complicating pregnancy first trimester 
O99.355,Diseases of the nervous system complicating the puerperium 
O26.859,Spotting complicating pregnancy unspecified trimester 
O26.851,Spotting complicating pregnancy first trimester 
O26.851,Spotting complicating pregnancy first trimester 
O26.849,Uterine size-date discrepancy unspecified trimester 
O26.841,Uterine size-date discrepancy first trimester 
O26.841,Uterine size-date discrepancy first trimester 
O26.841,Uterine size-date discrepancy first trimester 
O26.841,Uterine size-date discrepancy first trimester 
O26.879,Cervical shortening unspecified trimester 
O26.872,Cervical shortening second trimester 
O26.872,Cervical shortening second trimester 
O75.82,Onset (spontaneous) of labor after 37 completed weeks of gestation but before 39 completed weeks gestation with delivery by (planned) cesarean section 
O75.82,Onset (spontaneous) of labor after 37 completed weeks of gestation but before 39 completed weeks gestation with delivery by (planned) cesarean section 
O80,Encounter for full-term uncomplicated delivery 
O30.009,Twin pregnancy unspecified number of placenta and unspecified number of amniotic sacs unspecified trimester 
O30.001,Twin pregnancy unspecified number of placenta and unspecified number of amniotic sacs first trimester 
O30.001,Twin pregnancy unspecified number of placenta and unspecified number of amniotic sacs first trimester 
O30.109,Triplet pregnancy unspecified number of placenta and unspecified number of amniotic sacs unspecified trimester 
O30.101,Triplet pregnancy unspecified number of placenta and unspecified number of amniotic sacs first trimester 
O30.101,Triplet pregnancy unspecified number of placenta and unspecified number of amniotic sacs first trimester 
O30.209,Quadruplet pregnancy unspecified number of placenta and unspecified number of amniotic sacs unspecified trimester 
O30.201,Quadruplet pregnancy unspecified number of placenta and unspecified number of amniotic sacs first trimester 
O30.201,Quadruplet pregnancy unspecified number of placenta and unspecified number of amniotic sacs first trimester 
O31.10x0,Continuing pregnancy after spontaneous abortion of one fetus or more unspecified trimester not applicable or unspecified 
O31.11x0,Continuing pregnancy after spontaneous abortion of one fetus or more first trimester not applicable or unspecified 
O31.11x0,Continuing pregnancy after spontaneous abortion of one fetus or more first trimester not applicable or unspecified 
O31.10x0,Continuing pregnancy after spontaneous abortion of one fetus or more unspecified trimester not applicable or unspecified 
O31.11x0,Continuing pregnancy after spontaneous abortion of one fetus or more first trimester not applicable or unspecified 
O31.11x0,Continuing pregnancy after spontaneous abortion of one fetus or more first trimester not applicable or unspecified 
O31.10x0,Continuing pregnancy after spontaneous abortion of one fetus or more unspecified trimester not applicable or unspecified 
O31.11x0,Continuing pregnancy after spontaneous abortion of one fetus or more first trimester not applicable or unspecified 
O31.11x0,Continuing pregnancy after spontaneous abortion of one fetus or more first trimester not applicable or unspecified 
O31.10x0,Continuing pregnancy after spontaneous abortion of one fetus or more unspecified trimester not applicable or unspecified 
O31.11x0,Continuing pregnancy after spontaneous abortion of one fetus or more first trimester not applicable or unspecified 
O31.11x0,Continuing pregnancy after spontaneous abortion of one fetus or more first trimester not applicable or unspecified 
O31.30x0,Continuing pregnancy after elective fetal reduction of one fetus or more unspecified trimester not applicable or unspecified 
O31.31x0,Continuing pregnancy after elective fetal reduction of one fetus or more first trimester not applicable or unspecified 
O31.31x0,Continuing pregnancy after elective fetal reduction of one fetus or more first trimester not applicable or unspecified 
O30.809,Other specified multiple gestation unspecified number of placenta and unspecified number of amniotic sacs unspecified trimester 
O30.801,Other specified multiple gestation unspecified number of placenta and unspecified number of amniotic sacs first trimester 
O30.801,Other specified multiple gestation unspecified number of placenta and unspecified number of amniotic sacs first trimester 
O30.90,Multiple gestation unspecified unspecified trimester 
O30.91,Multiple gestation unspecified first trimester 
O30.91,Multiple gestation unspecified first trimester 
O32.0xx0,Maternal care for unstable lie not applicable or unspecified 
O32.0xx0,Maternal care for unstable lie not applicable or unspecified 
O32.0xx0,Maternal care for unstable lie not applicable or unspecified 
O32.1xx0,Maternal care for breech presentation not applicable or unspecified 
O32.1xx0,Maternal care for breech presentation not applicable or unspecified 
O32.1xx0,Maternal care for breech presentation not applicable or unspecified 
O32.1xx0,Maternal care for breech presentation not applicable or unspecified 
O32.1xx0,Maternal care for breech presentation not applicable or unspecified 
O32.1xx0,Maternal care for breech presentation not applicable or unspecified 
O32.2xx0,Maternal care for transverse and oblique lie not applicable or unspecified 
O32.2xx0,Maternal care for transverse and oblique lie not applicable or unspecified 
O32.2xx0,Maternal care for transverse and oblique lie not applicable or unspecified 
O32.3xx0,Maternal care for face brow and chin presentation not applicable or unspecified 
O32.3xx0,Maternal care for face brow and chin presentation not applicable or unspecified 
O32.3xx0,Maternal care for face brow and chin presentation not applicable or unspecified 
O32.4xx0,Maternal care for high head at term not applicable or unspecified 
O32.4xx0,Maternal care for high head at term not applicable or unspecified 
O32.4xx0,Maternal care for high head at term not applicable or unspecified 
O32.9xx0,Maternal care for malpresentation of fetus unspecified not applicable or unspecified 
O32.9xx0,Maternal care for malpresentation of fetus unspecified not applicable or unspecified 
O32.9xx0,Maternal care for malpresentation of fetus unspecified not applicable or unspecified 
O32.8xx0,Maternal care for other malpresentation of fetus not applicable or unspecified 
O32.8xx0,Maternal care for other malpresentation of fetus not applicable or unspecified 
O32.8xx0,Maternal care for other malpresentation of fetus not applicable or unspecified 
O32.8xx0,Maternal care for other malpresentation of fetus not applicable or unspecified 
O32.6xx0,Maternal care for compound presentation not applicable or unspecified 
O32.6xx0,Maternal care for compound presentation not applicable or unspecified 
O32.9xx0,Maternal care for malpresentation of fetus unspecified not applicable or unspecified 
O32.9xx0,Maternal care for malpresentation of fetus unspecified not applicable or unspecified 
O32.9xx0,Maternal care for malpresentation of fetus unspecified not applicable or unspecified 
O33.0,Maternal care for disproportion due to deformity of maternal pelvic bones 
O33.0,Maternal care for disproportion due to deformity of maternal pelvic bones 
O33.0,Maternal care for disproportion due to deformity of maternal pelvic bones 
O33.1,Maternal care for disproportion due to generally contracted pelvis 
O33.1,Maternal care for disproportion due to generally contracted pelvis 
O33.1,Maternal care for disproportion due to generally contracted pelvis 
O33.2,Maternal care for disproportion due to inlet contraction of pelvis 
O33.2,Maternal care for disproportion due to inlet contraction of pelvis 
O33.2,Maternal care for disproportion due to inlet contraction of pelvis 
O33.3xx0,Maternal care for disproportion due to outlet contraction of pelvis not applicable or unspecified 
O33.3xx0,Maternal care for disproportion due to outlet contraction of pelvis not applicable or unspecified 
O33.3xx0,Maternal care for disproportion due to outlet contraction of pelvis not applicable or unspecified 
O33.4xx0,Maternal care for disproportion of mixed maternal and fetal origin not applicable or unspecified 
O33.4xx0,Maternal care for disproportion of mixed maternal and fetal origin not applicable or unspecified 
O33.4xx0,Maternal care for disproportion of mixed maternal and fetal origin not applicable or unspecified 
O33.5xx0,Maternal care for disproportion due to unusually large fetus not applicable or unspecified 
'O33.5xx0,Maternal care for disproportion due to unusually large fetus not applicable or unspecified 
'O33.5xx0,Maternal care for disproportion due to unusually large fetus not applicable or unspecified 
'O33.6xx0,Maternal care for disproportion due to hydrocephalic fetus not applicable or unspecified 
'O33.6xx0,Maternal care for disproportion due to hydrocephalic fetus not applicable or unspecified 
'O33.6xx0,Maternal care for disproportion due to hydrocephalic fetus not applicable or unspecified 
'O33.7,Maternal care for disproportion due to other fetal deformities 
'O33.7,Maternal care for disproportion due to other fetal deformities 
'O33.7,Maternal care for disproportion due to other fetal deformities 
'O33.8,Maternal care for disproportion of other origin 
'O33.8,Maternal care for disproportion of other origin 
'O33.8,Maternal care for disproportion of other origin 
'O33.9,Maternal care for disproportion unspecified 
'O33.9,Maternal care for disproportion unspecified 
'O33.9,Maternal care for disproportion unspecified 
'O34.00,Maternal care for unspecified congenital malformation of uterus unspecified trimester 
'O34.01,Maternal care for unspecified congenital malformation of uterus first trimester 
'O34.01,Maternal care for unspecified congenital malformation of uterus first trimester 
'O34.01,Maternal care for unspecified congenital malformation of uterus first trimester 
'O34.01,Maternal care for unspecified congenital malformation of uterus first trimester 
'O34.10,Maternal care for benign tumor of corpus uteri unspecified trimester 
O34.11,Maternal care for benign tumor of corpus uteri first trimester 
O34.11,Maternal care for benign tumor of corpus uteri first trimester 
O34.11,Maternal care for benign tumor of corpus uteri first trimester 
O34.11,Maternal care for benign tumor of corpus uteri first trimester 
O34.21,Maternal care for scar from previous cesarean delivery 
O34.21,Maternal care for scar from previous cesarean delivery 
O34.21,Maternal care for scar from previous cesarean delivery 
O34.519,Maternal care for incarceration of gravid uterus unspecified trimester 
O34.511,Maternal care for incarceration of gravid uterus first trimester 
O34.511,Maternal care for incarceration of gravid uterus first trimester 
O34.511,Maternal care for incarceration of gravid uterus first trimester 
O34.511,Maternal care for incarceration of gravid uterus first trimester 
O34.529,Maternal care for prolapse of gravid uterus unspecified trimester 
O34.521,Maternal care for prolapse of gravid uterus first trimester 
O34.591,Maternal care for other abnormalities of gravid uterus first trimester 
O34.521,Maternal care for prolapse of gravid uterus first trimester 
O34.591,Maternal care for other abnormalities of gravid uterus first trimester 
O34.30,Maternal care for cervical incompetence unspecified trimester 
O34.31,Maternal care for cervical incompetence first trimester 
O34.31,Maternal care for cervical incompetence first trimester 
O34.31,Maternal care for cervical incompetence first trimester 
O34.31,Maternal care for cervical incompetence first trimester 
O34.40,Maternal care for other abnormalities of cervix unspecified trimester 
O34.41,Maternal care for other abnormalities of cervix first trimester 
O34.41,Maternal care for other abnormalities of cervix first trimester 
O34.41,Maternal care for other abnormalities of cervix first trimester 
O34.41,Maternal care for other abnormalities of cervix first trimester 
O34.60,Maternal care for abnormality of vagina unspecified trimester 
O34.61',Maternal care for abnormality of vagina first trimester 
O34.61,Maternal care for abnormality of vagina first trimester 
O34.61,Maternal care for abnormality of vagina first trimester 
O34.61,Maternal care for abnormality of vagina first trimester 
O34.70,Maternal care for abnormality of vulva and perineum unspecified trimester 
O34.71,Maternal care for abnormality of vulva and perineum first trimester 
O34.71,Maternal care for abnormality of vulva and perineum first trimester 
O34.71,Maternal care for abnormality of vulva and perineum first trimester 
O34.71,Maternal care for abnormality of vulva and perineum first trimester 
O34.80,Maternal care for other abnormalities of pelvic organs unspecified trimester 
O34.81,Maternal care for other abnormalities of pelvic organs first trimester 
O34.81,Maternal care for other abnormalities of pelvic organs first trimester 
O34.29,Maternal care due to uterine scar from other previous surgery 
O34.81,Maternal care for other abnormalities of pelvic organs first trimester 
O35.0xx0,Maternal care for (suspected) central nervous system malformation in fetus not applicable or unspecified 
O35.0xx0,Maternal care for (suspected) central nervous system malformation in fetus not applicable or unspecified 
O35.0xx0,Maternal care for (suspected) central nervous system malformation in fetus not applicable or unspecified 
O35.1xx0,Maternal care for (suspected) chromosomal abnormality in fetus not applicable or unspecified 
O35.1xx0,Maternal care for (suspected) chromosomal abnormality in fetus not applicable or unspecified 
O35.1xx0,Maternal care for (suspected) chromosomal abnormality in fetus not applicable or unspecified 
O35.2xx0,Maternal care for (suspected) hereditary disease in fetus not applicable or unspecified 
O35.2xx0,Maternal care for (suspected) hereditary disease in fetus not applicable or unspecified 
O35.2xx0,Maternal care for (suspected) hereditary disease in fetus not applicable or unspecified 
O35.3xx0,Maternal care for (suspected) damage to fetus from viral disease in mother not applicable or unspecified 
O35.3xx0,Maternal care for (suspected) damage to fetus from viral disease in mother not applicable or unspecified 
O35.3xx0,Maternal care for (suspected) damage to fetus from viral disease in mother not applicable or unspecified 
O35.4xx0,Maternal care for (suspected) damage to fetus from alcohol not applicable or unspecified 
O35.4xx0,Maternal care for (suspected) damage to fetus from alcohol not applicable or unspecified 
O35.4xx0,Maternal care for (suspected) damage to fetus from alcohol not applicable or unspecified 
O35.5xx0,Maternal care for (suspected) damage to fetus by drugs not applicable or unspecified 
O35.5xx0,Maternal care for (suspected) damage to fetus by drugs not applicable or unspecified 
O35.5xx0,Maternal care for (suspected) damage to fetus by drugs not applicable or unspecified 
O35.6xx0,Maternal care for (suspected) damage to fetus by radiation not applicable or unspecified 
O35.6xx0,Maternal care for (suspected) damage to fetus by radiation not applicable or unspecified 
O35.6xx0,Maternal care for (suspected) damage to fetus by radiation not applicable or unspecified 
O36.8190,Decreased fetal movements unspecified trimester not applicable or unspecified 
O36.8120,Decreased fetal movements second trimester not applicable or unspecified 
O36.8120,Decreased fetal movements second trimester not applicable or unspecified 
O35.8xx0,Maternal care for other (suspected) fetal abnormality and damage not applicable or unspecified 
O35.8xx0,Maternal care for other (suspected) fetal abnormality and damage not applicable or unspecified 
O35.8xx0,Maternal care for other (suspected) fetal abnormality and damage not applicable or unspecified 
O35.9xx0,Maternal care for (suspected) fetal abnormality and damage unspecified not applicable or unspecified 
O35.9xx0,Maternal care for (suspected) fetal abnormality and damage unspecified not applicable or unspecified 
O35.9xx0,Maternal care for (suspected) fetal abnormality and damage unspecified not applicable or unspecified 
O43.019,Fetomaternal placental transfusion syndrome unspecified trimester 
O43.011,Fetomaternal placental transfusion syndrome first trimester 
O43.011,Fetomaternal placental transfusion syndrome first trimester 
O36.0190,Maternal care for anti-D [Rh] antibodies unspecified trimester not applicable or unspecified 
O36.0110,Maternal care for anti-D [Rh] antibodies first trimester not applicable or unspecified 
O36.0110,Maternal care for anti-D [Rh] antibodies first trimester not applicable or unspecified 
O36.1190,Maternal care for Anti-A sensitization unspecified trimester not applicable or unspecified 
O36.1110,Maternal care for Anti-A sensitization first trimester not applicable or unspecified 
O36.1110,Maternal care for Anti-A sensitization first trimester not applicable or unspecified 
O68,Labor and delivery complicated by abnormality of fetal acid-base balance 
O68,Labor and delivery complicated by abnormality of fetal acid-base balance 
O68,Labor and delivery complicated by abnormality of fetal acid-base balance 
O36.4xx0,Maternal care for intrauterine death not applicable or unspecified 
O36.4xx0,Maternal care for intrauterine death not applicable or unspecified 
O36.4xx0,Maternal care for intrauterine death not applicable or unspecified 
O36.5190,Maternal care for known or suspected placental insufficiency unspecified trimester not applicable or unspecified 
O36.5110,Maternal care for known or suspected placental insufficiency first trimester not applicable or unspecified 
O36.5110,Maternal care for known or suspected placental insufficiency first trimester not applicable or unspecified 
O36.60x0,Maternal care for excessive fetal growth unspecified trimester not applicable or unspecified 
O36.61x0,Maternal care for excessive fetal growth first trimester not applicable or unspecified 
O36.61x0,Maternal care for excessive fetal growth first trimester not applicable or unspecified 
O43.199,Other malformation of placenta unspecified trimester 
O43.101,Malformation of placenta unspecified first trimester 
O43.101,Malformation of placenta unspecified first trimester 
O36.8990,Maternal care for other specified fetal problems unspecified trimester not applicable or unspecified 
O36.8910,Maternal care for other specified fetal problems first trimester not applicable or unspecified 
O36.8910,Maternal care for other specified fetal problems first trimester not applicable or unspecified 
O36.90x0,Maternal care for fetal problem unspecified unspecified trimester not applicable or unspecified 
O36.91x0,Maternal care for fetal problem unspecified first trimester not applicable or unspecified 
O36.91x0,Maternal care for fetal problem unspecified first trimester not applicable or unspecified 
O40.9xx0,Polyhydramnios unspecified trimester not applicable or unspecified 
O40.1xx0,Polyhydramnios first trimester not applicable or unspecified 
O40.1xx0,Polyhydramnios first trimester not applicable or unspecified 
O41.00x0,Oligohydramnios unspecified trimester not applicable or unspecified 
O41.01x0,Oligohydramnios first trimester not applicable or unspecified 
O41.01x0,Oligohydramnios first trimester not applicable or unspecified 
O42.00,Premature rupture of membranes onset of labor within 24 hours of rupture unspecified weeks of gestation 
O42.011,Preterm premature rupture of membranes onset of labor within 24 hours of rupture first trimester 
O42.011,Preterm premature rupture of membranes onset of labor within 24 hours of rupture first trimester 
O42.10,Premature rupture of membranes onset of labor more than 24 hours following rupture unspecified weeks of gestation 
O42.111,Preterm premature rupture of membranes onset of labor more than 24 hours following rupture first trimester 
O42.111,Preterm premature rupture of membranes onset of labor more than 24 hours following rupture first trimester 
O75.5,Delayed delivery after artificial rupture of membranes 
O75.5,Delayed delivery after artificial rupture of membranes 
O75.5,Delayed delivery after artificial rupture of membranes 
O41.1090,Infection of amniotic sac and membranes unspecified unspecified trimester not applicable or unspecified 
O41.1010,Infection of amniotic sac and membranes unspecified first trimester not applicable or unspecified 
O41.1010,Infection of amniotic sac and membranes unspecified first trimester not applicable or unspecified 
O41.8X90,Other specified disorders of amniotic fluid and membranes unspecified trimester not applicable or unspecified 
O41.8X10,Other specified disorders of amniotic fluid and membranes first trimester not applicable or unspecified 
O41.8X10,Other specified disorders of amniotic fluid and membranes first trimester not applicable or unspecified 
O41.90x0,Disorder of amniotic fluid and membranes unspecified unspecified trimester not applicable or unspecified 
O41.91x0,Disorder of amniotic fluid and membranes unspecified first trimester not applicable or unspecified 
O41.91x0,Disorder of amniotic fluid and membranes unspecified first trimester not applicable or unspecified 
O61.1,Failed instrumental induction of labor 
O61.1,Failed instrumental induction of labor 
O61.1,Failed instrumental induction of labor 
O61.0,Failed medical induction of labor 
O61.0,Failed medical induction of labor 
O61.0,Failed medical induction of labor 
O75.2,Pyrexia during labor not elsewhere classified 
O75.2,Pyrexia during labor not elsewhere classified 
O75.2,Pyrexia during labor not elsewhere classified 
O75.3,Other infection during labor 
O75.3,Other infection during labor 
O75.3,Other infection during labor 
O09.40,Supervision of pregnancy with grand multiparity unspecified trimester 
O09.41,Supervision of pregnancy with grand multiparity first trimester 
O09.41,Supervision of pregnancy with grand multiparity first trimester 
O09.519,Supervision of elderly primigravida unspecified trimester 
O09.511,Supervision of elderly primigravida first trimester 
O09.511,Supervision of elderly primigravida first trimester 
O09.529,Supervision of elderly multigravida unspecified trimester 
O09.521,Supervision of elderly multigravida first trimester 
O09.521,Supervision of elderly multigravida first trimester 
O76,Abnormality in fetal heart rate and rhythm complicating labor and delivery 
O76,Abnormality in fetal heart rate and rhythm complicating labor and delivery 
O76,Abnormality in fetal heart rate and rhythm complicating labor and delivery 
O75.89,Other specified complications of labor and delivery 
O75.89,Other specified complications of labor and delivery 
O75.89,Other specified complications of labor and delivery 
O75.9,Complication of labor and delivery unspecified 
O75.9,Complication of labor and delivery unspecified 
O75.9,Complication of labor and delivery unspecified 
O64.9xx0,Obstructed labor due to malposition and malpresentation unspecified not applicable or unspecified 
O64.9xx0,Obstructed labor due to malposition and malpresentation unspecified not applicable or unspecified 
O64.9xx0,Obstructed labor due to malposition and malpresentation unspecified not applicable or unspecified 
O65.4,Obstructed labor due to fetopelvic disproportion unspecified 
O65.4,Obstructed labor due to fetopelvic disproportion unspecified 
O65.4,Obstructed labor due to fetopelvic disproportion unspecified 
O65.9,Obstructed labor due to maternal pelvic abnormality unspecified 
O65.5,Obstructed labor due to abnormality of maternal pelvic organs 
O65.9,Obstructed labor due to maternal pelvic abnormality unspecified 
O64.0xx0,Obstructed labor due to incomplete rotation of fetal head not applicable or unspecified 
O64.0xx0,Obstructed labor due to incomplete rotation of fetal head not applicable or unspecified 
O64.0xx0,Obstructed labor due to incomplete rotation of fetal head not applicable or unspecified 
O66.0,Obstructed labor due to shoulder dystocia 
O66.0,Obstructed labor due to shoulder dystocia 
O66.0,Obstructed labor due to shoulder dystocia 
O66.1,Obstructed labor due to locked twins 
O66.1,Obstructed labor due to locked twins 
O66.1,Obstructed labor due to locked twins 
O66.40,Failed trial of labor unspecified 
O66.40,Failed trial of labor unspecified 
O66.40,Failed trial of labor unspecified 
O66.5,Attempted application of vacuum extractor and forceps 
O66.5,Attempted application of vacuum extractor and forceps 
O66.5,Attempted application of vacuum extractor and forceps 
O66.8,Other specified obstructed labor 
O66.8,Other specified obstructed labor 
O66.8,Other specified obstructed labor 
O66.9,Obstructed labor unspecified 
O66.9,Obstructed labor unspecified 
O66.9,Obstructed labor unspecified 
O62.0,Primary inadequate contractions 
O62.0,Primary inadequate contractions 
O62.0,Primary inadequate contractions 
O62.1,Secondary uterine inertia 
O62.1,Secondary uterine inertia 
O62.1,Secondary uterine inertia 
O62.2,Other uterine inertia 
O62.2,Other uterine inertia 
O62.2,Other uterine inertia 
O62.3,Precipitate labor 
O62.3,Precipitate labor 
O62.3,Precipitate labor 
O62.4,Hypertonic incoordinate and prolonged uterine contractions 
O62.4,Hypertonic incoordinate and prolonged uterine contractions 
O62.4,Hypertonic incoordinate and prolonged uterine contractions 
O62.9,Abnormality of forces of labor unspecified 
O62.9,Abnormality of forces of labor unspecified 
O62.9,Abnormality of forces of labor unspecified 
O63.0,Prolonged first stage (of labor) 
O63.0,Prolonged first stage (of labor) 
O63.0,Prolonged first stage (of labor) 
O63.9,Long labor unspecified 
O63.9,Long labor unspecified 
O63.9,Long labor unspecified 
O63.1,Prolonged second stage (of labor) 
O63.1,Prolonged second stage (of labor) 
O63.1,Prolonged second stage (of labor) 
O63.2,Delayed delivery of second twin triplet etc. 
O63.2,Delayed delivery of second twin triplet etc. 
O63.2,Delayed delivery of second twin triplet etc. 
O69.0xx0,Labor and delivery complicated by prolapse of cord not applicable or unspecified 
O69.0xx0,Labor and delivery complicated by prolapse of cord not applicable or unspecified 
O69.0xx0,Labor and delivery complicated by prolapse of cord not applicable or unspecified 
O69.1xx0,Labor and delivery complicated by cord around neck with compression not applicable or unspecified 
O69.1xx0,Labor and delivery complicated by cord around neck with compression not applicable or unspecified 
O69.1xx0,Labor and delivery complicated by cord around neck with compression not applicable or unspecified 
O69.2xx0,Labor and delivery complicated by other cord entanglement with compression not applicable or unspecified 
O69.2xx0,Labor and delivery complicated by other cord entanglement with compression not applicable or unspecified 
O69.2xx0,Labor and delivery complicated by other cord entanglement with compression not applicable or unspecified 
O69.81x0,Labor and delivery complicated by cord around neck without compression not applicable or unspecified 
O69.81x0,Labor and delivery complicated by cord around neck without compression not applicable or unspecified 
O69.81x0,Labor and delivery complicated by cord around neck without compression not applicable or unspecified 
O69.3xx0,Labor and delivery complicated by short cord not applicable or unspecified 
O69.3xx0,Labor and delivery complicated by short cord not applicable or unspecified 
O69.3xx0,Labor and delivery complicated by short cord not applicable or unspecified 
O69.4xx0,Labor and delivery complicated by vasa previa not applicable or unspecified 
O69.4xx0,Labor and delivery complicated by vasa previa not applicable or unspecified 
O69.4xx0,Labor and delivery complicated by vasa previa not applicable or unspecified 
O69.5xx0,Labor and delivery complicated by vascular lesion of cord not applicable or unspecified 
O69.5xx0,Labor and delivery complicated by vascular lesion of cord not applicable or unspecified 
O69.5xx0,Labor and delivery complicated by vascular lesion of cord not applicable or unspecified 
O69.89x0,Labor and delivery complicated by other cord complications not applicable or unspecified 
O69.89x0,Labor and delivery complicated by other cord complications not applicable or unspecified 
O69.89x0,Labor and delivery complicated by other cord complications not applicable or unspecified 
O69.9xx0,Labor and delivery complicated by cord complication unspecified not applicable or unspecified 
O69.9xx0,Labor and delivery complicated by cord complication unspecified not applicable or unspecified 
O69.9xx0,Labor and delivery complicated by cord complication unspecified not applicable or unspecified 
O70.0,First degree perineal laceration during delivery 
O70.0,First degree perineal laceration during delivery 
O70.0,First degree perineal laceration during delivery 
O70.1,Second degree perineal laceration during delivery 
O70.1,Second degree perineal laceration during delivery 
O70.1,Second degree perineal laceration during delivery 
O70.2,Third degree perineal laceration during delivery 
O70.2,Third degree perineal laceration during delivery 
O70.2,Third degree perineal laceration during delivery 
O70.3,Fourth degree perineal laceration during delivery 
O70.3,Fourth degree perineal laceration during delivery 
O70.3,Fourth degree perineal laceration during delivery 
O70.9,Perineal laceration during delivery unspecified 
O70.9,Perineal laceration during delivery unspecified 
O70.9,Perineal laceration during delivery unspecified 
O71.7,Obstetric hematoma of pelvis 
O71.7,Obstetric hematoma of pelvis 
O71.7,Obstetric hematoma of pelvis 
O70.4,Anal sphincter tear complicating delivery not associated with third degree laceration 
O70.4,Anal sphincter tear complicating delivery not associated with third degree laceration 
O70.4,Anal sphincter tear complicating delivery not associated with third degree laceration 
O71.82,Other specified trauma to perineum and vulva 
O71.82,Other specified trauma to perineum and vulva 
O71.82,Other specified trauma to perineum and vulva 
O71.9,Obstetric trauma unspecified 
O71.9,Obstetric trauma unspecified 
O71.9,Obstetric trauma unspecified 
O71.00,Rupture of uterus before onset of labor unspecified trimester 
O71.02,Rupture of uterus before onset of labor second trimester 
O71.02,Rupture of uterus before onset of labor second trimester 
O71.1,Rupture of uterus during labor 
O71.1,Rupture of uterus during labor 
O71.2,Postpartum inversion of uterus 
O71.2,Postpartum inversion of uterus 
O71.2,Postpartum inversion of uterus 
O71.3,Obstetric laceration of cervix 
O71.3,Obstetric laceration of cervix 
O71.3,Obstetric laceration of cervix 
O71.4,Obstetric high vaginal laceration alone 
O71.4,Obstetric high vaginal laceration alone 
O71.4,Obstetric high vaginal laceration alone 
O71.5,Other obstetric injury to pelvic organs 
O71.5,Other obstetric injury to pelvic organs 
O71.5,Other obstetric injury to pelvic organs 
O71.6,Obstetric damage to pelvic joints and ligaments 
O71.6,Obstetric damage to pelvic joints and ligaments 
O71.6,Obstetric damage to pelvic joints and ligaments 
O71.7,Obstetric hematoma of pelvis 
O71.7,Obstetric hematoma of pelvis 
O71.7,Obstetric hematoma of pelvis 
O71.7,Obstetric hematoma of pelvis 
O71.89,Other specified obstetric trauma 
O71.89,Other specified obstetric trauma 
O71.89,Other specified obstetric trauma 
O71.89,Other specified obstetric trauma 
O71.89,Other specified obstetric trauma 
O71.9,Obstetric trauma unspecified 
O71.9,Obstetric trauma unspecified 
O71.9,Obstetric trauma unspecified 
O71.9,Obstetric trauma unspecified 
O71.9,Obstetric trauma unspecified 
O72.0,Third-stage hemorrhage 
O72.0,Third-stage hemorrhage 
O43.211,Placenta accreta first trimester 
O72.0,Third-stage hemorrhage 
O43.211,Placenta accreta first trimester 
O72.1,Other immediate postpartum hemorrhage 
O72.1,Other immediate postpartum hemorrhage 
O72.1,Other immediate postpartum hemorrhage 
O72.2,Delayed and secondary postpartum hemorrhage 
O72.2,Delayed and secondary postpartum hemorrhage 
O72.2,Delayed and secondary postpartum hemorrhage 
O72.3,Postpartum coagulation defects 
O72.3,Postpartum coagulation defects 
O72.3,Postpartum coagulation defects 
O43.239,Placenta percreta unspecified trimester 
O43.231,Placenta percreta first trimester 
O43.231,Placenta percreta first trimester 
O73.1,Retained portions of placenta and membranes without hemorrhage 
O73.1,Retained portions of placenta and membranes without hemorrhage 
O73.1,Retained portions of placenta and membranes without hemorrhage 
O74.1,Other pulmonary complications of anesthesia during labor and delivery 
O74.1,Other pulmonary complications of anesthesia during labor and delivery 
O74.1,Other pulmonary complications of anesthesia during labor and delivery 
O74.1,Other pulmonary complications of anesthesia during labor and delivery 
O89.09,Other pulmonary complications of anesthesia during the puerperium 
O74.2,Cardiac complications of anesthesia during labor and delivery 
O74.2,Cardiac complications of anesthesia during labor and delivery 
O74.2,Cardiac complications of anesthesia during labor and delivery 
O74.2,Cardiac complications of anesthesia during labor and delivery 
O89.1,Cardiac complications of anesthesia during the puerperium 
O74.3,Central nervous system complications of anesthesia during labor and delivery 
O74.3,Central nervous system complications of anesthesia during labor and delivery 
O74.3,Central nervous system complications of anesthesia during labor and delivery 
O74.3,Central nervous system complications of anesthesia during labor and delivery 
O89.2,Central nervous system complications of anesthesia during the puerperium 
O74.8,Other complications of anesthesia during labor and delivery 
O74.8,Other complications of anesthesia during labor and delivery 
O89.8,Other complications of anesthesia during the puerperium 
O74.8,Other complications of anesthesia during labor and delivery 
O89.8,Other complications of anesthesia during the puerperium 
O74.9,Complication of anesthesia during labor and delivery unspecified 
O74.9,Complication of anesthesia during labor and delivery unspecified 
O89.9,Complication of anesthesia during the puerperium unspecified 
O74.9,Complication of anesthesia during labor and delivery unspecified 
O89.9,Complication of anesthesia during the puerperium unspecified 
O75.0,Maternal distress during labor and delivery 
O75.0,Maternal distress during labor and delivery 
O75.0,Maternal distress during labor and delivery 
O75.0,Maternal distress during labor and delivery 
O75.0,Maternal distress during labor and delivery 
O75.1,Shock during or following labor and delivery 
O75.1,Shock during or following labor and delivery 
O75.1,Shock during or following labor and delivery 
O75.1,Shock during or following labor and delivery 
O75.1,Shock during or following labor and delivery 
O26.50,Maternal hypotension syndrome unspecified trimester 
O26.51,Maternal hypotension syndrome first trimester 
O26.51,Maternal hypotension syndrome first trimester 
O26.51,Maternal hypotension syndrome first trimester 
O26.51,Maternal hypotension syndrome first trimester 
O90.4,Postpartum acute kidney failure 
O90.4,Postpartum acute kidney failure 
O90.4,Postpartum acute kidney failure 
O75.4,Other complications of obstetric surgery and procedures 
O75.4,Other complications of obstetric surgery and procedures 
O75.4,Other complications of obstetric surgery and procedures 
O75.4,Other complications of obstetric surgery and procedures 
O75.4,Other complications of obstetric surgery and procedures 
O66.5,Attempted application of vacuum extractor and forceps 
O66.5,Attempted application of vacuum extractor and forceps 
O64.1xx0,Obstructed labor due to breech presentation not applicable or unspecified 
O64.1xx0,Obstructed labor due to breech presentation not applicable or unspecified 
O82,Encounter for cesarean delivery without indication 
O82,Encounter for cesarean delivery without indication 
O75.81,Maternal exhaustion complicating labor and delivery 
O75.81,Maternal exhaustion complicating labor and delivery 
O75.81,Maternal exhaustion complicating labor and delivery 
O75.81,Maternal exhaustion complicating labor and delivery 
O75.89,Other specified complications of labor and delivery 
O75.9,Complication of labor and delivery unspecified 
O75.9,Complication of labor and delivery unspecified 
O75.9,Complication of labor and delivery unspecified 
O75.9,Complication of labor and delivery unspecified 
O75.9,Complication of labor and delivery unspecified 
O86.89,Other specified puerperal infections 
O86.89,Other specified puerperal infections 
O86.89,Other specified puerperal infections 
O86.12,Endometritis following delivery 
O86.12,Endometritis following delivery 
O86.12,Endometritis following delivery 
O85,Puerperal sepsis 
O85,Puerperal sepsis 
O85,Puerperal sepsis 
O86.81,Puerperal septic thrombophlebitis 
O86.81,Puerperal septic thrombophlebitis 
O86.81,Puerperal septic thrombophlebitis 
O86.89,Other specified puerperal infections 
O86.89,Other specified puerperal infections 
O86.89,Other specified puerperal infections 
O22.00,Varicose veins of lower extremity in pregnancy unspecified trimester 
O22.01,Varicose veins of lower extremity in pregnancy first trimester 
O87.4,Varicose veins of lower extremity in the puerperium 
O22.01,Varicose veins of lower extremity in pregnancy first trimester 
O87.4,Varicose veins of lower extremity in the puerperium 
O22.10,Genital varices in pregnancy unspecified trimester 
O22.11,Genital varices in pregnancy first trimester 
O22.11,Genital varices in pregnancy first trimester 
O22.11,Genital varices in pregnancy first trimester 
O22.11,Genital varices in pregnancy first trimester 
O22.20,Superficial thrombophlebitis in pregnancy unspecified trimester 
O22.21,Superficial thrombophlebitis in pregnancy first trimester 
O87.0,Superficial thrombophlebitis in the puerperium 
O22.21,Superficial thrombophlebitis in pregnancy first trimester 
O87.0,Superficial thrombophlebitis in the puerperium 
O22.30,Deep phlebothrombosis in pregnancy unspecified trimester 
O22.31,Deep phlebothrombosis in pregnancy first trimester 
O22.31,Deep phlebothrombosis in pregnancy first trimester 
O87.1,Deep phlebothrombosis in the puerperium 
O87.1,Deep phlebothrombosis in the puerperium 
O87.1,Deep phlebothrombosis in the puerperium 
O22.50,Cerebral venous thrombosis in pregnancy unspecified trimester 
O22.51,Cerebral venous thrombosis in pregnancy first trimester 
O87.3,Cerebral venous thrombosis in the puerperium 
O22.51,Cerebral venous thrombosis in pregnancy first trimester 
O87.3,Cerebral venous thrombosis in the puerperium 
O22.40,Hemorrhoids in pregnancy unspecified trimester 
O22.8X1,Other venous complications in pregnancy first trimester 
O87.8,Other venous complications in the puerperium 
O22.8X1,Other venous complications in pregnancy first trimester 
O87.2,Hemorrhoids in the puerperium 
O22.90,Venous complication in pregnancy unspecified unspecified trimester 
O22.91,Venous complication in pregnancy unspecified first trimester 
O87.9,Venous complication in the puerperium unspecified 
O22.91,Venous complication in pregnancy unspecified first trimester 
O87.9,Venous complication in the puerperium unspecified 
O86.4,Pyrexia of unknown origin following delivery 
O86.4,Pyrexia of unknown origin following delivery 
O86.4,Pyrexia of unknown origin following delivery 
O88.019,Air embolism in pregnancy unspecified trimester 
O88.011,Air embolism in pregnancy first trimester 
O88.03,Air embolism in the puerperium 
O88.011,Air embolism in pregnancy first trimester 
O88.03,Air embolism in the puerperium 
O88.119,Amniotic fluid embolism in pregnancy unspecified trimester 
O88.111,Amniotic fluid embolism in pregnancy first trimester 
O88.13,Amniotic fluid embolism in the puerperium 
O88.111,Amniotic fluid embolism in pregnancy first trimester 
O88.13,Amniotic fluid embolism in the puerperium 
O88.219,Thromboembolism in pregnancy unspecified trimester 
O88.211,Thromboembolism in pregnancy first trimester 
O88.23,Thromboembolism in the puerperium 
O88.211,Thromboembolism in pregnancy first trimester 
O88.23,Thromboembolism in the puerperium 
O88.319,Pyemic and septic embolism in pregnancy unspecified trimester 
O88.311,Pyemic and septic embolism in pregnancy first trimester 
O88.33,Pyemic and septic embolism in the puerperium 
O88.311,Pyemic and septic embolism in pregnancy first trimester 
O88.33,Pyemic and septic embolism in the puerperium 
O88.819,Other embolism in pregnancy unspecified trimester 
O88.811,Other embolism in pregnancy first trimester 
O88.83,Other embolism in the puerperium 
O88.811,Other embolism in pregnancy first trimester 
O88.83,Other embolism in the puerperium 
O99.419,Diseases of the circulatory system complicating pregnancy unspecified trimester 
O99.411,Diseases of the circulatory system complicating pregnancy first trimester 
O99.42,Diseases of the circulatory system complicating childbirth 
O99.411,Diseases of the circulatory system complicating pregnancy first trimester 
O99.43,Diseases of the circulatory system complicating the puerperium 
O90.0,Disruption of cesarean delivery wound 
O90.0,Disruption of cesarean delivery wound 
O90.0,Disruption of cesarean delivery wound 
O90.1,Disruption of perineal obstetric wound 
O90.1,Disruption of perineal obstetric wound 
O90.1,Disruption of perineal obstetric wound 
O90.2,Hematoma of obstetric wound 
O90.2,Hematoma of obstetric wound 
O86.0,Infection of obstetric surgical wound 
O90.89,Other complications of the puerperium not elsewhere classified 
O90.89,Other complications of the puerperium not elsewhere classified 
O90.89,Other complications of the puerperium not elsewhere classified 
O90.3,Peripartum cardiomyopathy 
O90.3,Peripartum cardiomyopathy 
O90.3,Peripartum cardiomyopathy 
O90.3,Peripartum cardiomyopathy 
O90.3,Peripartum cardiomyopathy 
O90.89,Other complications of the puerperium not elsewhere classified 
O90.89,Other complications of the puerperium not elsewhere classified 
O90.89,Other complications of the puerperium not elsewhere classified 
O90.9,Complication of the puerperium unspecified 
O90.9,Complication of the puerperium unspecified 
O90.9,Complication of the puerperium unspecified 
O91.019,Infection of nipple associated with pregnancy unspecified trimester 
O91.011,Infection of nipple associated with pregnancy first trimester 
O91.02,Infection of nipple associated with the puerperium 
O91.011,Infection of nipple associated with pregnancy first trimester 
O91.02,Infection of nipple associated with the puerperium 
O91.119,Abscess of breast associated with pregnancy unspecified trimester 
O91.111,Abscess of breast associated with pregnancy first trimester 
O91.12,Abscess of breast associated with the puerperium 
O91.111,Abscess of breast associated with pregnancy first trimester 
O91.12,Abscess of breast associated with the puerperium 
O91.219,Nonpurulent mastitis associated with pregnancy unspecified trimester 
O91.211,Nonpurulent mastitis associated with pregnancy first trimester 
O91.22,Nonpurulent mastitis associated with the puerperium 
O91.211,Nonpurulent mastitis associated with pregnancy first trimester 
O91.22,Nonpurulent mastitis associated with the puerperium 
O91.23,Nonpurulent mastitis associated with lactation 
O91.23,Nonpurulent mastitis associated with lactation 
O91.23,Nonpurulent mastitis associated with lactation 
O91.23,Nonpurulent mastitis associated with lactation 
O91.23,Nonpurulent mastitis associated with lactation 
O91.23,Nonpurulent mastitis associated with lactation 
O91.23,Nonpurulent mastitis associated with lactation 
O91.23,Nonpurulent mastitis associated with lactation 
O91.23,Nonpurulent mastitis associated with lactation 
O91.23,Nonpurulent mastitis associated with lactation 
O92.019,Retracted nipple associated with pregnancy unspecified trimester 
O92.011,Retracted nipple associated with pregnancy first trimester 
O92.03,Retracted nipple associated with lactation 
O92.011,Retracted nipple associated with pregnancy first trimester 
O92.03,Retracted nipple associated with lactation 
O92.119,Cracked nipple associated with pregnancy unspecified trimester 
O92.111,Cracked nipple associated with pregnancy first trimester 
O92.13,Cracked nipple associated with lactation 
O92.111,Cracked nipple associated with pregnancy first trimester 
O92.13,Cracked nipple associated with lactation 
O92.29,Other disorders of breast associated with pregnancy and the puerperium 
O92.29,Other disorders of breast associated with pregnancy and the puerperium 
O92.29,Other disorders of breast associated with pregnancy and the puerperium 
O92.29,Other disorders of breast associated with pregnancy and the puerperium 
O92.29,Other disorders of breast associated with pregnancy and the puerperium 
O92.20,Unspecified disorder of breast associated with pregnancy and the puerperium 
O92.20,Unspecified disorder of breast associated with pregnancy and the puerperium 
O92.20,Unspecified disorder of breast associated with pregnancy and the puerperium 
O92.20,Unspecified disorder of breast associated with pregnancy and the puerperium 
O92.20,Unspecified disorder of breast associated with pregnancy and the puerperium 
O92.3,Agalactia 
O92.3,Agalactia 
O92.3,Agalactia 
O92.3,Agalactia 
O92.3,Agalactia 
O92.5,Suppressed lactation 
O92.5,Suppressed lactation 
O92.5,Suppressed lactation 
O92.5,Suppressed lactation 
O92.5,Suppressed lactation 
O92.6,Galactorrhea 
O92.6,Galactorrhea 
O92.6,Galactorrhea 
O92.6,Galactorrhea 
O92.6,Galactorrhea 
O92.79,Other disorders of lactation 
O92.79,Other disorders of lactation 
O92.79,Other disorders of lactation 
O92.79,Other disorders of lactation 
O92.79,Other disorders of lactation 
O92.70,Unspecified disorders of lactation 
O92.70,Unspecified disorders of lactation 
O92.70,Unspecified disorders of lactation 
O92.70,Unspecified disorders of lactation 
O92.70,Unspecified disorders of lactation 
O94,Sequelae of complication of pregnancy childbirth and the puerperium 
O36.8290,Fetal anemia and thrombocytopenia unspecified trimester not applicable or unspecified 
O36.8210,Fetal anemia and thrombocytopenia first trimester not applicable or unspecified 
O36.8210,Fetal anemia and thrombocytopenia first trimester not applicable or unspecified 
O30.029,Conjoined twin pregnancy unspecified trimester 
O30.021,Conjoined twin pregnancy first trimester 
O30.021,Conjoined twin pregnancy first trimester 
O26.899,Other specified pregnancy related conditions unspecified trimester 
O75.89,Other specified complications of labor and delivery 
O75.89,Other specified complications of labor and delivery 
O26.893,Other specified pregnancy related conditions third trimester 
O90.89,Other complications of the puerperium not elsewhere classified 
O35.7xx0,Maternal care for (suspected) damage to fetus by other medical procedures not applicable or unspecified 
O35.7xx0,Maternal care for (suspected) damage to fetus by other medical procedures not applicable or unspecified 
O35.7xx0,Maternal care for (suspected) damage to fetus by other medical procedures not applicable or unspecified 
O35.7xx0,Maternal care for (suspected) damage to fetus by other medical procedures not applicable or unspecified 
O35.7xx0,Maternal care for (suspected) damage to fetus by other medical procedures not applicable or unspecified 
L02.02,Furuncle of face 
L02.12,Furuncle of neck 
L02.222,Furuncle of back [any part except buttock] 
L02.429,Furuncle of limb unspecified 
L02.529,Furuncle unspecified hand 
L02.33,Carbuncle of buttock 
L02.429,Furuncle of limb unspecified 
L02.629,Furuncle of unspecified foot 
L02.828,Furuncle of other sites 
L02.92,Furuncle unspecified 
L03.019,Cellulitis of unspecified finger 
L03.019,Cellulitis of unspecified finger 
L03.019,Cellulitis of unspecified finger 
L03.039,Cellulitis of unspecified toe 
L03.039,Cellulitis of unspecified toe 
L03.029,Acute lymphangitis of unspecified finger 
L03.211,Cellulitis of face 
L03.222,Acute lymphangitis of neck 
L03.319,Cellulitis of trunk unspecified 
L03.119,Cellulitis of unspecified part of limb 
L03.119,Cellulitis of unspecified part of limb 
L03.317,Cellulitis of buttock 
L03.119,Cellulitis of unspecified part of limb 
L03.119,Cellulitis of unspecified part of limb 
L03.898,Acute lymphangitis of other sites 
L03.90,Cellulitis unspecified 
L04.9,Acute lymphadenitis unspecified 
L01.00,Impetigo unspecified 
L05.01,Pilonidal cyst with abscess 
L05.91,Pilonidal cyst without abscess 
L08.0,Pyoderma 
L88,Pyoderma gangrenosum 
L08.89,Other specified local infections of the skin and subcutaneous tissue 
L98.0,Pyogenic granuloma 
L08.89,Other specified local infections of the skin and subcutaneous tissue 
L08.9,Local infection of the skin and subcutaneous tissue unspecified 
L21.9,Seborrheic dermatitis unspecified 
L21.0,Seborrhea capitis 
L21.1,Seborrheic infantile dermatitis 
L21.8,Other seborrheic dermatitis 
L30.3,Infective dermatitis 
L22,Diaper dermatitis 
L20.89,Other atopic dermatitis 
L24.0,Irritant contact dermatitis due to detergents 
L24.1,Irritant contact dermatitis due to oils and greases 
L24.2,Irritant contact dermatitis due to solvents 
L25.1,Unspecified contact dermatitis due to drugs in contact with skin 
L25.3,Unspecified contact dermatitis due to other chemical products 
L25.4,Unspecified contact dermatitis due to food in contact with skin 
L25.5,Unspecified contact dermatitis due to plants except food 
L57.8,Other skin changes due to chronic exposure to nonionizing radiation 
L55.9,Sunburn unspecified 
L56.2,Photocontact dermatitis [berloque dermatitis] 
L57.1,Actinic reticuloid 
L57.9,Skin changes due to chronic exposure to nonionizing radiation unspecified 
L56.5,Disseminated superficial actinic porokeratosis (DSAP) 
L55.1,Sunburn of second degree 
L55.2,Sunburn of third degree 
L56.8,Other specified acute skin changes due to ultraviolet radiation 
L25.0,Unspecified contact dermatitis due to cosmetics 
L58.9,Radiodermatitis unspecified 
L23.0,Allergic contact dermatitis due to metals 
L23.81,Allergic contact dermatitis due to animal (cat) (dog) dander 
L25.2,Unspecified contact dermatitis due to dyes 
L25.9,Unspecified contact dermatitis unspecified cause 
L27.0,Generalized skin eruption due to drugs and medicaments taken internally 
L27.2,Dermatitis due to ingested food 
L27.8,Dermatitis due to other substances taken internally 
L27.9,Dermatitis due to unspecified substance taken internally 
L13.0,Dermatitis herpetiformis 
L13.1,Subcorneal pustular dermatitis 
L12.2,Chronic bullous disease of childhood 
L40.1,Generalized pustular psoriasis 
L10.9,Pemphigus unspecified 
L12.8,Other pemphigoid 
L12.1,Cicatricial pemphigoid 
L12.1,Cicatricial pemphigoid 
L13.8,Other specified bullous disorders 
L13.9,Bullous disorder unspecified 
L53.0,Toxic erythema 
L51.9,Erythema multiforme unspecified 
L51.8,Other erythema multiforme 
L51.8,Other erythema multiforme 
L51.1,Stevens-Johnson syndrome 
L51.3,Stevens-Johnson syndrome-toxic epidermal necrolysis overlap syndrome 
L51.2,Toxic epidermal necrolysis [Lyell] 
L51.8,Other erythema multiforme 
L52,Erythema nodosum 
L71.1,Rhinophyma 
L93.0,Discoid lupus erythematosus 
L49.0,Exfoliation due to erythematous condition involving less than 10 percent of body surface 
L49.1,Exfoliation due to erythematous condition involving 10-19 percent of body surface 
L49.2,Exfoliation due to erythematous condition involving 20-29 percent of body surface 
L49.3,Exfoliation due to erythematous condition involving 30-39 percent of body surface 
L49.4,Exfoliation due to erythematous condition involving 40-49 percent of body surface 
L49.5,Exfoliation due to erythematous condition involving 50-59 percent of body surface 
L49.6,Exfoliation due to erythematous condition involving 60-69 percent of body surface 
L49.7,Exfoliation due to erythematous condition involving 70-79 percent of body surface 
L49.8,Exfoliation due to erythematous condition involving 80-89 percent of body surface 
L49.9,Exfoliation due to erythematous condition involving 90 or more percent of body surface 
L00,Staphylococcal scalded skin syndrome 
L30.4,Erythema intertrigo 
L53.9,Erythematous condition unspecified 
L40.59,Other psoriatic arthropathy 
L40.8,Other psoriasis 
L41.8,Other parapsoriasis 
L42,Pityriasis rosea 
L44.0,Pityriasis rubra pilaris 
L30.5,Pityriasis alba 
L44.8,Other specified papulosquamous disorders 
L43.8,Other lichen planus 
L44.1,Lichen nitidus 
L44.2,Lichen striatus 
L44.9,Papulosquamous disorder unspecified 
L29.0,Pruritus ani 
L29.3,Anogenital pruritus unspecified 
L28.2,Other prurigo 
L28.0,Lichen simplex chronicus 
L98.1,Factitial dermatitis 
L29.8,Other pruritus 
L29.9,Pruritus unspecified 
L84,Corns and callosities 
L94.0,Localized scleroderma [morphea] 
L85.1,Acquired keratosis [keratoderma] palmaris et plantaris 
L83,Acanthosis nigricans 
L90.6,Striae atrophicae 
L91.0,Hypertrophic scar 
L92.9,Granulomatous disorder of the skin and subcutaneous tissue unspecified 
L11.9,Acantholytic disorder unspecified 
L90.9,Atrophic disorder of skin unspecified 
L57.0,Actinic keratosis 
L82.0,Inflamed seborrheic keratosis 
L82.1,Other seborrheic keratosis 
L98.8,Other specified disorders of the skin and subcutaneous tissue 
L60.0,Ingrowing nail 
L60.1,Onycholysis 
L60.9,Nail disorder unspecified 
L65.9,Nonscarring hair loss unspecified 
L63.8,Other alopecia areata 
L65.0,Telogen effluvium 
L66.0,Pseudopelade 
L68.0,Hirsutism 
L67.8,Other hair color and hair shaft abnormalities 
L67.1,Variations in hair color 
L72.11,Pilar cyst 
L72.12,Trichodermal cyst 
L66.3,Perifolliculitis capitis abscedens 
L73.9,Follicular disorder unspecified 
L74.4,Anhidrosis 
L74.0,Miliaria rubra 
L74.519,Primary focal hyperhidrosis unspecified 
L74.52,Secondary focal hyperhidrosis 
L30.1,Dyshidrosis [pompholyx] 
L75.2,Apocrine miliaria 
L73.2,Hidradenitis suppurativa 
L74.8,Other eccrine sweat disorders 
L74.9,Eccrine sweat disorder unspecified 
L70.2,Acne varioliformis 
L70.8,Other acne 
L72.3,Sebaceous cyst 
L21.9,Seborrheic dermatitis unspecified 
L85.3,Xerosis cutis 
L73.9,Follicular disorder unspecified 
L89.90,Pressure ulcer of unspecified site unspecified stage 
L89.009,Pressure ulcer of unspecified elbow unspecified stage 
L89.119,Pressure ulcer of right upper back unspecified stage 
L89.139,Pressure ulcer of right lower back unspecified stage 
L89.209,Pressure ulcer of unspecified hip unspecified stage 
L89.309,Pressure ulcer of unspecified buttock unspecified stage 
L89.509,Pressure ulcer of unspecified ankle unspecified stage 
L89.609,Pressure ulcer of unspecified heel unspecified stage 
L89.899,Pressure ulcer of other site unspecified stage 
L97.909,Non-pressure chronic ulcer of unspecified part of unspecified lower leg with unspecified severity 
L97.109,Non-pressure chronic ulcer of unspecified thigh with unspecified severity 
L97.209,Non-pressure chronic ulcer of unspecified calf with unspecified severity 
L97.309,Non-pressure chronic ulcer of unspecified ankle with unspecified severity 
L97.409,Non-pressure chronic ulcer of unspecified heel and midfoot with unspecified severity 
L97.509,Non-pressure chronic ulcer of other part of unspecified foot with unspecified severity 
L97.809,Non-pressure chronic ulcer of other part of unspecified lower leg with unspecified severity 
, 
, 
, 
, 
, 
, 
L98.429,Non-pressure chronic ulcer of back with unspecified severity 
L98.499,Non-pressure chronic ulcer of skin of other sites with unspecified severity 
L50.0,Allergic urticaria 
L50.1,Idiopathic urticaria 
L50.2,Urticaria due to cold and heat 
L50.3,Dermatographic urticaria 
L50.4,Vibratory urticaria 
L50.5,Cholinergic urticaria 
L50.8,Other urticaria 
L50.9,Urticaria unspecified 
L81.9,Disorder of pigmentation unspecified 
L80,Vitiligo 
L81.8,Other specified disorders of pigmentation 
L95.9,Vasculitis limited to the skin unspecified 
L90.5,Scar conditions and fibrosis of skin 
L92.1,Necrobiosis lipoidica not elsewhere classified 
L92.3,Foreign body granuloma of the skin and subcutaneous tissue 
L98.8,Other specified disorders of the skin and subcutaneous tissue 
L98.9,Disorder of the skin and subcutaneous tissue unspecified 
M32.10,Systemic lupus erythematosus organ or system involvement unspecified 
M34.1,CR(E)ST syndrome 
M35.00,Sicca syndrome unspecified 
M33.90,Dermatopolymyositis unspecified organ involvement unspecified 
M33.20,Polymyositis organ involvement unspecified 
M35.8,Other specified systemic involvement of connective tissue 
M35.5,Multifocal fibrosclerosis 
M35.9,Systemic involvement of connective tissue unspecified 
M00.9,Pyogenic arthritis unspecified 
M00.019,Staphylococcal arthritis unspecified shoulder 
M00.029,Staphylococcal arthritis unspecified elbow 
M00.039,Staphylococcal arthritis unspecified wrist 
M00.049,Staphylococcal arthritis unspecified hand 
M00.059,Staphylococcal arthritis unspecified hip 
M00.069,Staphylococcal arthritis unspecified knee 
M00.079,Staphylococcal arthritis unspecified ankle and foot 
M00.08,Staphylococcal arthritis vertebrae 
M00.09,Staphylococcal polyarthritis 
M02.30,Reiter's disease unspecified site 
M02.319,Reiter's disease unspecified shoulder 
M02.329,Reiter's disease unspecified elbow 
M02.339,Reiter's disease unspecified wrist 
M02.349,Reiter's disease unspecified hand 
M02.359,Reiter's disease unspecified hip 
M02.369,Reiter's disease unspecified knee 
M02.379,Reiter's disease unspecified ankle and foot 
M02.38,Reiter's disease vertebrae 
M02.39,Reiter's disease multiple sites 
M35.2,Behcet's disease 
M35.2,Behcet's disease 
M35.2,Behcet's disease 
M35.2,Behcet's disease 
M35.2,Behcet's disease 
M35.2,Behcet's disease 
M35.2,Behcet's disease 
M35.2,Behcet's disease 
M35.2,Behcet's disease 
M35.2,Behcet's disease 
M02.10,Postdysenteric arthropathy unspecified site 
M02.119,Postdysenteric arthropathy unspecified shoulder 
M02.129,Postdysenteric arthropathy unspecified elbow 
M02.139,Postdysenteric arthropathy unspecified wrist 
M02.149,Postdysenteric arthropathy unspecified hand 
M02.159,Postdysenteric arthropathy unspecified hip 
M02.169,Postdysenteric arthropathy unspecified knee 
M02.179,Postdysenteric arthropathy unspecified ankle and foot 
M02.18,Postdysenteric arthropathy vertebrae 
M02.19,Postdysenteric arthropathy multiple sites 
M01.X0,Direct infection of unspecified joint in infectious and parasitic diseases classified elsewhere 
M01.X19,Direct infection of unspecified shoulder in infectious and parasitic diseases classified elsewhere 
M01.X29,Direct infection of unspecified elbow in infectious and parasitic diseases classified elsewhere 
M01.X39,Direct infection of unspecified wrist in infectious and parasitic diseases classified elsewhere 
M01.X49,Direct infection of unspecified hand in infectious and parasitic diseases classified elsewhere 
M01.X59,Direct infection of unspecified hip in infectious and parasitic diseases classified elsewhere 
M01.X69,Direct infection of unspecified knee in infectious and parasitic diseases classified elsewhere 
M01.X79,Direct infection of unspecified ankle and foot in infectious and parasitic diseases classified elsewhere 
M01.X8,Direct infection of vertebrae in infectious and parasitic diseases classified elsewhere 
M01.X9,Direct infection of multiple joints in infectious and parasitic diseases classified elsewhere 
M01.X0,Direct infection of unspecified joint in infectious and parasitic diseases classified elsewhere 
M01.X19,Direct infection of unspecified shoulder in infectious and parasitic diseases classified elsewhere 
M01.X29,Direct infection of unspecified elbow in infectious and parasitic diseases classified elsewhere 
M01.X39,Direct infection of unspecified wrist in infectious and parasitic diseases classified elsewhere 
M01.X49,Direct infection of unspecified hand in infectious and parasitic diseases classified elsewhere 
M01.X59,Direct infection of unspecified hip in infectious and parasitic diseases classified elsewhere 
M01.X69,Direct infection of unspecified knee in infectious and parasitic diseases classified elsewhere 
M01.X79,Direct infection of unspecified ankle and foot in infectious and parasitic diseases classified elsewhere 
M01.X8,Direct infection of vertebrae in infectious and parasitic diseases classified elsewhere 
M01.X9,Direct infection of multiple joints in infectious and parasitic diseases classified elsewhere 
M01.X0,Direct infection of unspecified joint in infectious and parasitic diseases classified elsewhere 
M01.X19,Direct infection of unspecified shoulder in infectious and parasitic diseases classified elsewhere 
M01.X29,Direct infection of unspecified elbow in infectious and parasitic diseases classified elsewhere 
M01.X39,Direct infection of unspecified wrist in infectious and parasitic diseases classified elsewhere 
M01.X49,Direct infection of unspecified hand in infectious and parasitic diseases classified elsewhere 
M01.X59,Direct infection of unspecified hip in infectious and parasitic diseases classified elsewhere 
M01.X69,Direct infection of unspecified knee in infectious and parasitic diseases classified elsewhere 
M01.X79,Direct infection of unspecified ankle and foot in infectious and parasitic diseases classified elsewhere 
M01.X8,Direct infection of vertebrae in infectious and parasitic diseases classified elsewhere 
M01.X9,Direct infection of multiple joints in infectious and parasitic diseases classified elsewhere 
M01.X0,Direct infection of unspecified joint in infectious and parasitic diseases classified elsewhere 
M01.X19,Direct infection of unspecified shoulder in infectious and parasitic diseases classified elsewhere 
M01.X29,Direct infection of unspecified elbow in infectious and parasitic diseases classified elsewhere 
M01.X39,Direct infection of unspecified wrist in infectious and parasitic diseases classified elsewhere 
M01.X49,Direct infection of unspecified hand in infectious and parasitic diseases classified elsewhere 
M01.X59,Direct infection of unspecified hip in infectious and parasitic diseases classified elsewhere 
M01.X69,Direct infection of unspecified knee in infectious and parasitic diseases classified elsewhere 
M01.X79,Direct infection of unspecified ankle and foot in infectious and parasitic diseases classified elsewhere 
M01.X8,Direct infection of vertebrae in infectious and parasitic diseases classified elsewhere 
M01.X9,Direct infection of multiple joints in infectious and parasitic diseases classified elsewhere 
M01.X0,Direct infection of unspecified joint in infectious and parasitic diseases classified elsewhere 
M01.X19,Direct infection of unspecified shoulder in infectious and parasitic diseases classified elsewhere 
M01.X29,Direct infection of unspecified elbow in infectious and parasitic diseases classified elsewhere 
M01.X39,Direct infection of unspecified wrist in infectious and parasitic diseases classified elsewhere 
M01.X49,Direct infection of unspecified hand in infectious and parasitic diseases classified elsewhere 
M01.X59,Direct infection of unspecified hip in infectious and parasitic diseases classified elsewhere 
M01.X69,Direct infection of unspecified knee in infectious and parasitic diseases classified elsewhere 
M01.X79,Direct infection of unspecified ankle and foot in infectious and parasitic diseases classified elsewhere 
M01.X8,Direct infection of vertebrae in infectious and parasitic diseases classified elsewhere 
M01.X9,Direct infection of multiple joints in infectious and parasitic diseases classified elsewhere 
M01.X0,Direct infection of unspecified joint in infectious and parasitic diseases classified elsewhere 
M01.X19,Direct infection of unspecified shoulder in infectious and parasitic diseases classified elsewhere 
M01.X29,Direct infection of unspecified elbow in infectious and parasitic diseases classified elsewhere 
M01.X39,Direct infection of unspecified wrist in infectious and parasitic diseases classified elsewhere 
M01.X49,Direct infection of unspecified hand in infectious and parasitic diseases classified elsewhere 
M01.X59,Direct infection of unspecified hip in infectious and parasitic diseases classified elsewhere 
M01.X69,Direct infection of unspecified knee in infectious and parasitic diseases classified elsewhere 
M01.X79,Direct infection of unspecified ankle and foot in infectious and parasitic diseases classified elsewhere 
M01.X8,Direct infection of vertebrae in infectious and parasitic diseases classified elsewhere 
M01.X9,Direct infection of multiple joints in infectious and parasitic diseases classified elsewhere 
M11.80,Other specified crystal arthropathies unspecified site 
M11.819,Other specified crystal arthropathies unspecified shoulder 
M11.829,Other specified crystal arthropathies unspecified elbow 
M11.839,Other specified crystal arthropathies unspecified wrist 
M11.849,Other specified crystal arthropathies unspecified hand 
M11.859,Other specified crystal arthropathies unspecified hip 
M11.869,Other specified crystal arthropathies unspecified knee 
M11.879,Other specified crystal arthropathies unspecified ankle and foot 
M11.88,Other specified crystal arthropathies vertebrae 
M11.89,Other specified crystal arthropathies multiple sites 
M11.80,Other specified crystal arthropathies unspecified site 
M11.819,Other specified crystal arthropathies unspecified shoulder 
M11.829,Other specified crystal arthropathies unspecified elbow 
M11.839,Other specified crystal arthropathies unspecified wrist 
M11.849,Other specified crystal arthropathies unspecified hand 
M11.859,Other specified crystal arthropathies unspecified hip 
M11.869,Other specified crystal arthropathies unspecified knee 
M11.879,Other specified crystal arthropathies unspecified ankle and foot 
M11.88,Other specified crystal arthropathies vertebrae 
M11.89,Other specified crystal arthropathies multiple sites 
M11.20,Other chondrocalcinosis unspecified site 
M11.219,Other chondrocalcinosis unspecified shoulder 
M11.229,Other chondrocalcinosis unspecified elbow 
M11.239,Other chondrocalcinosis unspecified wrist 
M11.249,Other chondrocalcinosis unspecified hand 
M11.259,Other chondrocalcinosis unspecified hip 
M11.269,Other chondrocalcinosis unspecified knee 
M11.279,Other chondrocalcinosis unspecified ankle and foot 
M11.28,Other chondrocalcinosis vertebrae 
M11.29,Other chondrocalcinosis multiple sites 
M11.80,Other specified crystal arthropathies unspecified site 
M11.819,Other specified crystal arthropathies unspecified shoulder 
M11.829,Other specified crystal arthropathies unspecified elbow 
M11.839,Other specified crystal arthropathies unspecified wrist 
M11.849,Other specified crystal arthropathies unspecified hand 
M11.859,Other specified crystal arthropathies unspecified hip 
M11.869,Other specified crystal arthropathies unspecified knee 
M11.879,Other specified crystal arthropathies unspecified ankle and foot 
M11.88,Other specified crystal arthropathies vertebrae 
M11.89,Other specified crystal arthropathies multiple sites 
M11.9,Crystal arthropathy unspecified 
M11.819,Other specified crystal arthropathies unspecified shoulder 
M11.829,Other specified crystal arthropathies unspecified elbow 
M11.839,Other specified crystal arthropathies unspecified wrist 
M11.849,Other specified crystal arthropathies unspecified hand 
M11.859,Other specified crystal arthropathies unspecified hip 
M11.869,Other specified crystal arthropathies unspecified knee 
M11.879,Other specified crystal arthropathies unspecified ankle and foot 
M11.88,Other specified crystal arthropathies vertebrae 
M11.89,Other specified crystal arthropathies multiple sites 
M14.80,Arthropathies in other specified diseases classified elsewhere unspecified site 
M02.00,Arthropathy following intestinal bypass unspecified site 
M36.2,Hemophilic arthropathy 
M12.80,Other specific arthropathies not elsewhere classified unspecified site 
M12.80,Other specific arthropathies not elsewhere classified unspecified site 
M14.60,Charcot's joint unspecified site 
M36.4,Arthropathy in hypersensitivity reactions classified elsewhere 
M02.9,Reactive arthropathy unspecified 
M14.80,Arthropathies in other specified diseases classified elsewhere unspecified site 
M06.9,Rheumatoid arthritis unspecified 
M05.00,Felty's syndrome unspecified site 
M05.60,Rheumatoid arthritis of unspecified site with involvement of other organs and systems 
M08.00,Unspecified juvenile rheumatoid arthritis of unspecified site 
M08.3,Juvenile rheumatoid polyarthritis (seronegative) 
M08.40,Pauciarticular juvenile rheumatoid arthritis unspecified site 
M08.40,Pauciarticular juvenile rheumatoid arthritis unspecified site 
M12.00,Chronic postrheumatic arthropathy [Jaccoud] unspecified site 
M05.10,Rheumatoid lung disease with rheumatoid arthritis of unspecified site 
M06.4,Inflammatory polyarthropathy 
M06.4,Inflammatory polyarthropathy 
M15.9,Polyosteoarthritis unspecified 
M15.1,Heberden's nodes (with arthropathy) 
M15.0,Primary generalized (osteo)arthritis 
M19.91,Primary osteoarthritis unspecified site 
M19.019,Primary osteoarthritis unspecified shoulder 
M19.029,Primary osteoarthritis unspecified elbow 
M19.039,Primary osteoarthritis unspecified wrist 
M19.049,Primary osteoarthritis unspecified hand 
M16.10,Unilateral primary osteoarthritis unspecified hip 
M17.10,Unilateral primary osteoarthritis unspecified knee 
M19.079,Primary osteoarthritis unspecified ankle and foot 
M19.91,Primary osteoarthritis unspecified site 
M19.93,Secondary osteoarthritis unspecified site 
M19.219,Secondary osteoarthritis unspecified shoulder 
M19.229,Secondary osteoarthritis unspecified elbow 
M19.239,Secondary osteoarthritis unspecified wrist 
M19.249,Secondary osteoarthritis unspecified hand 
M16.7,Other unilateral secondary osteoarthritis of hip 
M17.5,Other unilateral secondary osteoarthritis of knee 
M19.279,Secondary osteoarthritis unspecified ankle and foot 
M19.93,Secondary osteoarthritis unspecified site 
M19.90,Unspecified osteoarthritis unspecified site 
M19.90,Unspecified osteoarthritis unspecified site 
M19.90,Unspecified osteoarthritis unspecified site 
M19.90,Unspecified osteoarthritis unspecified site 
M18.9,Osteoarthritis of first carpometacarpal joint unspecified 
M16.9,Osteoarthritis of hip unspecified 
M17.9,Osteoarthritis of knee unspecified 
M19.90,Unspecified osteoarthritis unspecified site 
M19.90,Unspecified osteoarthritis unspecified site 
M15.8,Other polyosteoarthritis 
M15.3,Secondary multiple arthritis 
M19.90,Unspecified osteoarthritis unspecified site 
M19.90,Unspecified osteoarthritis unspecified site 
M19.90,Unspecified osteoarthritis unspecified site 
M19.90,Unspecified osteoarthritis unspecified site 
M18.9,Osteoarthritis of first carpometacarpal joint unspecified 
M16.9,Osteoarthritis of hip unspecified 
M17.9,Osteoarthritis of knee unspecified 
M19.90,Unspecified osteoarthritis unspecified site 
M19.90,Unspecified osteoarthritis unspecified site 
M12.10,Kaschin-Beck disease unspecified site 
M12.119,Kaschin-Beck disease unspecified shoulder 
M12.129,Kaschin-Beck disease unspecified elbow 
M12.139,Kaschin-Beck disease unspecified wrist 
M12.149,Kaschin-Beck disease unspecified hand 
M12.159,Kaschin-Beck disease unspecified hip 
M12.169,Kaschin-Beck disease unspecified knee 
M12.179,Kaschin-Beck disease unspecified ankle and foot 
M12.18,Kaschin-Beck disease vertebrae 
M12.19,Kaschin-Beck disease multiple sites 
M12.50,Traumatic arthropathy unspecified site 
M12.519,Traumatic arthropathy unspecified shoulder 
M12.529,Traumatic arthropathy unspecified elbow 
M12.539,Traumatic arthropathy unspecified wrist 
M12.549,Traumatic arthropathy unspecified hand 
M12.559,Traumatic arthropathy unspecified hip 
M12.569,Traumatic arthropathy unspecified knee 
M12.579,Traumatic arthropathy unspecified ankle and foot 
M12.58,Traumatic arthropathy other specified site 
M12.59,Traumatic arthropathy multiple sites 
M13.80,Other specified arthritis unspecified site 
M13.819,Other specified arthritis unspecified shoulder 
M13.829,Other specified arthritis unspecified elbow 
M13.839,Other specified arthritis unspecified wrist 
M13.849,Other specified arthritis unspecified hand 
M13.859,Other specified arthritis unspecified hip 
M13.869,Other specified arthritis unspecified knee 
M13.879,Other specified arthritis unspecified ankle and foot 
M13.88,Other specified arthritis other site 
M13.89,Other specified arthritis multiple sites 
M13.80,Other specified arthritis unspecified site 
M13.819,Other specified arthritis unspecified shoulder 
M13.829,Other specified arthritis unspecified elbow 
M13.839,Other specified arthritis unspecified wrist 
M13.849,Other specified arthritis unspecified hand 
M13.859,Other specified arthritis unspecified hip 
M13.869,Other specified arthritis unspecified knee 
M13.879,Other specified arthritis unspecified ankle and foot 
M13.88,Other specified arthritis other site 
M13.89,Other specified arthritis multiple sites 
M12.80,Other specific arthropathies not elsewhere classified unspecified site 
M12.819,Other specific arthropathies not elsewhere classified unspecified shoulder 
M12.829,Other specific arthropathies not elsewhere classified unspecified elbow 
M12.839,Other specific arthropathies not elsewhere classified unspecified wrist 
M12.849,Other specific arthropathies not elsewhere classified unspecified hand 
M12.859,Other specific arthropathies not elsewhere classified unspecified hip 
M12.869,Other specific arthropathies not elsewhere classified unspecified knee 
M12.879,Other specific arthropathies not elsewhere classified unspecified ankle and foot 
M12.88,Other specific arthropathies not elsewhere classified other specified site 
M12.89,Other specific arthropathies not elsewhere classified multiple sites 
M13.0,Polyarthritis unspecified 
M13.0,Polyarthritis unspecified 
M13.0,Polyarthritis unspecified 
M13.0,Polyarthritis unspecified 
M13.0,Polyarthritis unspecified 
M13.0,Polyarthritis unspecified 
M13.0,Polyarthritis unspecified 
M13.0,Polyarthritis unspecified 
M13.0,Polyarthritis unspecified 
M13.0,Polyarthritis unspecified 
M13.10,Monoarthritis not elsewhere classified unspecified site 
M13.119,Monoarthritis not elsewhere classified unspecified shoulder 
M13.129,Monoarthritis not elsewhere classified unspecified elbow 
M13.139,Monoarthritis not elsewhere classified unspecified wrist 
M13.149,Monoarthritis not elsewhere classified unspecified hand 
M13.159,Monoarthritis not elsewhere classified unspecified hip 
M13.169,Monoarthritis not elsewhere classified unspecified knee 
M13.179,Monoarthritis not elsewhere classified unspecified ankle and foot 
M13.10,Monoarthritis not elsewhere classified unspecified site 
M12.80,Other specific arthropathies not elsewhere classified unspecified site 
M12.819,Other specific arthropathies not elsewhere classified unspecified shoulder 
M12.829,Other specific arthropathies not elsewhere classified unspecified elbow 
M12.839,Other specific arthropathies not elsewhere classified unspecified wrist 
M12.849,Other specific arthropathies not elsewhere classified unspecified hand 
M12.859,Other specific arthropathies not elsewhere classified unspecified hip 
M12.869,Other specific arthropathies not elsewhere classified unspecified knee 
M12.879,Other specific arthropathies not elsewhere classified unspecified ankle and foot 
M12.88,Other specific arthropathies not elsewhere classified other specified site 
M12.89,Other specific arthropathies not elsewhere classified multiple sites 
M12.9,Arthropathy unspecified 
M12.9,Arthropathy unspecified 
M12.9,Arthropathy unspecified 
M12.9,Arthropathy unspecified 
M12.9,Arthropathy unspecified 
M12.9,Arthropathy unspecified 
M12.9,Arthropathy unspecified 
M12.9,Arthropathy unspecified 
M12.9,Arthropathy unspecified 
M12.9,Arthropathy unspecified 
M23.205,Derangement of unspecified medial meniscus due to old tear or injury unspecified knee 
M23.319,Other meniscus derangements anterior horn of medial meniscus unspecified knee 
M23.329,Other meniscus derangements posterior horn of medial meniscus unspecified knee 
M23.305,Other meniscus derangements unspecified medial meniscus unspecified knee 
M23.269,Derangement of other lateral meniscus due to old tear or injury unspecified knee 
M23.202,Derangement of unspecified lateral meniscus due to old tear or injury unspecified knee 
M23.349,Other meniscus derangements anterior horn of lateral meniscus unspecified knee 
M23.359,Other meniscus derangements posterior horn of lateral meniscus unspecified knee 
M23.369,Other meniscus derangements other lateral meniscus unspecified knee 
M23.009,Cystic meniscus unspecified meniscus unspecified knee 
M23.40,Loose body in knee unspecified knee 
M22.40,Chondromalacia patellae unspecified knee 
M23.50,Chronic instability of knee unspecified knee 
M23.50,Chronic instability of knee unspecified knee 
M23.50,Chronic instability of knee unspecified knee 
M23.50,Chronic instability of knee unspecified knee 
M23.50,Chronic instability of knee unspecified knee 
M23.8X9,Other internal derangements of unspecified knee 
M23.90,Unspecified internal derangement of unspecified knee 
M24.10,Other articular cartilage disorders unspecified site 
M24.119,Other articular cartilage disorders unspecified shoulder 
M24.129,Other articular cartilage disorders unspecified elbow 
M24.139,Other articular cartilage disorders unspecified wrist 
M24.149,Other articular cartilage disorders unspecified hand 
M24.159,Other articular cartilage disorders unspecified hip 
M24.173,Other articular cartilage disorders unspecified ankle 
M24.10,Other articular cartilage disorders unspecified site 
M24.10,Other articular cartilage disorders unspecified site 
M24.00,Loose body in unspecified joint 
M24.019,Loose body in unspecified shoulder 
M24.029,Loose body in unspecified elbow 
M24.039,Loose body in unspecified wrist 
M24.049,Loose body in unspecified finger joint(s) 
M24.059,Loose body in unspecified hip 
M24.073,Loose body in unspecified ankle 
M24.08,Loose body other site 
M24.00,Loose body in unspecified joint 
M24.30,Pathological dislocation of unspecified joint not elsewhere classified 
M24.319,Pathological dislocation of unspecified shoulder not elsewhere classified 
M24.329,Pathological dislocation of unspecified elbow not elsewhere classified 
M24.339,Pathological dislocation of unspecified wrist not elsewhere classified 
M24.349,Pathological dislocation of unspecified hand not elsewhere classified 
M24.359,Pathological dislocation of unspecified hip not elsewhere classified 
M24.369,Pathological dislocation of unspecified knee not elsewhere classified 
M24.373,Pathological dislocation of unspecified ankle not elsewhere classified 
M24.30,Pathological dislocation of unspecified joint not elsewhere classified 
M24.30,Pathological dislocation of unspecified joint not elsewhere classified 
M24.40,Recurrent dislocation unspecified joint 
M24.419,Recurrent dislocation unspecified shoulder 
M24.429,Recurrent dislocation unspecified elbow 
M24.439,Recurrent dislocation unspecified wrist 
M24.443,Recurrent dislocation unspecified hand 
M24.459,Recurrent dislocation unspecified hip 
M24.469,Recurrent dislocation unspecified knee 
M24.473,Recurrent dislocation unspecified ankle 
M43.4,Other recurrent atlantoaxial dislocation 
M43.5X9,Other recurrent vertebral dislocation site unspecified 
M24.50,Contracture unspecified joint 
M24.519,Contracture unspecified shoulder 
M24.529,Contracture unspecified elbow 
M24.539,Contracture unspecified wrist 
M24.549,Contracture unspecified hand 
M24.559,Contracture unspecified hip 
M24.569,Contracture unspecified knee 
M24.573,Contracture unspecified ankle 
M24.50,Contracture unspecified joint 
M24.50,Contracture unspecified joint 
M24.60,Ankylosis unspecified joint 
M24.619,Ankylosis unspecified shoulder 
M24.629,Ankylosis unspecified elbow 
M24.639,Ankylosis unspecified wrist 
M24.649,Ankylosis unspecified hand 
M24.659,Ankylosis unspecified hip 
M24.669,Ankylosis unspecified knee 
M24.673,Ankylosis unspecified ankle 
M24.60,Ankylosis unspecified joint 
M24.60,Ankylosis unspecified joint 
M24.7,Protrusio acetabuli 
M24.80,Other specific joint derangements of unspecified joint not elsewhere classified 
M24.819,Other specific joint derangements of unspecified shoulder not elsewhere classified 
M24.829,Other specific joint derangements of unspecified elbow not elsewhere classified 
M24.839,Other specific joint derangements of unspecified wrist not elsewhere classified 
M24.849,Other specific joint derangements of unspecified hand not elsewhere classified 
M24.859,Other specific joint derangements of unspecified hip not elsewhere classified 
M24.80,Other specific joint derangements of unspecified joint not elsewhere classified 
M24.873,Other specific joint derangements of unspecified ankle not elsewhere classified 
M24.80,Other specific joint derangements of unspecified joint not elsewhere classified 
M24.80,Other specific joint derangements of unspecified joint not elsewhere classified 
M24.80,Other specific joint derangements of unspecified joint not elsewhere classified 
M24.819,Other specific joint derangements of unspecified shoulder not elsewhere classified 
M24.829,Other specific joint derangements of unspecified elbow not elsewhere classified 
M24.839,Other specific joint derangements of unspecified wrist not elsewhere classified 
M24.849,Other specific joint derangements of unspecified hand not elsewhere classified 
M24.859,Other specific joint derangements of unspecified hip not elsewhere classified 
M23.50,Chronic instability of knee unspecified knee 
M24.873,Other specific joint derangements of unspecified ankle not elsewhere classified 
M24.80,Other specific joint derangements of unspecified joint not elsewhere classified 
M24.80,Other specific joint derangements of unspecified joint not elsewhere classified 
M24.9,Joint derangement unspecified 
M24.9,Joint derangement unspecified 
M24.9,Joint derangement unspecified 
M24.9,Joint derangement unspecified 
M24.9,Joint derangement unspecified 
M24.9,Joint derangement unspecified 
M24.9,Joint derangement unspecified 
M24.9,Joint derangement unspecified 
M24.9,Joint derangement unspecified 
M25.40,Effusion unspecified joint 
M25.419,Effusion unspecified shoulder 
M25.429,Effusion unspecified elbow 
M25.439,Effusion unspecified wrist 
M25.449,Effusion unspecified hand 
M25.459,Effusion unspecified hip 
M25.469,Effusion unspecified knee 
M25.473,Effusion unspecified ankle 
M25.48,Effusion other site 
M25.40,Effusion unspecified joint 
M25.00,Hemarthrosis unspecified joint 
M25.019,Hemarthrosis unspecified shoulder 
M25.029,Hemarthrosis unspecified elbow 
M25.039,Hemarthrosis unspecified wrist 
M25.049,Hemarthrosis unspecified hand 
M25.059,Hemarthrosis unspecified hip 
M25.069,Hemarthrosis unspecified knee 
M25.073,Hemarthrosis unspecified ankle 
M25.08,Hemarthrosis other specified site 
M25.00,Hemarthrosis unspecified joint 
M12.20,Villonodular synovitis (pigmented) unspecified site 
M12.219,Villonodular synovitis (pigmented) unspecified shoulder 
M12.229,Villonodular synovitis (pigmented) unspecified elbow 
M12.239,Villonodular synovitis (pigmented) unspecified wrist 
M12.249,Villonodular synovitis (pigmented) unspecified hand 
M12.259,Villonodular synovitis (pigmented) unspecified hip 
M12.269,Villonodular synovitis (pigmented) unspecified knee 
M12.279,Villonodular synovitis (pigmented) unspecified ankle and foot 
M12.28,Villonodular synovitis (pigmented) other specified site 
M12.29,Villonodular synovitis (pigmented) multiple sites 
M12.30,Palindromic rheumatism unspecified site 
M12.319,Palindromic rheumatism unspecified shoulder 
M12.329,Palindromic rheumatism unspecified elbow 
M12.339,Palindromic rheumatism unspecified wrist 
M12.349,Palindromic rheumatism unspecified hand 
M12.359,Palindromic rheumatism unspecified hip 
M12.369,Palindromic rheumatism unspecified knee 
M12.379,Palindromic rheumatism unspecified ankle and foot 
M12.38,Palindromic rheumatism other specified site 
M12.39,Palindromic rheumatism multiple sites 
M25.50,Pain in unspecified joint 
M25.519,Pain in unspecified shoulder 
M25.529,Pain in unspecified elbow 
M25.539,Pain in unspecified wrist 
M79.646,Pain in unspecified finger(s) 
M25.559,Pain in unspecified hip 
M25.569,Pain in unspecified knee 
M25.579,Pain in unspecified ankle and joints of unspecified foot 
M25.50,Pain in unspecified joint 
M25.50,Pain in unspecified joint 
M25.60,Stiffness of unspecified joint not elsewhere classified 
M25.619,Stiffness of unspecified shoulder not elsewhere classified 
M25.629,Stiffness of unspecified elbow not elsewhere classified 
M25.639,Stiffness of unspecified wrist not elsewhere classified 
M25.649,Stiffness of unspecified hand not elsewhere classified 
M25.659,Stiffness of unspecified hip not elsewhere classified 
M25.669,Stiffness of unspecified knee not elsewhere classified 
M25.673,Stiffness of unspecified ankle not elsewhere classified 
M25.60,Stiffness of unspecified joint not elsewhere classified 
M25.60,Stiffness of unspecified joint not elsewhere classified 
R29.898,Other symptoms and signs involving the musculoskeletal system 
R29.898,Other symptoms and signs involving the musculoskeletal system 
R29.898,Other symptoms and signs involving the musculoskeletal system 
R29.898,Other symptoms and signs involving the musculoskeletal system 
R29.898,Other symptoms and signs involving the musculoskeletal system 
R29.4,Clicking hip 
R29.898,Other symptoms and signs involving the musculoskeletal system 
R29.898,Other symptoms and signs involving the musculoskeletal system 
R29.898,Other symptoms and signs involving the musculoskeletal system 
R29.898,Other symptoms and signs involving the musculoskeletal system 
R26.2,Difficulty in walking not elsewhere classified 
M25.80,Other specified joint disorders unspecified joint 
M25.119,Fistula unspecified shoulder 
M25.829,Other specified joint disorders unspecified elbow 
M25.839,Other specified joint disorders unspecified wrist 
M25.849,Other specified joint disorders unspecified hand 
M25.859,Other specified joint disorders unspecified hip 
M25.869,Other specified joint disorders unspecified knee 
M25.879,Other specified joint disorders unspecified ankle and foot 
M25.18,Fistula other specified site 
M25.10,Fistula unspecified joint 
M25.9,Joint disorder unspecified 
M25.9,Joint disorder unspecified 
M25.9,Joint disorder unspecified 
M25.9,Joint disorder unspecified 
M25.9,Joint disorder unspecified 
M25.9,Joint disorder unspecified 
M25.9,Joint disorder unspecified 
M25.9,Joint disorder unspecified 
M25.9,Joint disorder unspecified 
M25.9,Joint disorder unspecified 
M45.9,Ankylosing spondylitis of unspecified sites in spine 
M46.00,Spinal enthesopathy site unspecified 
M46.1,Sacroiliitis not elsewhere classified 
M49.80,Spondylopathy in diseases classified elsewhere site unspecified 
M46.80,Other specified inflammatory spondylopathies site unspecified 
M46.90,Unspecified inflammatory spondylopathy site unspecified 
M47.812,Spondylosis without myelopathy or radiculopathy cervical region 
M47.12,Other spondylosis with myelopathy cervical region 
M47.814,Spondylosis without myelopathy or radiculopathy thoracic region 
M47.817,Spondylosis without myelopathy or radiculopathy lumbosacral region 
M47.14,Other spondylosis with myelopathy thoracic region 
M47.16,Other spondylosis with myelopathy lumbar region 
M48.20,Kissing spine site unspecified 
M48.10,Ankylosing hyperostosis [Forestier] site unspecified 
M48.30,Traumatic spondylopathy site unspecified 
M48.9,Spondylopathy unspecified 
M47.819,Spondylosis without myelopathy or radiculopathy site unspecified 
M47.10,Other spondylosis with myelopathy site unspecified 
M50.20,Other cervical disc displacement unspecified cervical region 
M51.26,Other intervertebral disc displacement lumbar region 
M51.24,Other intervertebral disc displacement thoracic region 
M51.9,Unspecified thoracic thoracolumbar and lumbosacral intervertebral disc disorder 
M51.9,Unspecified thoracic thoracolumbar and lumbosacral intervertebral disc disorder 
M51.44,Schmorl's nodes thoracic region 
M51.46,Schmorl's nodes lumbar region 
M51.9,Unspecified thoracic thoracolumbar and lumbosacral intervertebral disc disorder 
M50.30,Other cervical disc degeneration unspecified cervical region 
M51.34,Other intervertebral disc degeneration thoracic region 
M51.36,Other intervertebral disc degeneration lumbar region 
M51.34,Other intervertebral disc degeneration thoracic region 
M51.9,Unspecified thoracic thoracolumbar and lumbosacral intervertebral disc disorder 
M50.00,Cervical disc disorder with myelopathy unspecified cervical region 
M51.04,Intervertebral disc disorders with myelopathy thoracic region 
M51.06,Intervertebral disc disorders with myelopathy lumbar region 
M96.1,Postlaminectomy syndrome not elsewhere classified 
M96.1,Postlaminectomy syndrome not elsewhere classified 
M96.1,Postlaminectomy syndrome not elsewhere classified 
M96.1,Postlaminectomy syndrome not elsewhere classified 
M46.40,Discitis unspecified site unspecified 
M50.90,Cervical disc disorder unspecified unspecified cervical region 
M46.45,Discitis unspecified thoracolumbar region 
M46.47,Discitis unspecified lumbosacral region 
M48.02,Spinal stenosis cervical region 
M54.2,Cervicalgia 
M53.0,Cervicocranial syndrome 
M53.1,Cervicobrachial syndrome 
M54.12,Radiculopathy cervical region 
M43.6,Torticollis 
M54.02,Panniculitis affecting regions of neck and back cervical region 
M67.88,Other specified disorders of synovium and tendon other site 
M53.82,Other specified dorsopathies cervical region 
M53.82,Other specified dorsopathies cervical region 
M48.00,Spinal stenosis site unspecified 
M48.04,Spinal stenosis thoracic region 
M48.06,Spinal stenosis lumbar region 
M48.06,Spinal stenosis lumbar region 
M48.08,Spinal stenosis sacral and sacrococcygeal region 
M54.6,Pain in thoracic spine 
M54.5,Low back pain 
M54.30,Sciatica unspecified side 
M54.14,Radiculopathy thoracic region 
M54.89,Other dorsalgia 
M43.27,Fusion of spine lumbosacral region 
M53.3,Sacrococcygeal disorders not elsewhere classified 
M53.2X8,Spinal instabilities sacral and sacrococcygeal region 
M53.3,Sacrococcygeal disorders not elsewhere classified 
M54.08,Panniculitis affecting regions of neck and back sacral and sacrococcygeal region 
M53.9,Dorsopathy unspecified 
M35.3,Polymyalgia rheumatica 
M75.00,Adhesive capsulitis of unspecified shoulder 
M75.100,Unspecified rotator cuff tear or rupture of unspecified shoulder not specified as traumatic 
M75.30,Calcific tendinitis of unspecified shoulder 
M75.20,Bicipital tendinitis unspecified shoulder 
M75.110,Incomplete rotator cuff tear or rupture of unspecified shoulder not specified as traumatic 
M75.80,Other shoulder lesions unspecified shoulder 
M75.40,Impingement syndrome of unspecified shoulder 
M25.729,Osteophyte unspecified elbow 
M77.00,Medial epicondylitis unspecified elbow 
M77.10,Lateral epicondylitis unspecified elbow 
M70.20,Olecranon bursitis unspecified elbow 
M70.30,Other bursitis of elbow unspecified elbow 
M70.10,Bursitis unspecified hand 
M70.70,Other bursitis of hip unspecified hip 
M70.50,Other bursitis of knee unspecified knee 
M76.899,Other specified enthesopathies of unspecified lower limb excluding foot 
M76.40,Tibial collateral bursitis [Pellegrini-Stieda] unspecified leg 
M76.899,Other specified enthesopathies of unspecified lower limb excluding foot 
M76.50,Patellar tendinitis unspecified knee 
M70.40,Prepatellar bursitis unspecified knee 
M76.899,Other specified enthesopathies of unspecified lower limb excluding foot 
M76.899,Other specified enthesopathies of unspecified lower limb excluding foot 
M76.60,Achilles tendinitis unspecified leg 
M76.829,Posterior tibial tendinitis unspecified leg 
M77.30,Calcaneal spur unspecified foot 
M77.50,Other enthesopathy of unspecified foot 
M77.8,Other enthesopathies not elsewhere classified 
M77.9,Enthesopathy unspecified 
M25.70,Osteophyte unspecified joint 
M65.9,Synovitis and tenosynovitis unspecified 
M65.80,Other synovitis and tenosynovitis unspecified site 
D48.1,Neoplasm of uncertain behavior of connective and other soft tissue 
M65.30,Trigger finger unspecified finger 
M65.4,Radial styloid tenosynovitis [de Quervain] 
M65.849,Other synovitis and tenosynovitis unspecified hand 
M65.879,Other synovitis and tenosynovitis unspecified ankle and foot 
M65.80,Other synovitis and tenosynovitis unspecified site 
M20.10,Hallux valgus (acquired) unspecified foot 
M70.039,Crepitant synovitis (acute) (chronic) unspecified wrist 
M71.50,Other bursitis not elsewhere classified unspecified site 
M71.30,Other bursal cyst unspecified site 
M67.419,Ganglion unspecified shoulder 
M67.419,Ganglion unspecified shoulder 
M67.40,Ganglion unspecified site 
M71.30,Other bursal cyst unspecified site 
M66.10,Rupture of synovium unspecified joint 
M71.20,Synovial cyst of popliteal space [Baker] unspecified knee 
M66.18,Rupture of synovium other site 
M66.9,Spontaneous rupture of unspecified tendon 
M75.120,Complete rotator cuff tear or rupture of unspecified shoulder not specified as traumatic 
M66.829,Spontaneous rupture of other tendons unspecified upper arm 
M66.239,Spontaneous rupture of extensor tendons unspecified forearm 
M66.339,Spontaneous rupture of flexor tendons unspecified forearm 
M66.259,Spontaneous rupture of extensor tendons unspecified thigh 
M66.269,Spontaneous rupture of extensor tendons unspecified lower leg 
M66.369,Spontaneous rupture of flexor tendons unspecified lower leg 
M66.879,Spontaneous rupture of other tendons unspecified ankle and foot 
M66.88,Spontaneous rupture of other tendons other 
M67.00,Short Achilles tendon (acquired) unspecified ankle 
M71.40,Calcium deposit in bursa unspecified site 
M67.50,Plica syndrome unspecified knee 
M67.80,Other specified disorders of synovium and tendon unspecified site 
M71.9,Bursopathy unspecified 
M60.009,Infective myositis unspecified site 
M61.9,Calcification and ossification of muscle unspecified 
M61.10,Myositis ossificans progressiva unspecified site 
M61.00,Myositis ossificans traumatica unspecified site 
M61.40,Other calcification of muscle unspecified site 
M61.59,Other ossification of muscle multiple sites 
M62.50,Muscle wasting and atrophy not elsewhere classified unspecified site 
M62.3,Immobility syndrome (paraplegic) 
M24.20,Disorder of ligament unspecified site 
M35.7,Hypermobility syndrome 
M72.0,Palmar fascial fibromatosis [Dupuytren] 
M72.2,Plantar fascial fibromatosis 
M72.4,Pseudosarcomatous fibromatosis 
M60.10,Interstitial myositis of unspecified site 
M60.20,Foreign body granuloma of soft tissue not elsewhere classified unspecified site 
M62.10,Other rupture of muscle (nontraumatic) unspecified site 
M62.00,Separation of muscle (nontraumatic) unspecified site 
M62.838,Other muscle spasm 
M72.6,Necrotizing fasciitis 
M62.81,Muscle weakness (generalized) 
M62.82,Rhabdomyolysis 
M62.89,Other specified disorders of muscle 
M62.9,Disorder of muscle unspecified 
M79.0,Rheumatism unspecified 
M60.9,Myositis unspecified 
M79.2,Neuralgia and neuritis unspecified 
M79.3,Panniculitis unspecified 
M79.4,Hypertrophy of (infrapatellar) fat pad 
M79.3,Panniculitis unspecified 
M72.9,Fibroblastic disorder unspecified 
M79.609,Pain in unspecified limb 
M79.5,Residual foreign body in soft tissue 
M79.A19,Nontraumatic compartment syndrome of unspecified upper extremity 
M79.A29,Nontraumatic compartment syndrome of unspecified lower extremity 
M79.A3,Nontraumatic compartment syndrome of abdomen 
M79.A9,Nontraumatic compartment syndrome of other sites 
M79.89,Other specified soft tissue disorders 
R25.2,Cramp and spasm 
R29.898,Other symptoms and signs involving the musculoskeletal system 
M79.9,Soft tissue disorder unspecified 
M70.98,Unspecified soft tissue disorder related to use overuse and pressure other 
M79.81,Nontraumatic hematoma of soft tissue 
M79.89,Other specified soft tissue disorders 
M86.20,Subacute osteomyelitis unspecified site 
M86.119,Other acute osteomyelitis unspecified shoulder 
M86.129,Other acute osteomyelitis unspecified humerus 
M86.139,Other acute osteomyelitis unspecified radius and ulna 
M86.149,Other acute osteomyelitis unspecified hand 
M86.159,Other acute osteomyelitis unspecified femur 
M86.169,Other acute osteomyelitis unspecified tibia and fibula 
M86.179,Other acute osteomyelitis unspecified ankle and foot 
M86.18,Other acute osteomyelitis other site 
M86.19,Other acute osteomyelitis multiple sites 
M86.60,Other chronic osteomyelitis unspecified site 
M86.619,Other chronic osteomyelitis unspecified shoulder 
M86.629,Other chronic osteomyelitis unspecified humerus 
M86.639,Other chronic osteomyelitis unspecified radius and ulna 
M86.642,Other chronic osteomyelitis left hand 
M86.659,Other chronic osteomyelitis unspecified thigh 
M86.669,Other chronic osteomyelitis unspecified tibia and fibula 
M86.679,Other chronic osteomyelitis unspecified ankle and foot 
M86.68,Other chronic osteomyelitis other site 
M86.69,Other chronic osteomyelitis multiple sites 
M86.9,Osteomyelitis unspecified 
M86.9,Osteomyelitis unspecified 
M86.9,Osteomyelitis unspecified 
M86.9,Osteomyelitis unspecified 
M86.9,Osteomyelitis unspecified 
M86.9,Osteomyelitis unspecified 
M86.9,Osteomyelitis unspecified 
M86.9,Osteomyelitis unspecified 
M46.20,Osteomyelitis of vertebra site unspecified 
M86.9,Osteomyelitis unspecified 
M86.9,Osteomyelitis unspecified 
M86.9,Osteomyelitis unspecified 
M86.9,Osteomyelitis unspecified 
M86.9,Osteomyelitis unspecified 
M86.9,Osteomyelitis unspecified 
M86.9,Osteomyelitis unspecified 
M86.9,Osteomyelitis unspecified 
M86.9,Osteomyelitis unspecified 
M86.9,Osteomyelitis unspecified 
M86.9,Osteomyelitis unspecified 
M89.60,Osteopathy after poliomyelitis unspecified site 
M89.619,Osteopathy after poliomyelitis unspecified shoulder 
M89.629,Osteopathy after poliomyelitis unspecified upper arm 
M89.639,Osteopathy after poliomyelitis unspecified forearm 
M89.649,Osteopathy after poliomyelitis unspecified hand 
M89.659,Osteopathy after poliomyelitis unspecified thigh 
M89.669,Osteopathy after poliomyelitis unspecified lower leg 
M89.679,Osteopathy after poliomyelitis unspecified ankle and foot 
M89.68,Osteopathy after poliomyelitis other site 
M89.69,Osteopathy after poliomyelitis multiple sites 
M90.80,Osteopathy in diseases classified elsewhere unspecified site 
M90.819,Osteopathy in diseases classified elsewhere unspecified shoulder 
M90.829,Osteopathy in diseases classified elsewhere unspecified upper arm 
M90.839,Osteopathy in diseases classified elsewhere unspecified forearm 
M90.849,Osteopathy in diseases classified elsewhere unspecified hand 
M90.859,Osteopathy in diseases classified elsewhere unspecified thigh 
M90.869,Osteopathy in diseases classified elsewhere unspecified lower leg 
M90.879,Osteopathy in diseases classified elsewhere unspecified ankle and foot 
M90.88,Osteopathy in diseases classified elsewhere other site 
M90.89,Osteopathy in diseases classified elsewhere multiple sites 
M86.9,Osteomyelitis unspecified 
M86.9,Osteomyelitis unspecified 
M86.9,Osteomyelitis unspecified 
M86.9,Osteomyelitis unspecified 
M86.9,Osteomyelitis unspecified 
M86.9,Osteomyelitis unspecified 
M86.9,Osteomyelitis unspecified 
M86.9,Osteomyelitis unspecified 
M46.30,Infection of intervertebral disc (pyogenic) site unspecified 
M86.9,Osteomyelitis unspecified 
M88.9,Osteitis deformans of unspecified bone 
M90.60,Osteitis deformans in neoplastic diseases unspecified site 
M89.40,Other hypertrophic osteoarthropathy unspecified site 
M89.70,Major osseous defect unspecified site 
M90.80,Osteopathy in diseases classified elsewhere unspecified site 
M42.00,Juvenile osteochondrosis of spine site unspecified 
M91.80,Other juvenile osteochondrosis of hip and pelvis unspecified leg 
M93.003,Unspecified slipped upper femoral epiphysis (nontraumatic) unspecified hip 
M92.30,Other juvenile osteochondrosis unspecified upper limb 
M92.40,Juvenile osteochondrosis of patella unspecified knee 
M92.70,Juvenile osteochondrosis of metatarsus unspecified foot 
M92.8,Other specified juvenile osteochondrosis 
M93.20,Osteochondritis dissecans of unspecified site 
M93.80,Other specified osteochondropathies of unspecified site 
M93.90,Osteochondropathy unspecified of unspecified site 
M81.0,Age-related osteoporosis without current pathological fracture 
M81.0,Age-related osteoporosis without current pathological fracture 
M81.8,Other osteoporosis without current pathological fracture 
M81.8,Other osteoporosis without current pathological fracture 
M81.8,Other osteoporosis without current pathological fracture 
M84.40xA,Pathological fracture unspecified site initial encounter for fracture 
M84.429A,Pathological fracture unspecified humerus initial encounter for fracture 
M84.439A,Pathological fracture unspecified ulna and radius initial encounter for fracture 
M80.08xA,Age-related osteoporosis with current pathological fracture vertebra(e) initial encounter for fracture 
M84.459A,Pathological fracture hip unspecified initial encounter for fracture 
M84.453A,Pathological fracture unspecified femur initial encounter for fracture 
M84.469A,Pathological fracture unspecified tibia and fibula initial encounter for fracture 
M84.419A,Pathological fracture unspecified shoulder initial encounter for fracture 
M85.60,Other cyst of bone unspecified site 
M85.40,Solitary bone cyst unspecified site 
M85.50,Aneurysmal bone cyst unspecified site 
M85.60,Other cyst of bone unspecified site 
M85.2,Hyperostosis of skull 
M87.00,Idiopathic aseptic necrosis of unspecified bone 
M87.029,Idiopathic aseptic necrosis of unspecified humerus 
M87.059,Idiopathic aseptic necrosis of unspecified femur 
M87.059,Idiopathic aseptic necrosis of unspecified femur 
M87.076,Idiopathic aseptic necrosis of unspecified foot 
M87.08,Idiopathic aseptic necrosis of bone other site 
M87.08,Idiopathic aseptic necrosis of bone other site 
M85.30,Osteitis condensans unspecified site 
M94.0,Chondrocostal junction syndrome [Tietze] 
M89.00,Algoneurodystrophy unspecified site 
S42.90xP,Fracture of unspecified shoulder girdle part unspecified subsequent encounter for fracture with malunion 
S42.90xK,Fracture of unspecified shoulder girdle part unspecified subsequent encounter for fracture with nonunion 
M89.9,Disorder of bone unspecified 
M89.129,Physeal arrest humerus unspecified 
M94.20,Chondromalacia unspecified site 
M84.369A,Stress fracture unspecified tibia and fibula initial encounter for fracture 
M84.376A,Stress fracture unspecified foot initial encounter for fracture 
M84.339A,Stress fracture unspecified ulna and radius initial encounter for fracture 
M84.359A,Stress fracture hip unspecified initial encounter for fracture 
M84.353A,Stress fracture unspecified femur initial encounter for fracture 
M84.350A,Stress fracture pelvis initial encounter for fracture 
M89.30,Hypertrophy of bone unspecified site 
M21.40,Flat foot [pes planus] (acquired) unspecified foot 
M20.10,Hallux valgus (acquired) unspecified foot 
M20.30,Hallux varus (acquired) unspecified foot 
M20.20,Hallux rigidus unspecified foot 
M20.40,Other hammer toe(s) (acquired) unspecified foot 
M20.40,Other hammer toe(s) (acquired) unspecified foot 
M20.5X9,Other deformities of toe(s) (acquired) unspecified foot 
M20.5X9,Other deformities of toe(s) (acquired) unspecified foot 
M20.60,Acquired deformities of toe(s) unspecified unspecified foot 
M21.939,Unspecified acquired deformity of unspecified forearm 
M21.029,Valgus deformity not elsewhere classified unspecified elbow 
M21.129,Varus deformity not elsewhere classified unspecified elbow 
M21.839,Other specified acquired deformities of unspecified forearm 
M21.839,Other specified acquired deformities of unspecified forearm 
M21.339,Wrist drop unspecified wrist 
M21.519,Acquired clawhand unspecified hand 
M21.529,Acquired clubhand unspecified hand 
M21.839,Other specified acquired deformities of unspecified forearm 
M20.019,Mallet finger of unspecified finger(s) 
M20.009,Unspecified deformity of unspecified finger(s) 
M20.029,Boutonniere deformity of unspecified finger(s) 
M20.039,Swan-neck deformity of unspecified finger(s) 
M20.099,Other deformity of finger(s) unspecified finger(s) 
M21.959,Unspecified acquired deformity of unspecified thigh 
M21.059,Valgus deformity not elsewhere classified unspecified hip 
M21.159,Varus deformity not elsewhere classified unspecified 
M21.859,Other specified acquired deformities of unspecified thigh 
M21.069,Valgus deformity not elsewhere classified unspecified knee 
M21.169,Varus deformity not elsewhere classified unspecified knee 
M21.869,Other specified acquired deformities of unspecified lower leg 
M21.869,Other specified acquired deformities of unspecified lower leg 
M21.969,Unspecified acquired deformity of unspecified lower leg 
M21.549,Acquired clubfoot unspecified foot 
M21.6X9,Other acquired deformities of unspecified foot 
M21.6X9,Other acquired deformities of unspecified foot 
M21.539,Acquired clawfoot unspecified foot 
M21.6X9,Other acquired deformities of unspecified foot 
M21.6X9,Other acquired deformities of unspecified foot 
M21.6X9,Other acquired deformities of unspecified foot 
M21.759,Unequal limb length (acquired) unspecified femur 
M21.969,Unspecified acquired deformity of unspecified lower leg 
M21.90,Unspecified acquired deformity of unspecified limb 
M40.00,Postural kyphosis site unspecified 
M40.00,Postural kyphosis site unspecified 
M96.2,Postradiation kyphosis 
M96.3,Postlaminectomy kyphosis 
M40.299,Other kyphosis site unspecified 
M40.40,Postural lordosis site unspecified 
M96.4,Postsurgical lordosis 
M96.4,Postsurgical lordosis 
M40.50,Lordosis unspecified site unspecified 
M41.20,Other idiopathic scoliosis site unspecified 
M41.00,Infantile idiopathic scoliosis site unspecified 
M41.00,Infantile idiopathic scoliosis site unspecified 
M96.5,Postradiation scoliosis 
M41.30,Thoracogenic scoliosis site unspecified 
M41.80,Other forms of scoliosis site unspecified 
M43.8X9,Other specified deforming dorsopathies site unspecified 
M40.10,Other secondary kyphosis site unspecified 
M40.50,Lordosis unspecified site unspecified 
M41.40,Neuromuscular scoliosis site unspecified 
M43.8X9,Other specified deforming dorsopathies site unspecified 
M43.8X9,Other specified deforming dorsopathies site unspecified 
M95.0,Acquired deformity of nose 
M95.2,Other acquired deformity of head 
M89.38,Hypertrophy of bone other site 
M89.8X8,Other specified disorders of bone other site 
M95.2,Other acquired deformity of head 
M95.3,Acquired deformity of neck 
M95.4,Acquired deformity of chest and rib 
M43.00,Spondylolysis site unspecified 
M99.83,Other biomechanical lesions of lumbar region 
M95.5,Acquired deformity of pelvis 
M95.10,Cauliflower ear unspecified ear 
M95.8,Other specified acquired deformities of musculoskeletal system 
M95.9,Acquired deformity of musculoskeletal system unspecified 
M99.00,Segmental and somatic dysfunction of head region 
M99.01,Segmental and somatic dysfunction of cervical region 
M99.02,Segmental and somatic dysfunction of thoracic region 
M99.03,Segmental and somatic dysfunction of lumbar region 
M99.04,Segmental and somatic dysfunction of sacral region 
M99.05,Segmental and somatic dysfunction of pelvic region 
M99.06,Segmental and somatic dysfunction of lower extremity 
M99.07,Segmental and somatic dysfunction of upper extremity 
M99.08,Segmental and somatic dysfunction of rib cage 
M99.09,Segmental and somatic dysfunction of abdomen and other regions 
Q00.0,Anencephaly 
Q00.1,Craniorachischisis 
Q00.2,Iniencephaly 
Q05.4,Unspecified spina bifida with hydrocephalus 
Q05.0,Cervical spina bifida with hydrocephalus 
Q05.1,Thoracic spina bifida with hydrocephalus 
Q05.2,Lumbar spina bifida with hydrocephalus 
Q05.8,Sacral spina bifida without hydrocephalus 
Q05.5,Cervical spina bifida without hydrocephalus 
Q05.6,Thoracic spina bifida without hydrocephalus 
Q05.7,Lumbar spina bifida without hydrocephalus 
Q01.9,Encephalocele unspecified 
Q02,Microcephaly 
Q04.3,Other reduction deformities of brain 
Q03.8,Other congenital hydrocephalus 
Q04.8,Other specified congenital malformations of brain 
Q06.2,Diastematomyelia 
Q06.4,Hydromyelia 
Q06.8,Other specified congenital malformations of spinal cord 
Q07.8,Other specified congenital malformations of nervous system 
Q07.9,Congenital malformation of nervous system unspecified 
Q11.1,Other anophthalmos 
Q11.0,Cystic eyeball 
Q11.2,Microphthalmos 
Q11.2,Microphthalmos 
Q11.2,Microphthalmos 
Q11.2,Microphthalmos 
Q15.0,Congenital glaucoma 
Q15.0,Congenital glaucoma 
Q15.0,Congenital glaucoma 
Q12.0,Congenital cataract 
Q12.0,Congenital cataract 
Q12.0,Congenital cataract 
Q12.0,Congenital cataract 
Q12.0,Congenital cataract 
Q12.3,Congenital aphakia 
Q12.4,Spherophakia 
Q12.1,Congenital displaced lens 
Q12.9,Congenital lens malformation unspecified 
Q13.4,Other congenital corneal malformations 
Q13.3,Congenital corneal opacity 
Q13.3,Congenital corneal opacity 
Q13.81,Rieger's anomaly 
Q13.1,Absence of iris 
Q13.0,Coloboma of iris 
Q13.5,Blue sclera 
Q13.89,Other congenital malformations of anterior segment of eye 
Q13.89,Other congenital malformations of anterior segment of eye 
Q14.0,Congenital malformation of vitreous humor 
Q14.8,Other congenital malformations of posterior segment of eye 
Q14.3,Congenital malformation of choroid 
Q14.8,Other congenital malformations of posterior segment of eye 
Q14.8,Other congenital malformations of posterior segment of eye 
Q14.1,Congenital malformation of retina 
Q14.2,Congenital malformation of optic disc 
Q14.8,Other congenital malformations of posterior segment of eye 
Q14.8,Other congenital malformations of posterior segment of eye 
Q10.0,Congenital ptosis 
Q10.1,Congenital ectropion 
Q10.3,Other congenital malformations of eyelid 
Q10.6,Other congenital malformations of lacrimal apparatus 
Q10.6,Other congenital malformations of lacrimal apparatus 
Q10.7,Congenital malformation of orbit 
Q10.3,Other congenital malformations of eyelid 
Q15.8,Other specified congenital malformations of eye 
Q15.9,Congenital malformation of eye unspecified 
Q16.9,Congenital malformation of ear causing impairment of hearing unspecified 
Q16.0,Congenital absence of (ear) auricle 
Q16.1,Congenital absence atresia and stricture of auditory canal (external) 
Q16.4,Other congenital malformations of middle ear 
Q16.3,Congenital malformation of ear ossicles 
Q16.5,Congenital malformation of inner ear 
Q16.9,Congenital malformation of ear causing impairment of hearing unspecified 
Q17.0,Accessory auricle 
Q17.8,Other specified congenital malformations of ear 
Q17.1,Macrotia 
Q17.2,Microtia 
Q16.2,Absence of eustachian tube 
Q17.3,Other misshapen ear 
Q17.9,Congenital malformation of ear unspecified 
Q18.0,Sinus fistula and cyst of branchial cleft 
Q18.0,Sinus fistula and cyst of branchial cleft 
Q18.2,Other branchial cleft malformations 
Q18.1,Preauricular sinus and cyst 
Q18.1,Preauricular sinus and cyst 
Q18.2,Other branchial cleft malformations 
Q18.3,Webbing of neck 
Q18.6,Macrocheilia 
Q18.7,Microcheilia 
Q18.4,Macrostomia 
Q18.5,Microstomia 
Q18.8,Other specified congenital malformations of face and neck 
Q18.9,Congenital malformation of face and neck unspecified 
Q20.0,Common arterial trunk 
Q20.3,Discordant ventriculoarterial connection 
Q20.1,Double outlet right ventricle 
Q20.5,Discordant atrioventricular connection 
Q20.3,Discordant ventriculoarterial connection 
Q21.3,Tetralogy of Fallot 
Q20.4,Double inlet ventricle 
Q21.0,Ventricular septal defect 
Q21.1,Atrial septal defect 
Q21.2,Atrioventricular septal defect 
Q21.2,Atrioventricular septal defect 
Q21.2,Atrioventricular septal defect 
Q20.8,Other congenital malformations of cardiac chambers and connections 
Q20.8,Other congenital malformations of cardiac chambers and connections 
Q21.9,Congenital malformation of cardiac septum unspecified 
Q22.3,Other congenital malformations of pulmonary valve 
Q22.0,Pulmonary valve atresia 
Q22.1,Congenital pulmonary valve stenosis 
Q22.2,Congenital pulmonary valve insufficiency 
Q22.9,Congenital malformation of tricuspid valve unspecified 
Q22.5,Ebstein's anomaly 
Q23.0,Congenital stenosis of aortic valve 
Q23.1,Congenital insufficiency of aortic valve 
Q23.2,Congenital mitral stenosis 
Q23.3,Congenital mitral insufficiency 
Q23.4,Hypoplastic left heart syndrome 
Q24.4,Congenital subaortic stenosis 
Q24.2,Cor triatriatum 
Q24.3,Pulmonary infundibular stenosis 
Q24.8,Other specified congenital malformations of heart 
Q24.5,Malformation of coronary vessels 
Q24.6,Congenital heart block 
Q24.8,Other specified congenital malformations of heart 
Q23.8,Other congenital malformations of aortic and mitral valves 
Q20.9,Congenital malformation of cardiac chambers and connections unspecified 
Q25.0,Patent ductus arteriosus 
Q25.1,Coarctation of aorta 
Q25.2,Atresia of aorta 
Q25.4,Other congenital malformations of aorta 
Q25.4,Other congenital malformations of aorta 
Q25.2,Atresia of aorta 
Q25.4,Other congenital malformations of aorta 
Q25.71,Coarctation of pulmonary artery 
Q25.72,Congenital pulmonary arteriovenous malformation 
Q25.6,Stenosis of pulmonary artery 
Q26.9,Congenital malformation of great vein unspecified 
Q26.2,Total anomalous pulmonary venous connection 
Q26.3,Partial anomalous pulmonary venous connection 
Q26.8,Other congenital malformations of great veins 
Q27.0,Congenital absence and hypoplasia of umbilical artery 
Q27.9,Congenital malformation of peripheral vascular system unspecified 
Q26.5,Anomalous portal venous connection 
Q27.2,Other congenital malformations of renal artery 
Q27.31,Arteriovenous malformation of vessel of upper limb 
Q27.32,Arteriovenous malformation of vessel of lower limb 
Q27.8,Other specified congenital malformations of peripheral vascular system 
Q28.3,Other malformations of cerebral vessels 
Q27.9,Congenital malformation of peripheral vascular system unspecified 
P29.3,Persistent fetal circulation 
Q28.8,Other specified congenital malformations of circulatory system 
Q28.9,Congenital malformation of circulatory system unspecified 
Q30.0,Choanal atresia 
Q30.8,Other congenital malformations of nose 
Q31.0,Web of larynx 
Q31.1,Congenital subglottic stenosis 
Q33.0,Congenital cystic lung 
Q33.6,Congenital hypoplasia and dysplasia of lung 
Q33.9,Congenital malformation of lung unspecified 
Q33.4,Congenital bronchiectasis 
Q33.1,Accessory lobe of lung 
Q34.8,Other specified congenital malformations of respiratory system 
Q34.9,Congenital malformation of respiratory system unspecified 
Q35.9,Cleft palate unspecified 
Q35.9,Cleft palate unspecified 
Q35.7,Cleft uvula 
Q35.9,Cleft palate unspecified 
Q35.9,Cleft palate unspecified 
Q36.9,Cleft lip unilateral 
Q36.9,Cleft lip unilateral 
Q36.9,Cleft lip unilateral 
Q36.0,Cleft lip bilateral 
Q36.0,Cleft lip bilateral 
Q37.9,Unspecified cleft palate with unilateral cleft lip 
Q37.9,Unspecified cleft palate with unilateral cleft lip 
Q37.9,Unspecified cleft palate with unilateral cleft lip 
Q37.8,Unspecified cleft palate with bilateral cleft lip 
Q37.8,Unspecified cleft palate with bilateral cleft lip 
Q37.9,Unspecified cleft palate with unilateral cleft lip 
Q38.1,Ankyloglossia 
Q38.3,Other congenital malformations of tongue 
Q38.3,Other congenital malformations of tongue 
Q38.3,Other congenital malformations of tongue 
Q38.3,Other congenital malformations of tongue 
Q38.2,Macroglossia 
Q38.3,Other congenital malformations of tongue 
Q38.3,Other congenital malformations of tongue 
Q38.4,Congenital malformations of salivary glands and ducts 
Q38.4,Congenital malformations of salivary glands and ducts 
Q38.4,Congenital malformations of salivary glands and ducts 
Q38.4,Congenital malformations of salivary glands and ducts 
Q38.0,Congenital malformations of lips not elsewhere classified 
Q38.6,Other congenital malformations of mouth 
Q38.7,Congenital pharyngeal pouch 
Q38.8,Other congenital malformations of pharynx 
Q39.1,Atresia of esophagus with tracheo-esophageal fistula 
Q39.5,Congenital dilatation of esophagus 
Q40.0,Congenital hypertrophic pyloric stenosis 
Q40.1,Congenital hiatus hernia 
Q40.2,Other specified congenital malformations of stomach 
Q40.8,Other specified congenital malformations of upper alimentary tract 
Q38.5,Congenital malformations of palate not elsewhere classified 
Q43.0,Meckel's diverticulum (displaced) (hypertrophic) 
Q41.9,Congenital absence atresia and stenosis of small intestine part unspecified 
Q42.9,Congenital absence atresia and stenosis of large intestine part unspecified 
Q43.1,Hirschsprung's disease 
Q43.3,Congenital malformations of intestinal fixation 
Q43.4,Duplication of intestine 
Q44.1,Other congenital malformations of gallbladder 
Q44.2,Atresia of bile ducts 
Q44.6,Cystic disease of liver 
Q44.1,Other congenital malformations of gallbladder 
Q45.1,Annular pancreas 
Q45.8,Other specified congenital malformations of digestive system 
Q45.9,Congenital malformation of digestive system unspecified 
Q50.01,Congenital absence of ovary unilateral 
Q50.6,Other congenital malformations of fallopian tube and broad ligament 
Q50.4,Embryonic cyst of fallopian tube 
Q50.6,Other congenital malformations of fallopian tube and broad ligament 
Q51.2,Other doubling of uterus 
Q51.0,Agenesis and aplasia of uterus 
Q51.811,Hypoplasia of uterus 
Q51.4,Unicornate uterus 
Q51.3,Bicornate uterus 
Q51.2,Other doubling of uterus 
Q51.810,Arcuate uterus 
Q51.818,Other congenital malformations of uterus 
Q52.9,Congenital malformation of female genitalia unspecified 
Q51.6,Embryonic cyst of cervix 
Q52.3,Imperforate hymen 
Q51.5,Agenesis and aplasia of cervix 
Q51.820,Cervical duplication 
Q52.0,Congenital absence of vagina 
Q52.11,Transverse vaginal septum 
Q52.12,Longitudinal vaginal septum 
Q51.828,Other congenital malformations of cervix 
Q53.9,Undescended testicle unspecified 
Q55.22,Retractile testis 
Q54.9,Hypospadias unspecified 
Q64.0,Epispadias 
Q54.4,Congenital chordee 
Q55.62,Hypoplasia of penis 
Q55.64,Hidden penis 
Q55.63,Congenital torsion of penis 
Q56.3,Pseudohermaphroditism unspecified 
Q55.23,Scrotal transposition 
Q55.8,Other specified congenital malformations of male genital organs 
Q52.9,Congenital malformation of female genitalia unspecified 
Q60.2,Renal agenesis unspecified 
Q61.9,Cystic kidney disease unspecified 
Q61.01,Congenital single renal cyst 
Q61.3,Polycystic kidney unspecified 
Q61.2,Polycystic kidney adult type 
Q61.19,Other polycystic kidney infantile type 
Q61.4,Renal dysplasia 
Q61.5,Medullary cystic kidney 
Q61.5,Medullary cystic kidney 
Q61.8,Other cystic kidney diseases 
Q62.39,Other obstructive defects of renal pelvis and ureter 
Q62.11,Congenital occlusion of ureteropelvic junction 
Q62.12,Congenital occlusion of ureterovesical orifice 
Q62.31,Congenital ureterocele orthotopic 
Q62.10,Congenital occlusion of ureter unspecified 
Q63.8,Other specified congenital malformations of kidney 
Q62.4,Agenesis of ureter 
Q64.10,Exstrophy of urinary bladder unspecified 
Q64.39,Other atresia and stenosis of urethra and bladder neck 
Q64.4,Malformation of urachus 
Q64.79,Other congenital malformations of bladder and urethra 
Q64.9,Congenital malformation of urinary system unspecified 
Q67.4,Other congenital deformities of skull face and jaw 
Q68.0,Congenital deformity of sternocleidomastoid muscle 
Q67.5,Congenital deformity of spine 
Q65.00,Congenital dislocation of unspecified hip unilateral 
Q65.1,Congenital dislocation of hip bilateral 
Q65.30,Congenital partial dislocation of unspecified hip unilateral 
Q65.4,Congenital partial dislocation of hip bilateral 
Q65.01,Congenital dislocation of right hip unilateral 
Q65.32,Congenital partial dislocation of left hip unilateral 
Q68.2,Congenital deformity of knee 
Q68.2,Congenital deformity of knee 
Q68.3,Congenital bowing of femur 
Q68.4,Congenital bowing of tibia and fibula 
Q68.5,Congenital bowing of long bones of leg unspecified 
Q66.0,Congenital talipes equinovarus 
Q66.0,Congenital talipes equinovarus 
Q66.2,Congenital metatarsus (primus) varus 
Q66.2,Congenital metatarsus (primus) varus 
Q66.3,Other congenital varus deformities of feet 
Q66.4,Congenital talipes calcaneovalgus 
Q66.50,Congenital pes planus unspecified foot 
Q66.4,Congenital talipes calcaneovalgus 
Q66.6,Other congenital valgus deformities of feet 
Q66.89,Other specified congenital deformities of feet 
Q66.7,Congenital pes cavus 
Q66.89,Other specified congenital deformities of feet 
Q67.6,Pectus excavatum 
Q67.7,Pectus carinatum 
Q68.1,Congenital deformity of finger(s) and hand 
Q69.9,Polydactyly unspecified 
Q69.0,Accessory finger(s) 
Q69.2,Accessory toe(s) 
Q70.4,Polysyndactyly unspecified 
Q70.10,Webbed fingers unspecified hand 
Q70.00,Fused fingers unspecified hand 
Q70.30,Webbed toes unspecified foot 
Q70.20,Fused toes unspecified foot 
Q71.899,Other reduction defects of unspecified upper limb 
Q71.00,Congenital complete absence of unspecified upper limb 
Q71.00,Congenital complete absence of unspecified upper limb 
Q71.10,Congenital absence of unspecified upper arm and forearm with hand present 
Q71.10,Congenital absence of unspecified upper arm and forearm with hand present 
Q71.20,Congenital absence of both forearm and hand unspecified upper limb 
Q71.40,Longitudinal reduction defect of unspecified radius 
Q71.50,Longitudinal reduction defect of unspecified ulna 
Q71.30,Congenital absence of unspecified hand and finger 
Q71.30,Congenital absence of unspecified hand and finger 
Q72.899,Other reduction defects of unspecified lower limb 
Q72.00,Congenital complete absence of unspecified lower limb 
Q72.899,Other reduction defects of unspecified lower limb 
Q72.10,Congenital absence of unspecified thigh and lower leg with foot present 
Q72.40,Longitudinal reduction defect of unspecified femur 
Q72.20,Congenital absence of both lower leg and foot unspecified lower limb 
Q72.50,Longitudinal reduction defect of unspecified tibia 
Q72.60,Longitudinal reduction defect of unspecified fibula 
Q72.30,Congenital absence of unspecified foot and toe(s) 
Q72.30,Congenital absence of unspecified foot and toe(s) 
Q73.8,Other reduction defects of unspecified limb(s) 
Q74.9,Unspecified congenital malformation of limb(s) 
Q68.8,Other specified congenital musculoskeletal deformities 
Q68.8,Other specified congenital musculoskeletal deformities 
Q74.0,Other congenital malformations of upper limb(s) including shoulder girdle 
Q74.0,Other congenital malformations of upper limb(s) including shoulder girdle 
Q87.0,Congenital malformation syndromes predominantly affecting facial appearance 
Q74.0,Other congenital malformations of upper limb(s) including shoulder girdle 
Q74.0,Other congenital malformations of upper limb(s) including shoulder girdle 
Q71.60,Lobster-claw hand unspecified hand 
Q74.0,Other congenital malformations of upper limb(s) including shoulder girdle 
Q74.2,Other congenital malformations of lower limb(s) including pelvic girdle 
Q65.81,Congenital coxa valga 
Q65.82,Congenital coxa vara 
Q65.89,Other specified congenital deformities of hip 
Q68.2,Congenital deformity of knee 
Q74.2,Other congenital malformations of lower limb(s) including pelvic girdle 
Q66.89,Other specified congenital deformities of feet 
Q66.89,Other specified congenital deformities of feet 
Q74.2,Other congenital malformations of lower limb(s) including pelvic girdle 
Q74.8,Other specified congenital malformations of limb(s) 
Q74.9,Unspecified congenital malformation of limb(s) 
Q75.0,Craniosynostosis 
Q76.49,Other congenital malformations of spine not associated with scoliosis 
Q76.2,Congenital spondylolisthesis 
Q76.2,Congenital spondylolisthesis 
Q76.49,Other congenital malformations of spine not associated with scoliosis 
Q76.49,Other congenital malformations of spine not associated with scoliosis 
Q76.49,Other congenital malformations of spine not associated with scoliosis 
Q76.1,Klippel-Feil syndrome 
Q76.0,Spina bifida occulta 
Q76.419,Congenital kyphosis unspecified region 
Q76.5,Cervical rib 
Q77.2,Short rib syndrome 
Q77.1,Thanatophoric short stature 
Q78.9,Osteochondrodysplasia unspecified 
Q78.0,Osteogenesis imperfecta 
Q78.2,Osteopetrosis 
Q78.8,Other specified osteochondrodysplasias 
Q78.1,Polyostotic fibrous dysplasia 
Q77.6,Chondroectodermal dysplasia 
Q78.3,Progressive diaphyseal dysplasia 
Q78.8,Other specified osteochondrodysplasias 
Q79.0,Congenital diaphragmatic hernia 
Q79.59,Other congenital malformations of abdominal wall 
Q79.4,Prune belly syndrome 
Q79.2,Exomphalos 
Q79.3,Gastroschisis 
Q79.59,Other congenital malformations of abdominal wall 
Q79.8,Other congenital malformations of musculoskeletal system 
Q79.8,Other congenital malformations of musculoskeletal system 
Q79.6,Ehlers-Danlos syndrome 
Q79.8,Other congenital malformations of musculoskeletal system 
Q68.8,Other specified congenital musculoskeletal deformities 
Q82.0,Hereditary lymphedema 
Q80.3,Congenital bullous ichthyosiform erythroderma 
Q82.8,Other specified congenital malformations of skin 
Q82.4,Ectodermal dysplasia (anhidrotic) 
Q82.5,Congenital non-neoplastic nevus 
Q82.1,Xeroderma pigmentosum 
Q82.8,Other specified congenital malformations of skin 
Q84.0,Congenital alopecia 
Q84.3,Anonychia 
Q83.8,Other congenital malformations of breast 
Q84.8,Other specified congenital malformations of integument 
Q84.9,Congenital malformation of integument unspecified 
Q90.9,Down syndrome unspecified 
Q91.7,Trisomy 13 unspecified 
Q91.3,Trisomy 18 unspecified 
Q93.4,Deletion of short arm of chromosome 5 
Q93.81,Velo-cardio-facial syndrome 
Q93.88,Other microdeletions 
Q93.89,Other deletions from the autosomes 
Q95.0,Balanced translocation and insertion in normal individual 
Q92.8,Other specified trisomies and partial trisomies of autosomes 
Q96.9,Turner's syndrome unspecified 
Q98.4,Klinefelter syndrome unspecified 
Q97.1,Female with more than three X chromosomes 
Q99.8,Other specified chromosome abnormalities 
Q99.9,Chromosomal abnormality unspecified 
Q89.01,Asplenia (congenital) 
Q89.1,Congenital malformations of adrenal gland 
Q89.2,Congenital malformations of other endocrine glands 
Q89.3,Situs inversus 
Q89.4,Conjoined twins 
Q85.1,Tuberous sclerosis 
Q85.8,Other phakomatoses not elsewhere classified 
Q89.7,Multiple congenital malformations not elsewhere classified 
Q87.1,Congenital malformation syndromes predominantly associated with short stature 
Q87.40,Marfan's syndrome unspecified 
Q99.2,Fragile X chromosome 
Q87.81,Alport syndrome 
Q89.9,Congenital malformation unspecified 
P00.0,Newborn (suspected to be) affected by maternal hypertensive disorders 
P00.1,Newborn (suspected to be) affected by maternal renal and urinary tract diseases 
P00.2,Newborn (suspected to be) affected by maternal infectious and parasitic diseases 
P00.3,Newborn (suspected to be) affected by other maternal circulatory and respiratory diseases 
P00.4,Newborn (suspected to be) affected by maternal nutritional disorders 
P00.5,Newborn (suspected to be) affected by maternal injury 
P00.7,Newborn (suspected to be) affected by other medical procedures on mother not elsewhere classified 
P00.7,Newborn (suspected to be) affected by other medical procedures on mother not elsewhere classified 
P00.6,Newborn (suspected to be) affected by surgical procedure on mother 
P00.6,Newborn (suspected to be) affected by surgical procedure on mother 
P04.9,Newborn (suspected to be) affected by maternal noxious substance unspecified 
P04.3,Newborn (suspected to be) affected by maternal use of alcohol 
P04.49,Newborn (suspected to be) affected by maternal use of other drugs of addiction 
P04.49,Newborn (suspected to be) affected by maternal use of other drugs of addiction 
P04.1,Newborn (suspected to be) affected by other maternal medication 
P04.41,Newborn (suspected to be) affected by maternal use of cocaine 
P04.8,Newborn (suspected to be) affected by other maternal noxious substances 
P04.1,Newborn (suspected to be) affected by other maternal medication 
P04.1,Newborn (suspected to be) affected by other maternal medication 
P04.8,Newborn (suspected to be) affected by other maternal noxious substances 
P00.89,Newborn (suspected to be) affected by other maternal conditions 
P00.9,Newborn (suspected to be) affected by unspecified maternal condition 
P01.0,Newborn (suspected to be) affected by incompetent cervix 
P01.1,Newborn (suspected to be) affected by premature rupture of membranes 
P01.2,Newborn (suspected to be) affected by oligohydramnios 
P01.3,Newborn (suspected to be) affected by polyhydramnios 
P01.4,Newborn (suspected to be) affected by ectopic pregnancy 
P01.5,Newborn (suspected to be) affected by multiple pregnancy 
P01.6,Newborn (suspected to be) affected by maternal death 
P01.7,Newborn (suspected to be) affected by malpresentation before labor 
P01.8,Newborn (suspected to be) affected by other maternal complications of pregnancy 
P01.9,Newborn (suspected to be) affected by maternal complication of pregnancy unspecified 
P02.0,Newborn (suspected to be) affected by placenta previa 
P02.1,Newborn (suspected to be) affected by other forms of placental separation and hemorrhage 
P02.29,Newborn (suspected to be) affected by other morphological and functional abnormalities of placenta 
P02.3,Newborn (suspected to be) affected by placental transfusion syndromes 
P02.4,Newborn (suspected to be) affected by prolapsed cord 
P02.5,Newborn (suspected to be) affected by other compression of umbilical cord 
P02.60,Newborn (suspected to be) affected by unspecified conditions of umbilical cord 
P02.7,Newborn (suspected to be) affected by chorioamnionitis 
P02.8,Newborn (suspected to be) affected by other abnormalities of membranes 
P02.9,Newborn (suspected to be) affected by abnormality of membranes unspecified 
P03.0,Newborn (suspected to be) affected by breech delivery and extraction 
P03.1,Newborn (suspected to be) affected by other malpresentation malposition and disproportion during labor and delivery 
P03.2,Newborn (suspected to be) affected by forceps delivery 
P03.3,Newborn (suspected to be) affected by delivery by vacuum extractor [ventouse] 
P03.4,Newborn (suspected to be) affected by Cesarean delivery 
P04.0,Newborn (suspected to be) affected by maternal anesthesia and analgesia in pregnancy labor and delivery 
P03.5,Newborn (suspected to be) affected by precipitate delivery 
P03.6,Newborn (suspected to be) affected by abnormal uterine contractions 
P03.810,Newborn (suspected to be) affected by abnormality in fetal (intrauterine) heart rate or rhythm before the onset of labor 
P03.811,Newborn (suspected to be) affected by abnormality in fetal (intrauterine) heart rate or rhythm during labor 
P03.819,Newborn (suspected to be) affected by abnormality in fetal (intrauterine) heart rate or rhythm unspecified as to time of onset 
P03.82,Meconium passage during delivery 
P03.89,Newborn (suspected to be) affected by other specified complications of labor and delivery 
P03.9,Newborn (suspected to be) affected by complication of labor and delivery unspecified 
P05.00,Newborn light for gestational age unspecified weight 
P05.01,Newborn light for gestational age less than 500 grams 
P05.02,Newborn light for gestational age 500-749 grams 
P05.03,Newborn light for gestational age 750-999 grams 
P05.04,Newborn light for gestational age 1000-1249 grams 
P05.05,Newborn light for gestational age 1250-1499 grams 
P05.06,Newborn light for gestational age 1500-1749 grams 
P05.07,Newborn light for gestational age 1750-1999 grams 
P05.08,Newborn light for gestational age 2000-2499 grams 
, 
P05.10,Newborn small for gestational age unspecified weight 
P05.11,Newborn small for gestational age less than 500 grams 
P05.12,Newborn small for gestational age 500-749 grams 
P05.13,Newborn small for gestational age 750-999 grams 
P05.14,Newborn small for gestational age 1000-1249 grams 
P05.15,Newborn small for gestational age 1250-1499 grams 
P05.16,Newborn small for gestational age 1500-1749 grams 
P05.17,Newborn small for gestational age 1750-1999 grams 
P05.18,Newborn small for gestational age 2000-2499 grams 
, 
P05.2,Newborn affected by fetal (intrauterine) malnutrition not light or small for gestational age 
P05.2,Newborn affected by fetal (intrauterine) malnutrition not light or small for gestational age 
P05.2,Newborn affected by fetal (intrauterine) malnutrition not light or small for gestational age 
P05.2,Newborn affected by fetal (intrauterine) malnutrition not light or small for gestational age 
P05.2,Newborn affected by fetal (intrauterine) malnutrition not light or small for gestational age 
P05.2,Newborn affected by fetal (intrauterine) malnutrition not light or small for gestational age 
P05.2,Newborn affected by fetal (intrauterine) malnutrition not light or small for gestational age 
P05.2,Newborn affected by fetal (intrauterine) malnutrition not light or small for gestational age 
P05.2,Newborn affected by fetal (intrauterine) malnutrition not light or small for gestational age 
P05.2,Newborn affected by fetal (intrauterine) malnutrition not light or small for gestational age 
P05.9,Newborn affected by slow intrauterine growth unspecified 
P05.9,Newborn affected by slow intrauterine growth unspecified 
P05.9,Newborn affected by slow intrauterine growth unspecified 
P05.9,Newborn affected by slow intrauterine growth unspecified 
P05.9,Newborn affected by slow intrauterine growth unspecified 
P05.9,Newborn affected by slow intrauterine growth unspecified 
P05.9,Newborn affected by slow intrauterine growth unspecified 
P05.9,Newborn affected by slow intrauterine growth unspecified 
P05.9,Newborn affected by slow intrauterine growth unspecified 
P05.9,Newborn affected by slow intrauterine growth unspecified 
P07.00,Extremely low birth weight newborn unspecified weight 
P07.01,Extremely low birth weight newborn less than 500 grams 
P07.02,Extremely low birth weight newborn 500-749 grams 
P07.03,Extremely low birth weight newborn 750-999 grams 
P07.14,Other low birth weight newborn 1000-1249 grams 
P07.15,Other low birth weight newborn 1250-1499 grams 
P07.16,Other low birth weight newborn 1500-1749 grams 
P07.17,Other low birth weight newborn 1750-1999 grams 
P07.18,Other low birth weight newborn 2000-2499 grams 
P07.30,Preterm newborn unspecified weeks of gestation 
P07.00,Extremely low birth weight newborn unspecified weight 
P07.01,Extremely low birth weight newborn less than 500 grams 
P07.02,Extremely low birth weight newborn 500-749 grams 
P07.03,Extremely low birth weight newborn 750-999 grams 
P07.14,Other low birth weight newborn 1000-1249 grams 
P07.15,Other low birth weight newborn 1250-1499 grams 
P07.16,Other low birth weight newborn 1500-1749 grams 
P07.17,Other low birth weight newborn 1750-1999 grams 
P07.18,Other low birth weight newborn 2000-2499 grams 
P07.30,Preterm newborn unspecified weeks of gestation 
P07.20,Extreme immaturity of newborn unspecified weeks of gestation 
P07.21,Extreme immaturity of newborn gestational age less than 23 completed weeks 
P07.23,Extreme immaturity of newborn gestational age 24 completed weeks 
P07.24,Extreme immaturity of newborn gestational age 25 completed weeks 
P07.26,Extreme immaturity of newborn gestational age 27 completed weeks 
P07.32,Preterm newborn gestational age 29 completed weeks 
P07.34,Preterm newborn gestational age 31 completed weeks 
P07.36,Preterm newborn gestational age 33 completed weeks 
P07.38,Preterm newborn gestational age 35 completed weeks 
, 
P08.0,Exceptionally large newborn baby 
P08.1,Other heavy for gestational age newborn 
P08.21,Post-term newborn 
P08.22,Prolonged gestation of newborn 
P52.8,Other intracranial (nontraumatic) hemorrhages of newborn 
P12.2,Epicranial subaponeurotic hemorrhage due to birth injury 
P12.0,Cephalhematoma due to birth injury 
P13.4,Fracture of clavicle due to birth injury 
P13.0,Fracture of skull due to birth injury 
P11.5,Birth injury to spine and spinal cord 
P11.3,Birth injury to facial nerve 
P14.0,Erb's paralysis due to birth injury 
P11.4,Birth injury to other cranial nerves 
P15.8,Other specified birth injuries 
P15.9,Birth injury unspecified 
P84,Other problems with newborn 
P84,Other problems with newborn 
P19.0,Metabolic acidemia in newborn first noted before onset of labor 
P19.1,Metabolic acidemia in newborn first noted during labor 
P19.9,Metabolic acidemia unspecified 
P84,Other problems with newborn 
P84,Other problems with newborn 
P91.60,Hypoxic ischemic encephalopathy [HIE] unspecified 
P91.61,Mild hypoxic ischemic encephalopathy [HIE] 
P91.62,Moderate hypoxic ischemic encephalopathy [HIE] 
P91.63,Severe hypoxic ischemic encephalopathy [HIE] 
P84,Other problems with newborn 
P22.0,Respiratory distress syndrome of newborn 
P23.9,Congenital pneumonia unspecified 
P24.9,Neonatal aspiration unspecified 
P24.00,Meconium aspiration without respiratory symptoms 
P24.01,Meconium aspiration with respiratory symptoms 
P24.10,Neonatal aspiration of (clear) amniotic fluid and mucus without respiratory symptoms 
P24.11,Neonatal aspiration of (clear) amniotic fluid and mucus with respiratory symptoms 
P24.20,Neonatal aspiration of blood without respiratory symptoms 
P24.21,Neonatal aspiration of blood with respiratory symptoms 
P24.80,Other neonatal aspiration without respiratory symptoms 
P24.81,Other neonatal aspiration with respiratory symptoms 
P25.0,Interstitial emphysema originating in the perinatal period 
P26.1,Massive pulmonary hemorrhage originating in the perinatal period 
P28.0,Primary atelectasis of newborn 
P28.10,Unspecified atelectasis of newborn 
P22.1,Transient tachypnea of newborn 
P27.8,Other chronic respiratory diseases originating in the perinatal period 
P28.3,Primary sleep apnea of newborn 
P28.4,Other apnea of newborn 
P28.2,Cyanotic attacks of newborn 
P28.5,Respiratory failure of newborn 
P24.30,Neonatal aspiration of milk and regurgitated food without respiratory symptoms 
P24.31,Neonatal aspiration of milk and regurgitated food with respiratory symptoms 
P28.81,Respiratory arrest of newborn 
P84,Other problems with newborn 
P28.89,Other specified respiratory conditions of newborn 
P28.9,Respiratory condition of newborn unspecified 
P35.0,Congenital rubella syndrome 
P35.1,Congenital cytomegalovirus infection 
P35.2,Congenital herpesviral [herpes simplex] infection 
A33,Tetanus neonatorum 
P38.9,Omphalitis without hemorrhage 
P39.0,Neonatal infective mastitis 
P39.1,Neonatal conjunctivitis and dacryocystitis 
P37.5,Neonatal candidiasis 
P36.9,Bacterial sepsis of newborn unspecified 
P39.3,Neonatal urinary tract infection 
R78.81,Bacteremia 
P39.8,Other specified infections specific to the perinatal period 
P50.3,Newborn affected by hemorrhage into co-twin 
P52.3,Unspecified intraventricular (nontraumatic) hemorrhage of newborn 
P52.0,Intraventricular (nontraumatic) hemorrhage grade 1 of newborn 
P52.1,Intraventricular (nontraumatic) hemorrhage grade 2 of newborn 
P52.21,Intraventricular (nontraumatic) hemorrhage grade 3 of newborn 
P52.22,Intraventricular (nontraumatic) hemorrhage grade 4 of newborn 
P10.3,Subarachnoid hemorrhage due to birth injury 
P51.8,Other umbilical hemorrhages of newborn 
P54.3,Other neonatal gastrointestinal hemorrhage 
P54.4,Neonatal adrenal hemorrhage 
P54.5,Neonatal cutaneous hemorrhage 
P54.8,Other specified neonatal hemorrhages 
P54.9,Neonatal hemorrhage unspecified 
P55.0,Rh isoimmunization of newborn 
P55.1,ABO isoimmunization of newborn 
P55.8,Other hemolytic diseases of newborn 
P56.0,Hydrops fetalis due to isoimmunization 
P57.0,Kernicterus due to isoimmunization 
P55.1,ABO isoimmunization of newborn 
P58.8,Neonatal jaundice due to other specified excessive hemolysis 
P58.8,Neonatal jaundice due to other specified excessive hemolysis 
P59.0,Neonatal jaundice associated with preterm delivery 
P59.8,Neonatal jaundice from other specified causes 
P59.8,Neonatal jaundice from other specified causes 
P59.3,Neonatal jaundice from breast milk inhibitor 
P59.29,Neonatal jaundice from other hepatocellular damage 
P59.8,Neonatal jaundice from other specified causes 
P59.9,Neonatal jaundice unspecified 
P57.8,Other specified kernicterus 
P70.1,Syndrome of infant of a diabetic mother 
P70.2,Neonatal diabetes mellitus 
P94.0,Transient neonatal myasthenia gravis 
P72.1,Transitory neonatal hyperthyroidism 
P71.8,Other transitory neonatal disorders of calcium and magnesium metabolism 
P74.4,Other transitory electrolyte disturbances of newborn 
P70.4,Other neonatal hypoglycemia 
P74.0,Late metabolic acidosis of newborn 
P84,Other problems with newborn 
P72.8,Other specified transitory neonatal endocrine disorders 
P72.9,Transitory neonatal endocrine disorder unspecified 
P53,Hemorrhagic disease of newborn 
P61.0,Transient neonatal thrombocytopenia 
P60,Disseminated intravascular coagulation of newborn 
P61.6,Other transient neonatal disorders of coagulation 
P61.1,Polycythemia neonatorum 
P61.3,Congenital anemia from fetal blood loss 
P61.2,Anemia of prematurity 
P61.5,Transient neonatal neutropenia 
P61.8,Other specified perinatal hematological disorders 
P61.9,Perinatal hematological disorder unspecified 
P76.0,Meconium plug syndrome 
P76.2,Intestinal obstruction due to inspissated milk 
P78.2,Neonatal hematemesis and melena due to swallowed maternal blood 
P76.1,Transitory ileus of newborn 
P77.9,Necrotizing enterocolitis in newborn unspecified 
P77.1,Stage 1 necrotizing enterocolitis in newborn 
P77.2,Stage 2 necrotizing enterocolitis in newborn 
P77.3,Stage 3 necrotizing enterocolitis in newborn 
P78.0,Perinatal intestinal perforation 
P78.89,Other specified perinatal digestive system disorders 
P78.9,Perinatal digestive system disorder unspecified 
P83.2,Hydrops fetalis not due to hemolytic disease 
P83.0,Sclerema neonatorum 
P80.0,Cold injury syndrome 
P80.8,Other hypothermia of newborn 
P81.8,Other specified disturbances of temperature regulation of newborn 
P83.30,Unspecified edema specific to newborn 
P83.5,Congenital hydrocele 
P83.4,Breast engorgement of newborn 
P83.8,Other specified conditions of integument specific to newborn 
P83.9,Condition of the integument specific to newborn unspecified 
P90,Convulsions of newborn 
P91.9,Disturbance of cerebral status of newborn unspecified 
P91.4,Neonatal cerebral depression 
P92.8,Other feeding problems of newborn 
P92.01,Bilious vomiting of newborn 
P92.09,Other vomiting of newborn 
P92.6,Failure to thrive in newborn 
P93.8,Other reactions and intoxications due to drugs administered to newborn 
P96.1,Neonatal withdrawal symptoms from maternal use of drugs of addiction 
, 
P91.2,Neonatal cerebral leukomalacia 
P29.12,Neonatal bradycardia 
P29.11,Neonatal tachycardia 
P96.82,Delayed separation of umbilical cord 
P96.83,Meconium staining 
P29.81,Cardiac arrest of newborn 
P96.89,Other specified conditions originating in the perinatal period 
P96.9,Condition originating in the perinatal period unspecified 
R40.20,Unspecified coma 
R40.4,Transient alteration of awareness 
R40.3,Persistent vegetative state 
R40.0,Somnolence 
R44.3,Hallucinations unspecified 
R55,Syncope and collapse 
R56.00,Simple febrile convulsions 
R56.01,Complex febrile convulsions 
R56.1,Post traumatic seizures 
R56.9,Unspecified convulsions 
R42,Dizziness and giddiness 
G47.9,Sleep disorder unspecified 
G47.30,Sleep apnea unspecified 
G47.00,Insomnia unspecified 
G47.30,Sleep apnea unspecified 
G47.10,Hypersomnia unspecified 
G47.20,Circadian rhythm sleep disorder unspecified type 
G47.8,Other sleep disorders 
G47.30,Sleep apnea unspecified 
F51.8,Other sleep disorders not due to a substance or known physiological condition 
G47.8,Other sleep disorders 
R50.9,Fever unspecified 
R50.81,Fever presenting with conditions classified elsewhere 
R50.82,Postprocedural fever 
R50.83,Postvaccination fever 
R68.83,Chills (without fever) 
R68.0,Hypothermia not associated with low environmental temperature 
R50.84,Febrile nonhemolytic transfusion reaction 
R53.82,Chronic fatigue unspecified 
R53.2,Functional quadriplegia 
R53.1,Weakness 
R61,Generalized hyperhidrosis 
R68.12,Fussy infant (baby) 
R68.11,Excessive crying of infant (baby) 
R41.3,Other amnesia 
R68.81,Early satiety 
R45.83,Excessive crying of child adolescent or adult 
R52,Pain unspecified 
R41.82,Altered mental status unspecified 
R45.84,Anhedonia 
R25.9,Unspecified abnormal involuntary movements 
R43.0,Anosmia 
R26.0,Ataxic gait 
R27.0,Ataxia unspecified 
R29.5,Transient paralysis 
R68.3,Clubbing of fingers 
R29.1,Meningismus 
R29.0,Tetany 
R41.4,Neurologic neglect syndrome 
R29.890,Loss of height 
R29.3,Abnormal posture 
R29.891,Ocular torticollis 
R29.810,Facial weakness 
R29.818,Other symptoms and signs involving the nervous system 
R20.3,Hyperesthesia 
R21,Rash and other nonspecific skin eruption 
R22.9,Localized swelling mass and lump unspecified 
R60.9,Edema unspecified 
R17,Unspecified jaundice 
R23.0,Cyanosis 
R23.1,Pallor 
R23.2,Flushing 
R23.3,Spontaneous ecchymoses 
R23.4,Changes in skin texture 
R23.8,Other skin changes 
R63.0,Anorexia 
R63.5,Abnormal weight gain 
R63.4,Abnormal weight loss 
R63.6,Underweight 
R63.3,Feeding difficulties 
R62.50,Unspecified lack of expected normal physiological development in childhood 
R62.51,Failure to thrive (child) 
R62.0,Delayed milestone in childhood 
R62.52,Short stature (child) 
R63.1,Polydipsia 
R63.2,Polyphagia 
R62.7,Adult failure to thrive 
R63.8,Other symptoms and signs concerning food and fluid intake 
R51,Headache 
R07.0,Pain in throat 
R22.1,Localized swelling mass and lump neck 
R47.01,Aphasia 
R49.9,Unspecified voice and resonance disorder 
R49.1,Aphonia 
R49.0,Dysphonia 
R49.21,Hypernasality 
R49.22,Hyponasality 
R49.8,Other voice and resonance disorders 
R47.1,Dysarthria and anarthria 
R47.82,Fluency disorder in conditions classified elsewhere 
R47.02,Dysphasia 
R48.9,Unspecified symbolic dysfunctions 
R48.0,Dyslexia and alexia 
R48.1,Agnosia 
R04.0,Epistaxis 
R04.1,Hemorrhage from throat 
R09.82,Postnasal drip 
R68.84,Jaw pain 
R06.7,Sneezing 
R00.0,Tachycardia unspecified 
R00.2,Palpitations 
R01.1,Cardiac murmur unspecified 
R01.2,Other cardiac sounds 
I96,Gangrene not elsewhere classified 
R57.9,Shock unspecified 
R57.0,Cardiogenic shock 
R65.21,Severe sepsis with septic shock 
R57.8,Other shock 
R59.9,Enlarged lymph nodes unspecified 
R09.89,Other specified symptoms and signs involving the circulatory and respiratory systems 
R06.9,Unspecified abnormalities of breathing 
R06.4,Hyperventilation 
R06.01,Orthopnea 
R06.81,Apnea not elsewhere classified 
R06.3,Periodic breathing 
R06.02,Shortness of breath 
R06.82,Tachypnea not elsewhere classified 
R06.2,Wheezing 
R06.00,Dyspnea unspecified 
R06.1,Stridor 
R05,Cough 
R04.2,Hemoptysis 
R04.81,Acute idiopathic pulmonary hemorrhage in infants 
R04.89,Hemorrhage from other sites in respiratory passages 
R09.3,Abnormal sputum 
R07.9,Chest pain unspecified 
R07.2,Precordial pain 
R07.1,Chest pain on breathing 
R07.89,Other chest pain 
R22.2,Localized swelling mass and lump trunk 
R09.89,Other specified symptoms and signs involving the circulatory and respiratory systems 
R06.6,Hiccough 
R06.89,Other abnormalities of breathing 
R11.2,Nausea with vomiting unspecified 
R11.0,Nausea 
R11.10,Vomiting unspecified 
R11.14,Bilious vomiting 
R12,Heartburn 
R13.10,Dysphagia unspecified 
R13.11,Dysphagia oral phase 
R13.12,Dysphagia oropharyngeal phase 
R13.13,Dysphagia pharyngeal phase 
R13.14,Dysphagia pharyngoesophageal phase 
R13.19,Other dysphagia 
R14.1,Gas pain 
R19.2,Visible peristalsis 
R19.11,Absent bowel sounds 
R15.9,Full incontinence of feces 
R15.0,Incomplete defecation 
R15.1,Fecal smearing 
R15.2,Fecal urgency 
R19.5,Other fecal abnormalities 
R19.7,Diarrhea unspecified 
R19.4,Change in bowel habit 
N23,Unspecified renal colic 
R30.0,Dysuria 
R33.9,Retention of urine unspecified 
R39.14,Feeling of incomplete bladder emptying 
R33.8,Other retention of urine 
R32,Unspecified urinary incontinence 
N39.41,Urge incontinence 
N39.3,Stress incontinence (female) (male) 
N39.46,Mixed incontinence 
N39.42,Incontinence without sensory awareness 
N39.43,Post-void dribbling 
N39.44,Nocturnal enuresis 
N39.45,Continuous leakage 
N39.490,Overflow incontinence 
N39.498,Other specified urinary incontinence 
R35.0,Frequency of micturition 
R35.8,Other polyuria 
R35.1,Nocturia 
R34,Anuria and oliguria 
R39.13,Splitting of urinary stream 
R39.12,Poor urinary stream 
R39.15,Urgency of urination 
R39.11,Hesitancy of micturition 
R39.16,Straining to void 
R39.19,Other difficulties with micturition 
R36.9,Urethral discharge unspecified 
R39.0,Extravasation of urine 
R39.81,Functional urinary incontinence 
R39.89,Other symptoms and signs involving the genitourinary system 
R10.9,Unspecified abdominal pain 
R10.11,Right upper quadrant pain 
R10.12,Left upper quadrant pain 
R10.31,Right lower quadrant pain 
R10.32,Left lower quadrant pain 
R10.33,Periumbilical pain 
R10.13,Epigastric pain 
R10.84,Generalized abdominal pain 
R10.10,Upper abdominal pain unspecified 
R16.0,Hepatomegaly not elsewhere classified 
R16.1,Splenomegaly not elsewhere classified 
R19.00,Intra-abdominal and pelvic swelling mass and lump unspecified site 
R19.01,Right upper quadrant abdominal swelling mass and lump 
R19.02,Left upper quadrant abdominal swelling mass and lump 
R19.03,Right lower quadrant abdominal swelling mass and lump 
R19.04,Left lower quadrant abdominal swelling mass and lump 
R19.05,Periumbilic swelling mass or lump 
R19.06,Epigastric swelling mass or lump 
R19.07,Generalized intra-abdominal and pelvic swelling mass and lump 
R19.09,Other intra-abdominal and pelvic swelling mass and lump 
R19.30,Abdominal rigidity unspecified site 
R19.31,Right upper quadrant abdominal rigidity 
R19.32,Left upper quadrant abdominal rigidity 
R19.33,Right lower quadrant abdominal rigidity 
R19.34,Left lower quadrant abdominal rigidity 
R19.35,Periumbilic abdominal rigidity 
R19.36,Epigastric abdominal rigidity 
R19.37,Generalized abdominal rigidity 
R19.30,Abdominal rigidity unspecified site 
R18.0,Malignant ascites 
R18.8,Other ascites 
R10.819,Abdominal tenderness unspecified site 
R10.811,Right upper quadrant abdominal tenderness 
R10.812,Left upper quadrant abdominal tenderness 
R10.813,Right lower quadrant abdominal tenderness 
R10.814,Left lower quadrant abdominal tenderness 
R10.815,Periumbilic abdominal tenderness 
R10.816,Epigastric abdominal tenderness 
R10.817,Generalized abdominal tenderness 
R10.819,Abdominal tenderness unspecified site 
R10.83,Colic 
R19.8,Other specified symptoms and signs involving the digestive system and abdomen 
R71.0,Precipitous drop in hematocrit 
R71.8,Other abnormality of red blood cells 
R70.0,Elevated erythrocyte sedimentation rate 
R73.01,Impaired fasting glucose 
R73.02,Impaired glucose tolerance (oral) 
R73.09,Other abnormal glucose 
R78.0,Finding of alcohol in blood 
R74.0,Nonspecific elevation of levels of transaminase and lactic acid dehydrogenase [LDH] 
R74.8,Abnormal levels of other serum enzymes 
R78.89,Finding of other specified substances not normally found in blood 
R78.81,Bacteremia 
B34.9,Viral infection unspecified 
R79.81,Abnormal blood-gas level 
R79.1,Abnormal coagulation profile 
R97.2,Elevated prostate specific antigen [PSA] 
E07.81,Sick-euthyroid syndrome 
R79.82,Elevated C-reactive protein (CRP) 
R78.89,Finding of other specified substances not normally found in blood 
R80.3,Bence Jones proteinuria 
R82.0,Chyluria 
R82.3,Hemoglobinuria 
R82.1,Myoglobinuria 
R82.2,Biliuria 
R81,Glycosuria 
R82.4,Acetonuria 
R82.99,Other abnormal findings in urine 
R82.99,Other abnormal findings in urine 
R83.9,Unspecified abnormal finding in cerebrospinal fluid 
R19.5,Other fecal abnormalities 
R86.9,Unspecified abnormal finding in specimens from male genital organs 
O28.9,Unspecified abnormal findings on antenatal screening of mother 
R85.9,Unspecified abnormal finding in specimens from digestive organs and abdominal cavity 
R88.0,Cloudy (hemodialysis) (peritoneal) dialysis effluent 
R87.9,Unspecified abnormal finding in specimens from female genital organs 
R93.0,Abnormal findings on diagnostic imaging of skull and head not elsewhere classified 
R91.1,Solitary pulmonary nodule 
R91.8,Other nonspecific abnormal finding of lung field 
R93.1,Abnormal findings on diagnostic imaging of heart and coronary circulation 
R93.2,Abnormal findings on diagnostic imaging of liver and biliary tract 
R93.3,Abnormal findings on diagnostic imaging of other parts of digestive tract 
R93.4,Abnormal findings on diagnostic imaging of urinary organs 
R93.5,Abnormal findings on diagnostic imaging of other abdominal regions including retroperitoneum 
R93.7,Abnormal findings on diagnostic imaging of other parts of musculoskeletal system 
R92.8,Other abnormal and inconclusive findings on diagnostic imaging of breast 
R92.0,Mammographic microcalcification found on diagnostic imaging of breast 
R92.2,Inconclusive mammogram 
R92.8,Other abnormal and inconclusive findings on diagnostic imaging of breast 
R93.9,Diagnostic imaging inconclusive due to excess body fat of patient 
R93.8,Abnormal findings on diagnostic imaging of other specified body structures 
R94.09,Abnormal results of other function studies of central nervous system 
R90.81,Abnormal echoencephalogram 
R94.01,Abnormal electroencephalogram [EEG] 
R94.09,Abnormal results of other function studies of central nervous system 
R94.130,Abnormal response to nerve stimulation unspecified 
R94.111,Abnormal electroretinogram [ERG] 
R94.110,Abnormal electro-oculogram [EOG] 
R94.112,Abnormal visually evoked potential [VEP] 
R94.113,Abnormal oculomotor study 
R94.120,Abnormal auditory function study 
R94.121,Abnormal vestibular function study 
R94.131,Abnormal electromyogram [EMG] 
R94.118,Abnormal results of other function studies of eye 
R94.2,Abnormal results of pulmonary function studies 
R94.30,Abnormal result of cardiovascular function study unspecified 
R94.31,Abnormal electrocardiogram [ECG] [EKG] 
R94.39,Abnormal result of other cardiovascular function study 
R94.4,Abnormal results of kidney function studies 
R94.6,Abnormal results of thyroid function studies 
R94.7,Abnormal results of other endocrine function studies 
R94.8,Abnormal results of function studies of other organs and systems 
R94.5,Abnormal results of liver function studies 
R94.8,Abnormal results of function studies of other organs and systems 
R87.619,Unspecified abnormal cytological findings in specimens from cervix uteri 
R87.610,Atypical squamous cells of undetermined significance on cytologic smear of cervix (ASC-US) 
R87.611,Atypical squamous cells cannot exclude high grade squamous intraepithelial lesion on cytologic smear of cervix (ASC-H) 
R87.612,Low grade squamous intraepithelial lesion on cytologic smear of cervix (LGSIL) 
R87.613,High grade squamous intraepithelial lesion on cytologic smear of cervix (HGSIL) 
R87.810,Cervical high risk human papillomavirus (HPV) DNA test positive 
R87.614,Cytologic evidence of malignancy on smear of cervix 
R87.616,Satisfactory cervical smear but lacking transformation zone 
R87.615,Unsatisfactory cytologic smear of cervix 
R87.820,Cervical low risk human papillomavirus (HPV) DNA test positive 
R87.628,Other abnormal cytological findings on specimens from vagina 
R87.620,Atypical squamous cells of undetermined significance on cytologic smear of vagina (ASC-US) 
R87.621,Atypical squamous cells cannot exclude high grade squamous intraepithelial lesion on cytologic smear of vagina (ASC-H) 
R87.622,Low grade squamous intraepithelial lesion on cytologic smear of vagina (LGSIL) 
R87.623,High grade squamous intraepithelial lesion on cytologic smear of vagina (HGSIL) 
R87.811,Vaginal high risk human papillomavirus (HPV) DNA test positive 
R87.624,Cytologic evidence of malignancy on smear of vagina 
R87.625,Unsatisfactory cytologic smear of vagina 
R87.628,Other abnormal cytological findings on specimens from vagina 
R89.8,Other abnormal findings in specimens from other organs systems and tissues 
R89.5,Abnormal microbiological findings in specimens from other organs systems and tissues 
R89.9,Unspecified abnormal finding in specimens from other organs systems and tissues 
R89.7,Abnormal histological findings in specimens from other organs systems and tissues 
R76.11,Nonspecific reaction to tuberculin skin test without active tuberculosis 
R76.12,Nonspecific reaction to cell mediated immunity measurement of gamma interferon antigen response without active tuberculosis 
R76.8,Other specified abnormal immunological findings in serum 
R75,Inconclusive laboratory evidence of human immunodeficiency virus [HIV] 
R76.8,Other specified abnormal immunological findings in serum 
R97.0,Elevated carcinoembryonic antigen [CEA] 
R97.1,Elevated cancer antigen 125 [CA 125] 
R97.8,Other abnormal tumor markers 
R82.5,Elevated urine levels of drugs medicaments and biological substances 
R29.2,Abnormal reflex 
R03.0,Elevated blood-pressure reading without diagnosis of hypertension 
R03.1,Nonspecific low blood-pressure reading 
R68.89,Other general symptoms and signs 
O28.9,Unspecified abnormal findings on antenatal screening of mother 
P09,Abnormal findings on neonatal screening 
R85.619,Unspecified abnormal cytological findings in specimens from anus 
R85.610,Atypical squamous cells of undetermined significance on cytologic smear of anus (ASC-US) 
R85.611,Atypical squamous cells cannot exclude high grade squamous intraepithelial lesion on cytologic smear of anus (ASC-H) 
R85.612,Low grade squamous intraepithelial lesion on cytologic smear of anus (LGSIL) 
R85.613,High grade squamous intraepithelial lesion on cytologic smear of anus (HGSIL) 
R85.81,Anal high risk human papillomavirus (HPV) DNA test positive 
R85.614,Cytologic evidence of malignancy on smear of anus 
R85.616,Satisfactory anal smear but lacking transformation zone 
R85.615,Unsatisfactory cytologic smear of anus 
R85.82,Anal low risk human papillomavirus (HPV) DNA test positive 
R68.89,Other general symptoms and signs 
R41.81,Age-related cognitive decline 
R99,Ill-defined and unknown cause of mortality 
R99,Ill-defined and unknown cause of mortality 
R99,Ill-defined and unknown cause of mortality 
R99,Ill-defined and unknown cause of mortality 
R09.01,Asphyxia 
R09.02,Hypoxemia 
R09.2,Respiratory arrest 
R45.0,Nervousness 
R45.4,Irritability and anger 
R45.87,Impulsiveness 
R45.86,Emotional lability 
R45.3,Demoralization and apathy 
R45.89,Other symptoms and signs involving emotional state 
R53.81,Other malaise 
R64,Cachexia 
R41.840,Attention and concentration deficit 
R41.841,Cognitive communication deficit 
R41.842,Visuospatial deficit 
R41.843,Psychomotor deficit 
R41.844,Frontal lobe and executive function deficit 
R41.89,Other symptoms and signs involving cognitive functions and awareness 
R68.82,Decreased libido 
R68.13,Apparent life threatening event in infant (ALTE) 
R69,Illness unspecified 
R69,Illness unspecified 
S02.0xxA,Fracture of vault of skull initial encounter for closed fracture 
S02.0xxA,Fracture of vault of skull initial encounter for closed fracture 
S02.0xxA,Fracture of vault of skull initial encounter for closed fracture 
S02.0xxA,Fracture of vault of skull initial encounter for closed fracture 
S02.0xxA,Fracture of vault of skull initial encounter for closed fracture 
S02.0xxA,Fracture of vault of skull initial encounter for closed fracture 
S02.0xxA,Fracture of vault of skull initial encounter for closed fracture 
S02.0xxA,Fracture of vault of skull initial encounter for closed fracture 
S02.0xxA,Fracture of vault of skull initial encounter for closed fracture 
S06.330A,Contusion and laceration of cerebrum unspecified without loss of consciousness initial encounter 
S02.0xxA,Fracture of vault of skull initial encounter for closed fracture 
S06.330A,Contusion and laceration of cerebrum unspecified without loss of consciousness initial encounter 
S02.0xxA,Fracture of vault of skull initial encounter for closed fracture 
S06.331A,Contusion and laceration of cerebrum unspecified with loss of consciousness of 30 minutes or less initial encounter 
S02.0xxA,Fracture of vault of skull initial encounter for closed fracture 
S06.333A,Contusion and laceration of cerebrum unspecified with loss of consciousness of 1 hour to 5 hours 59 minutes initial encounter 
S02.0xxA,Fracture of vault of skull initial encounter for closed fracture 
S06.335A,Contusion and laceration of cerebrum unspecified with loss of consciousness greater than 24 hours with return to pre-existing conscious level initial encounter 
S02.0xxA,Fracture of vault of skull initial encounter for closed fracture 
S06.336A,Contusion and laceration of cerebrum unspecified with loss of consciousness greater than 24 hours without return to pre-existing conscious level with patient surviving initial encounter 
S02.0xxA,Fracture of vault of skull initial encounter for closed fracture 
S06.339A,Contusion and laceration of cerebrum unspecified with loss of consciousness of unspecified duration initial encounter 
S02.0xxA,Fracture of vault of skull initial encounter for closed fracture 
S06.330A,Contusion and laceration of cerebrum unspecified without loss of consciousness initial encounter 
S02.0xxA,Fracture of vault of skull initial encounter for closed fracture 
S06.4X0A,Epidural hemorrhage without loss of consciousness initial encounter 
S02.0xxA,Fracture of vault of skull initial encounter for closed fracture 
S06.4X0A,Epidural hemorrhage without loss of consciousness initial encounter 
S02.0xxA,Fracture of vault of skull initial encounter for closed fracture 
S06.4X1A,Epidural hemorrhage with loss of consciousness of 30 minutes or less initial encounter 
S02.0xxA,Fracture of vault of skull initial encounter for closed fracture 
S06.4X3A,Epidural hemorrhage with loss of consciousness of 1 hour to 5 hours 59 minutes initial encounter 
S02.0xxA,Fracture of vault of skull initial encounter for closed fracture 
S06.4X5A,Epidural hemorrhage with loss of consciousness greater than 24 hours with return to pre-existing conscious level initial encounter 
S02.0xxA,Fracture of vault of skull initial encounter for closed fracture 
S06.4X6A,Epidural hemorrhage with loss of consciousness greater than 24 hours without return to pre-existing conscious level with patient surviving initial encounter 
S02.0xxA,Fracture of vault of skull initial encounter for closed fracture 
S06.4X9A,Epidural hemorrhage with loss of consciousness of unspecified duration initial encounter 
S02.0xxA,Fracture of vault of skull initial encounter for closed fracture 
S06.4X0A,Epidural hemorrhage without loss of consciousness initial encounter 
S02.0xxA,Fracture of vault of skull initial encounter for closed fracture 
S06.360A,Traumatic hemorrhage of cerebrum unspecified without loss of consciousness initial encounter 
S02.0xxA,Fracture of vault of skull initial encounter for closed fracture 
S06.360A,Traumatic hemorrhage of cerebrum unspecified without loss of consciousness initial encounter 
S02.0xxA,Fracture of vault of skull initial encounter for closed fracture 
S06.361A,Traumatic hemorrhage of cerebrum unspecified with loss of consciousness of 30 minutes or less initial encounter 
S02.0xxA,Fracture of vault of skull initial encounter for closed fracture 
S06.363A,Traumatic hemorrhage of cerebrum unspecified with loss of consciousness of 1 hours to 5 hours 59 minutes initial encounter 
S02.0xxA,Fracture of vault of skull initial encounter for closed fracture 
S06.365A,Traumatic hemorrhage of cerebrum unspecified with loss of consciousness greater than 24 hours with return to pre-existing conscious level initial encounter 
S02.0xxA,Fracture of vault of skull initial encounter for closed fracture 
S06.366A,Traumatic hemorrhage of cerebrum unspecified with loss of consciousness greater than 24 hours without return to pre-existing conscious level with patient surviving initial encounter 
S02.0xxA,Fracture of vault of skull initial encounter for closed fracture 
S06.369A,Traumatic hemorrhage of cerebrum unspecified with loss of consciousness of unspecified duration initial encounter 
S02.0xxA,Fracture of vault of skull initial encounter for closed fracture 
S06.360A,Traumatic hemorrhage of cerebrum unspecified without loss of consciousness initial encounter 
S02.0xxA,Fracture of vault of skull initial encounter for closed fracture 
S06.890A,Other specified intracranial injury without loss of consciousness initial encounter 
S02.0xxA,Fracture of vault of skull initial encounter for closed fracture 
S06.890A,Other specified intracranial injury without loss of consciousness initial encounter 
S02.0xxA,Fracture of vault of skull initial encounter for closed fracture 
S06.891A,Other specified intracranial injury with loss of consciousness of 30 minutes or less initial encounter 
S02.0xxA,Fracture of vault of skull initial encounter for closed fracture 
S06.893A,Other specified intracranial injury with loss of consciousness of 1 hour to 5 hours 59 minutes initial encounter 
S02.0xxA,Fracture of vault of skull initial encounter for closed fracture 
S06.895A,Other specified intracranial injury with loss of consciousness greater than 24 hours with return to pre-existing conscious level initial encounter 
S02.0xxA,Fracture of vault of skull initial encounter for closed fracture 
S06.896A,Other specified intracranial injury with loss of consciousness greater than 24 hours without return to pre-existing conscious level with patient surviving initial encounter 
S02.0xxA,Fracture of vault of skull initial encounter for closed fracture 
S06.899A,Other specified intracranial injury with loss of consciousness of unspecified duration initial encounter 
S02.0xxA,Fracture of vault of skull initial encounter for closed fracture 
S06.890A,Other specified intracranial injury without loss of consciousness initial encounter 
S02.0xxB,Fracture of vault of skull initial encounter for open fracture 
S02.0xxB,Fracture of vault of skull initial encounter for open fracture 
S02.0xxB,Fracture of vault of skull initial encounter for open fracture 
S02.0xxB,Fracture of vault of skull initial encounter for open fracture 
S02.0xxB,Fracture of vault of skull initial encounter for open fracture 
S02.0xxB,Fracture of vault of skull initial encounter for open fracture 
S02.0xxB,Fracture of vault of skull initial encounter for open fracture 
S02.0xxB,Fracture of vault of skull initial encounter for open fracture 
S02.0xxB,Fracture of vault of skull initial encounter for open fracture 
S06.330A,Contusion and laceration of cerebrum unspecified without loss of consciousness initial encounter 
S02.0xxB,Fracture of vault of skull initial encounter for open fracture 
S06.330A,Contusion and laceration of cerebrum unspecified without loss of consciousness initial encounter 
S02.0xxB,Fracture of vault of skull initial encounter for open fracture 
S06.331A,Contusion and laceration of cerebrum unspecified with loss of consciousness of 30 minutes or less initial encounter 
S02.0xxB,Fracture of vault of skull initial encounter for open fracture 
S06.333A,Contusion and laceration of cerebrum unspecified with loss of consciousness of 1 hour to 5 hours 59 minutes initial encounter 
S02.0xxB,Fracture of vault of skull initial encounter for open fracture 
S06.335A,Contusion and laceration of cerebrum unspecified with loss of consciousness greater than 24 hours with return to pre-existing conscious level initial encounter 
S02.0xxB,Fracture of vault of skull initial encounter for open fracture 
S06.336A,Contusion and laceration of cerebrum unspecified with loss of consciousness greater than 24 hours without return to pre-existing conscious level with patient surviving initial encounter 
S02.0xxB,Fracture of vault of skull initial encounter for open fracture 
S06.339A,Contusion and laceration of cerebrum unspecified with loss of consciousness of unspecified duration initial encounter 
S02.0xxB,Fracture of vault of skull initial encounter for open fracture 
S06.330A,Contusion and laceration of cerebrum unspecified without loss of consciousness initial encounter 
S02.0xxB,Fracture of vault of skull initial encounter for open fracture 
S06.4X0A,Epidural hemorrhage without loss of consciousness initial encounter 
S02.0xxB,Fracture of vault of skull initial encounter for open fracture 
S06.4X0A,Epidural hemorrhage without loss of consciousness initial encounter 
S02.0xxB,Fracture of vault of skull initial encounter for open fracture 
S06.4X1A,Epidural hemorrhage with loss of consciousness of 30 minutes or less initial encounter 
S02.0xxB,Fracture of vault of skull initial encounter for open fracture 
S06.4X3A,Epidural hemorrhage with loss of consciousness of 1 hour to 5 hours 59 minutes initial encounter 
S02.0xxB,Fracture of vault of skull initial encounter for open fracture 
S06.4X5A,Epidural hemorrhage with loss of consciousness greater than 24 hours with return to pre-existing conscious level initial encounter 
S02.0xxB,Fracture of vault of skull initial encounter for open fracture 
S06.4X6A,Epidural hemorrhage with loss of consciousness greater than 24 hours without return to pre-existing conscious level with patient surviving initial encounter 
S02.0xxB,Fracture of vault of skull initial encounter for open fracture 
S06.4X9A,Epidural hemorrhage with loss of consciousness of unspecified duration initial encounter 
S02.0xxB,Fracture of vault of skull initial encounter for open fracture 
S06.4X0A,Epidural hemorrhage without loss of consciousness initial encounter 
S02.0xxB,Fracture of vault of skull initial encounter for open fracture 
S06.360A,Traumatic hemorrhage of cerebrum unspecified without loss of consciousness initial encounter 
S02.0xxB,Fracture of vault of skull initial encounter for open fracture 
S06.360A,Traumatic hemorrhage of cerebrum unspecified without loss of consciousness initial encounter 
S02.0xxB,Fracture of vault of skull initial encounter for open fracture 
S06.361A,Traumatic hemorrhage of cerebrum unspecified with loss of consciousness of 30 minutes or less initial encounter 
S02.0xxB,Fracture of vault of skull initial encounter for open fracture 
S06.363A,Traumatic hemorrhage of cerebrum unspecified with loss of consciousness of 1 hours to 5 hours 59 minutes initial encounter 
S02.0xxB,Fracture of vault of skull initial encounter for open fracture 
S06.365A,Traumatic hemorrhage of cerebrum unspecified with loss of consciousness greater than 24 hours with return to pre-existing conscious level initial encounter 
S02.0xxB,Fracture of vault of skull initial encounter for open fracture 
S06.366A,Traumatic hemorrhage of cerebrum unspecified with loss of consciousness greater than 24 hours without return to pre-existing conscious level with patient surviving initial encounter 
S02.0xxB,Fracture of vault of skull initial encounter for open fracture 
S06.369A,Traumatic hemorrhage of cerebrum unspecified with loss of consciousness of unspecified duration initial encounter 
S02.0xxB,Fracture of vault of skull initial encounter for open fracture 
S06.360A,Traumatic hemorrhage of cerebrum unspecified without loss of consciousness initial encounter 
S02.0xxB,Fracture of vault of skull initial encounter for open fracture 
S06.890A,Other specified intracranial injury without loss of consciousness initial encounter 
S02.0xxB,Fracture of vault of skull initial encounter for open fracture 
S06.890A,Other specified intracranial injury without loss of consciousness initial encounter 
S02.0xxB,Fracture of vault of skull initial encounter for open fracture 
S06.891A,Other specified intracranial injury with loss of consciousness of 30 minutes or less initial encounter 
S02.0xxB,Fracture of vault of skull initial encounter for open fracture 
S06.893A,Other specified intracranial injury with loss of consciousness of 1 hour to 5 hours 59 minutes initial encounter 
S02.0xxB,Fracture of vault of skull initial encounter for open fracture 
S06.895A,Other specified intracranial injury with loss of consciousness greater than 24 hours with return to pre-existing conscious level initial encounter 
S02.0xxB,Fracture of vault of skull initial encounter for open fracture 
S06.896A,Other specified intracranial injury with loss of consciousness greater than 24 hours without return to pre-existing conscious level with patient surviving initial encounter 
S02.0xxB,Fracture of vault of skull initial encounter for open fracture 
S06.899A,Other specified intracranial injury with loss of consciousness of unspecified duration initial encounter 
S02.0xxB,Fracture of vault of skull initial encounter for open fracture 
S06.890A,Other specified intracranial injury without loss of consciousness initial encounter 
S02.10xA,Unspecified fracture of base of skull initial encounter for closed fracture 
S02.10xA,Unspecified fracture of base of skull initial encounter for closed fracture 
S02.10xA,Unspecified fracture of base of skull initial encounter for closed fracture 
S02.10xA,Unspecified fracture of base of skull initial encounter for closed fracture 
S02.10xA,Unspecified fracture of base of skull initial encounter for closed fracture 
S02.10xA,Unspecified fracture of base of skull initial encounter for closed fracture 
S02.10xA,Unspecified fracture of base of skull initial encounter for closed fracture 
S02.10xA,Unspecified fracture of base of skull initial encounter for closed fracture 
S02.10xA,Unspecified fracture of base of skull initial encounter for closed fracture 
S06.330A,Contusion and laceration of cerebrum unspecified without loss of consciousness initial encounter 
S02.10xA,Unspecified fracture of base of skull initial encounter for closed fracture 
S06.330A,Contusion and laceration of cerebrum unspecified without loss of consciousness initial encounter 
S02.10xA,Unspecified fracture of base of skull initial encounter for closed fracture 
S06.331A,Contusion and laceration of cerebrum unspecified with loss of consciousness of 30 minutes or less initial encounter 
S02.10xA,Unspecified fracture of base of skull initial encounter for closed fracture 
S06.333A,Contusion and laceration of cerebrum unspecified with loss of consciousness of 1 hour to 5 hours 59 minutes initial encounter 
S02.10xA,Unspecified fracture of base of skull initial encounter for closed fracture 
S06.335A,Contusion and laceration of cerebrum unspecified with loss of consciousness greater than 24 hours with return to pre-existing conscious level initial encounter 
S02.10xA,Unspecified fracture of base of skull initial encounter for closed fracture 
S06.336A,Contusion and laceration of cerebrum unspecified with loss of consciousness greater than 24 hours without return to pre-existing conscious level with patient surviving initial encounter 
S02.10xA,Unspecified fracture of base of skull initial encounter for closed fracture 
S06.339A,Contusion and laceration of cerebrum unspecified with loss of consciousness of unspecified duration initial encounter 
S02.10xA,Unspecified fracture of base of skull initial encounter for closed fracture 
S06.330A,Contusion and laceration of cerebrum unspecified without loss of consciousness initial encounter 
S02.10xA,Unspecified fracture of base of skull initial encounter for closed fracture 
S06.4X0A,Epidural hemorrhage without loss of consciousness initial encounter 
S02.10xA,Unspecified fracture of base of skull initial encounter for closed fracture 
S06.4X0A,Epidural hemorrhage without loss of consciousness initial encounter 
S02.10xA,Unspecified fracture of base of skull initial encounter for closed fracture 
S06.4X1A,Epidural hemorrhage with loss of consciousness of 30 minutes or less initial encounter 
S02.10xA,Unspecified fracture of base of skull initial encounter for closed fracture 
S06.4X3A,Epidural hemorrhage with loss of consciousness of 1 hour to 5 hours 59 minutes initial encounter 
S02.10xA,Unspecified fracture of base of skull initial encounter for closed fracture 
S06.4X5A,Epidural hemorrhage with loss of consciousness greater than 24 hours with return to pre-existing conscious level initial encounter 
S02.10xA,Unspecified fracture of base of skull initial encounter for closed fracture 
S06.4X6A,Epidural hemorrhage with loss of consciousness greater than 24 hours without return to pre-existing conscious level with patient surviving initial encounter 
S02.10xA,Unspecified fracture of base of skull initial encounter for closed fracture 
S06.4X9A,Epidural hemorrhage with loss of consciousness of unspecified duration initial encounter 
S02.10xA,Unspecified fracture of base of skull initial encounter for closed fracture 
S06.4X0A,Epidural hemorrhage without loss of consciousness initial encounter 
S02.10xA,Unspecified fracture of base of skull initial encounter for closed fracture 
S06.360A,Traumatic hemorrhage of cerebrum unspecified without loss of consciousness initial encounter 
S02.10xA,Unspecified fracture of base of skull initial encounter for closed fracture 
S06.360A,Traumatic hemorrhage of cerebrum unspecified without loss of consciousness initial encounter 
S02.10xA,Unspecified fracture of base of skull initial encounter for closed fracture 
S06.361A,Traumatic hemorrhage of cerebrum unspecified with loss of consciousness of 30 minutes or less initial encounter 
S02.10xA,Unspecified fracture of base of skull initial encounter for closed fracture 
S06.363A,Traumatic hemorrhage of cerebrum unspecified with loss of consciousness of 1 hours to 5 hours 59 minutes initial encounter 
S02.10xA,Unspecified fracture of base of skull initial encounter for closed fracture 
S06.365A,Traumatic hemorrhage of cerebrum unspecified with loss of consciousness greater than 24 hours with return to pre-existing conscious level initial encounter 
S02.10xA,Unspecified fracture of base of skull initial encounter for closed fracture 
S06.366A,Traumatic hemorrhage of cerebrum unspecified with loss of consciousness greater than 24 hours without return to pre-existing conscious level with patient surviving initial encounter 
S02.10xA,Unspecified fracture of base of skull initial encounter for closed fracture 
S06.369A,Traumatic hemorrhage of cerebrum unspecified with loss of consciousness of unspecified duration initial encounter 
S02.10xA,Unspecified fracture of base of skull initial encounter for closed fracture 
S06.360A,Traumatic hemorrhage of cerebrum unspecified without loss of consciousness initial encounter 
S02.10xA,Unspecified fracture of base of skull initial encounter for closed fracture 
S06.890A,Other specified intracranial injury without loss of consciousness initial encounter 
S02.10xA,Unspecified fracture of base of skull initial encounter for closed fracture 
S06.890A,Other specified intracranial injury without loss of consciousness initial encounter 
S02.10xA,Unspecified fracture of base of skull initial encounter for closed fracture 
S06.891A,Other specified intracranial injury with loss of consciousness of 30 minutes or less initial encounter 
S02.10xA,Unspecified fracture of base of skull initial encounter for closed fracture 
S06.893A,Other specified intracranial injury with loss of consciousness of 1 hour to 5 hours 59 minutes initial encounter 
S02.10xA,Unspecified fracture of base of skull initial encounter for closed fracture 
S06.895A,Other specified intracranial injury with loss of consciousness greater than 24 hours with return to pre-existing conscious level initial encounter 
S02.10xA,Unspecified fracture of base of skull initial encounter for closed fracture 
S06.896A,Other specified intracranial injury with loss of consciousness greater than 24 hours without return to pre-existing conscious level with patient surviving initial encounter 
S02.10xA,Unspecified fracture of base of skull initial encounter for closed fracture 
S06.899A,Other specified intracranial injury with loss of consciousness of unspecified duration initial encounter 
S02.10xA,Unspecified fracture of base of skull initial encounter for closed fracture 
S06.890A,Other specified intracranial injury without loss of consciousness initial encounter 
S02.10xB,Unspecified fracture of base of skull initial encounter for open fracture 
S02.10xB,Unspecified fracture of base of skull initial encounter for open fracture 
S02.10xB,Unspecified fracture of base of skull initial encounter for open fracture 
S02.10xB,Unspecified fracture of base of skull initial encounter for open fracture 
S02.10xB,Unspecified fracture of base of skull initial encounter for open fracture 
S02.10xB,Unspecified fracture of base of skull initial encounter for open fracture 
S02.10xB,Unspecified fracture of base of skull initial encounter for open fracture 
S02.10xB,Unspecified fracture of base of skull initial encounter for open fracture 
S02.10xB,Unspecified fracture of base of skull initial encounter for open fracture 
S06.330A,Contusion and laceration of cerebrum unspecified without loss of consciousness initial encounter 
'S02.10xB',Unspecified fracture of base of skull initial encounter for open fracture 
'S06.330A',Contusion and laceration of cerebrum unspecified without loss of consciousness initial encounter 
'S02.10xB',Unspecified fracture of base of skull initial encounter for open fracture 
'S06.331A',Contusion and laceration of cerebrum unspecified with loss of consciousness of 30 minutes or less initial encounter 
S02.10xB,Unspecified fracture of base of skull initial encounter for open fracture 
S06.333A,Contusion and laceration of cerebrum unspecified with loss of consciousness of 1 hour to 5 hours 59 minutes initial encounter 
S02.10xB,Unspecified fracture of base of skull initial encounter for open fracture 
S06.335A,Contusion and laceration of cerebrum unspecified with loss of consciousness greater than 24 hours with return to pre-existing conscious level initial encounter 
S02.10xB,Unspecified fracture of base of skull initial encounter for open fracture 
S06.336A,Contusion and laceration of cerebrum unspecified with loss of consciousness greater than 24 hours without return to pre-existing conscious level with patient surviving initial encounter 
S02.10xB,Unspecified fracture of base of skull initial encounter for open fracture 
S06.339A,Contusion and laceration of cerebrum unspecified with loss of consciousness of unspecified duration initial encounter 
S02.10xB,Unspecified fracture of base of skull initial encounter for open fracture 
S06.330A,Contusion and laceration of cerebrum unspecified without loss of consciousness initial encounter 
S02.10xB,Unspecified fracture of base of skull initial encounter for open fracture 
S06.4X0A,Epidural hemorrhage without loss of consciousness initial encounter 
S02.10xB,Unspecified fracture of base of skull initial encounter for open fracture 
S06.4X0A,Epidural hemorrhage without loss of consciousness initial encounter 
S02.10xB,Unspecified fracture of base of skull initial encounter for open fracture 
S06.4X1A,Epidural hemorrhage with loss of consciousness of 30 minutes or less initial encounter 
S02.10xB,Unspecified fracture of base of skull initial encounter for open fracture 
S06.4X3A,Epidural hemorrhage with loss of consciousness of 1 hour to 5 hours 59 minutes initial encounter 
S02.10xB,Unspecified fracture of base of skull initial encounter for open fracture 
S06.4X5A,Epidural hemorrhage with loss of consciousness greater than 24 hours with return to pre-existing conscious level initial encounter 
S02.10xB,Unspecified fracture of base of skull initial encounter for open fracture 
S06.4X6A,Epidural hemorrhage with loss of consciousness greater than 24 hours without return to pre-existing conscious level with patient surviving initial encounter 
S02.10xB,Unspecified fracture of base of skull initial encounter for open fracture 
S06.4X9A,Epidural hemorrhage with loss of consciousness of unspecified duration initial encounter 
S02.10xB,Unspecified fracture of base of skull initial encounter for open fracture 
S06.4X0A,Epidural hemorrhage without loss of consciousness initial encounter 
S02.10xB,Unspecified fracture of base of skull initial encounter for open fracture 
S06.360A,Traumatic hemorrhage of cerebrum unspecified without loss of consciousness initial encounter 
S02.10xB,Unspecified fracture of base of skull initial encounter for open fracture 
S02.10xB,Unspecified fracture of base of skull initial encounter for open fracture 
S02.10xB,Unspecified fracture of base of skull initial encounter for open fracture 
S06.363A,Traumatic hemorrhage of cerebrum unspecified with loss of consciousness of 1 hours to 5 hours 59 minutes initial encounter 
S02.10xB,Unspecified fracture of base of skull initial encounter for open fracture 
S06.365A,Traumatic hemorrhage of cerebrum unspecified with loss of consciousness greater than 24 hours with return to pre-existing conscious level initial encounter 
S02.10xB,Unspecified fracture of base of skull initial encounter for open fracture 
S06.366A,Traumatic hemorrhage of cerebrum unspecified with loss of consciousness greater than 24 hours without return to pre-existing conscious level with patient surviving initial encounter 
S02.10xB,Unspecified fracture of base of skull initial encounter for open fracture 
S06.369A,Traumatic hemorrhage of cerebrum unspecified with loss of consciousness of unspecified duration initial encounter 
S02.10xB,Unspecified fracture of base of skull initial encounter for open fracture 
S06.360A,Traumatic hemorrhage of cerebrum unspecified without loss of consciousness initial encounter 
S02.10xB,Unspecified fracture of base of skull initial encounter for open fracture 
S06.890A,Other specified intracranial injury without loss of consciousness initial encounter 
S02.10xB,Unspecified fracture of base of skull initial encounter for open fracture 
S06.890A,Other specified intracranial injury without loss of consciousness initial encounter 
S02.10xB,Unspecified fracture of base of skull initial encounter for open fracture 
S06.891A,Other specified intracranial injury with loss of consciousness of 30 minutes or less initial encounter 
S02.10xB,Unspecified fracture of base of skull initial encounter for open fracture 
S06.893A,Other specified intracranial injury with loss of consciousness of 1 hour to 5 hours 59 minutes initial encounter 
S02.10xB,Unspecified fracture of base of skull initial encounter for open fracture 
S06.895A,Other specified intracranial injury with loss of consciousness greater than 24 hours with return to pre-existing conscious level initial encounter 
S02.10xB,Unspecified fracture of base of skull initial encounter for open fracture 
S06.896A,Other specified intracranial injury with loss of consciousness greater than 24 hours without return to pre-existing conscious level with patient surviving initial encounter 
S02.10xB,Unspecified fracture of base of skull initial encounter for open fracture 
S06.899A,Other specified intracranial injury with loss of consciousness of unspecified duration initial encounter 
S02.10xB,Unspecified fracture of base of skull initial encounter for open fracture 
S06.890A,Other specified intracranial injury without loss of consciousness initial encounter 
S02.2xxA,Fracture of nasal bones initial encounter for closed fracture 
S02.2xxB,Fracture of nasal bones initial encounter for open fracture 
S02.609A,Fracture of mandible unspecified initial encounter for closed fracture 
S02.61xA,Fracture of condylar process of mandible initial encounter for closed fracture 
S02.62xA,Fracture of subcondylar process of mandible initial encounter for closed fracture 
S02.63xA,Fracture of coronoid process of mandible initial encounter for closed fracture 
S02.64xA,Fracture of ramus of mandible initial encounter for closed fracture 
S02.65xA,Fracture of angle of mandible initial encounter for closed fracture 
S02.66xA,Fracture of symphysis of mandible initial encounter for closed fracture 
S02.67xA,Fracture of alveolus of mandible initial encounter for closed fracture 
S02.600A,Fracture of unspecified part of body of mandible initial encounter for closed fracture 
S02.609A,Fracture of mandible unspecified initial encounter for closed fracture 
S02.609B,Fracture of mandible unspecified initial encounter for open fracture 
S02.61xB,Fracture of condylar process of mandible initial encounter for open fracture 
S02.62xB,Fracture of subcondylar process of mandible initial encounter for open fracture 
S02.63xB,Fracture of coronoid process of mandible initial encounter for open fracture 
S02.64xB,Fracture of ramus of mandible initial encounter for open fracture 
S02.65xB,Fracture of angle of mandible initial encounter for open fracture 
S02.66xB,Fracture of symphysis of mandible initial encounter for open fracture 
S02.67xB,Fracture of alveolus of mandible initial encounter for open fracture 
S02.600B,Fracture of unspecified part of body of mandible initial encounter for open fracture 
S02.609B,Fracture of mandible unspecified initial encounter for open fracture 
S02.401A,Maxillary fracture unspecified initial encounter for closed fracture 
S02.401B,Maxillary fracture unspecified initial encounter for open fracture 
S02.3xxA,Fracture of orbital floor initial encounter for closed fracture 
S02.3xxB,Fracture of orbital floor initial encounter for open fracture 
S02.42xA,Fracture of alveolus of maxilla initial encounter for closed fracture 
S02.42xB,Fracture of alveolus of maxilla initial encounter for open fracture 
S02.91xA,Unspecified fracture of skull initial encounter for closed fracture 
S02.91xA,Unspecified fracture of skull initial encounter for closed fracture 
S02.91xA,Unspecified fracture of skull initial encounter for closed fracture 
S02.91xA,Unspecified fracture of skull initial encounter for closed fracture 
S02.91xA,Unspecified fracture of skull initial encounter for closed fracture 
S02.91xA,Unspecified fracture of skull initial encounter for closed fracture 
S02.91xA,Unspecified fracture of skull initial encounter for closed fracture 
S02.91xA,Unspecified fracture of skull initial encounter for closed fracture 
S02.91xA,Unspecified fracture of skull initial encounter for closed fracture 
S06.330A,Contusion and laceration of cerebrum unspecified without loss of consciousness initial encounter 
S02.91xA,Unspecified fracture of skull initial encounter for closed fracture 
S06.330A,Contusion and laceration of cerebrum unspecified without loss of consciousness initial encounter 
S02.91xA,Unspecified fracture of skull initial encounter for closed fracture 
S06.331A,Contusion and laceration of cerebrum unspecified with loss of consciousness of 30 minutes or less initial encounter 
S02.91xA,Unspecified fracture of skull initial encounter for closed fracture 
S06.333A,Contusion and laceration of cerebrum unspecified with loss of consciousness of 1 hour to 5 hours 59 minutes initial encounter 
S02.91xA,Unspecified fracture of skull initial encounter for closed fracture 
S06.335A,Contusion and laceration of cerebrum unspecified with loss of consciousness greater than 24 hours with return to pre-existing conscious level initial encounter 
S02.91xA,Unspecified fracture of skull initial encounter for closed fracture 
S06.336A,Contusion and laceration of cerebrum unspecified with loss of consciousness greater than 24 hours without return to pre-existing conscious level with patient surviving initial encounter 
S02.91xA,Unspecified fracture of skull initial encounter for closed fracture 
S06.339A,Contusion and laceration of cerebrum unspecified with loss of consciousness of unspecified duration initial encounter 
S02.91xA,Unspecified fracture of skull initial encounter for closed fracture 
S06.330A,Contusion and laceration of cerebrum unspecified without loss of consciousness initial encounter 
S02.91xA,Unspecified fracture of skull initial encounter for closed fracture 
S06.4X0A,Epidural hemorrhage without loss of consciousness initial encounter 
S02.91xA,Unspecified fracture of skull initial encounter for closed fracture 
S06.4X0A,Epidural hemorrhage without loss of consciousness initial encounter 
S02.91xA,Unspecified fracture of skull initial encounter for closed fracture 
S06.4X1A,Epidural hemorrhage with loss of consciousness of 30 minutes or less initial encounter 
S02.91xA,Unspecified fracture of skull initial encounter for closed fracture 
S06.4X3A,Epidural hemorrhage with loss of consciousness of 1 hour to 5 hours 59 minutes initial encounter 
S02.91xA,Unspecified fracture of skull initial encounter for closed fracture 
S06.4X5A,Epidural hemorrhage with loss of consciousness greater than 24 hours with return to pre-existing conscious level initial encounter 
S02.91xA,Unspecified fracture of skull initial encounter for closed fracture 
S06.4X6A,Epidural hemorrhage with loss of consciousness greater than 24 hours without return to pre-existing conscious level with patient surviving initial encounter 
S02.91xA,Unspecified fracture of skull initial encounter for closed fracture 
S06.4X9A,Epidural hemorrhage with loss of consciousness of unspecified duration initial encounter 
S02.91xA,Unspecified fracture of skull initial encounter for closed fracture 
S06.4X0A,Epidural hemorrhage without loss of consciousness initial encounter 
S02.91xA,Unspecified fracture of skull initial encounter for closed fracture 
S06.369A,Traumatic hemorrhage of cerebrum unspecified with loss of consciousness of unspecified duration initial encounter 
S02.91xA,Unspecified fracture of skull initial encounter for closed fracture 
S06.360A,Traumatic hemorrhage of cerebrum unspecified without loss of consciousness initial encounter 
S02.91xA,Unspecified fracture of skull initial encounter for closed fracture 
S06.361A,Traumatic hemorrhage of cerebrum unspecified with loss of consciousness of 30 minutes or less initial encounter 
S02.91xA,Unspecified fracture of skull initial encounter for closed fracture 
S06.363A,Traumatic hemorrhage of cerebrum unspecified with loss of consciousness of 1 hours to 5 hours 59 minutes initial encounter 
S02.91xA,Unspecified fracture of skull initial encounter for closed fracture 
S06.365A,Traumatic hemorrhage of cerebrum unspecified with loss of consciousness greater than 24 hours with return to pre-existing conscious level initial encounter 
S02.91xA,Unspecified fracture of skull initial encounter for closed fracture 
S06.366A,Traumatic hemorrhage of cerebrum unspecified with loss of consciousness greater than 24 hours without return to pre-existing conscious level with patient surviving initial encounter 
S02.91xA,Unspecified fracture of skull initial encounter for closed fracture 
S06.369A,Traumatic hemorrhage of cerebrum unspecified with loss of consciousness of unspecified duration initial encounter 
S02.91xA,Unspecified fracture of skull initial encounter for closed fracture 
S06.360A,Traumatic hemorrhage of cerebrum unspecified without loss of consciousness initial encounter 
S02.91xA,Unspecified fracture of skull initial encounter for closed fracture 
S06.890A,Other specified intracranial injury without loss of consciousness initial encounter 
S02.91xA,Unspecified fracture of skull initial encounter for closed fracture 
S06.890A,Other specified intracranial injury without loss of consciousness initial encounter 
S02.91xA,Unspecified fracture of skull initial encounter for closed fracture 
S06.891A,Other specified intracranial injury with loss of consciousness of 30 minutes or less initial encounter 
S02.91xA,Unspecified fracture of skull initial encounter for closed fracture 
S06.893A,Other specified intracranial injury with loss of consciousness of 1 hour to 5 hours 59 minutes initial encounter 
S02.91xA,Unspecified fracture of skull initial encounter for closed fracture 
S06.895A,Other specified intracranial injury with loss of consciousness greater than 24 hours with return to pre-existing conscious level initial encounter 
S02.91xA,Unspecified fracture of skull initial encounter for closed fracture 
S06.896A,Other specified intracranial injury with loss of consciousness greater than 24 hours without return to pre-existing conscious level with patient surviving initial encounter 
S02.91xA,Unspecified fracture of skull initial encounter for closed fracture 
S06.899A,Other specified intracranial injury with loss of consciousness of unspecified duration initial encounter 
S02.91xA,Unspecified fracture of skull initial encounter for closed fracture 
S06.890A,Other specified intracranial injury without loss of consciousness initial encounter 
S02.91xB,Unspecified fracture of skull initial encounter for open fracture 
S02.91xB,Unspecified fracture of skull initial encounter for open fracture 
S02.91xB,Unspecified fracture of skull initial encounter for open fracture 
S02.91xB,Unspecified fracture of skull initial encounter for open fracture 
S02.91xB,Unspecified fracture of skull initial encounter for open fracture 
S02.91xB,Unspecified fracture of skull initial encounter for open fracture 
S02.91xB,Unspecified fracture of skull initial encounter for open fracture 
S02.91xB,Unspecified fracture of skull initial encounter for open fracture 
S02.91xB,Unspecified fracture of skull initial encounter for open fracture 
S06.330A,Contusion and laceration of cerebrum unspecified without loss of consciousness initial encounter 
S02.91xB,Unspecified fracture of skull initial encounter for open fracture 
S06.330A,Contusion and laceration of cerebrum unspecified without loss of consciousness initial encounter 
S02.91xB,Unspecified fracture of skull initial encounter for open fracture 
S06.331A,Contusion and laceration of cerebrum unspecified with loss of consciousness of 30 minutes or less initial encounter 
S02.91xB,Unspecified fracture of skull initial encounter for open fracture 
S06.333A,Contusion and laceration of cerebrum unspecified with loss of consciousness of 1 hour to 5 hours 59 minutes initial encounter 
S02.91xB,Unspecified fracture of skull initial encounter for open fracture 
S06.335A,Contusion and laceration of cerebrum unspecified with loss of consciousness greater than 24 hours with return to pre-existing conscious level initial encounter 
S02.91xB,Unspecified fracture of skull initial encounter for open fracture 
S06.336A,Contusion and laceration of cerebrum unspecified with loss of consciousness greater than 24 hours without return to pre-existing conscious level with patient surviving initial encounter 
S02.91xB,Unspecified fracture of skull initial encounter for open fracture 
S06.339A,Contusion and laceration of cerebrum unspecified with loss of consciousness of unspecified duration initial encounter 
S02.91xB,Unspecified fracture of skull initial encounter for open fracture 
S06.330A,Contusion and laceration of cerebrum unspecified without loss of consciousness initial encounter 
S02.91xB,Unspecified fracture of skull initial encounter for open fracture 
S06.4X0A,Epidural hemorrhage without loss of consciousness initial encounter 
S02.91xB,Unspecified fracture of skull initial encounter for open fracture 
S06.4X0A,Epidural hemorrhage without loss of consciousness initial encounter 
S02.91xB,Unspecified fracture of skull initial encounter for open fracture 
S06.4X1A,Epidural hemorrhage with loss of consciousness of 30 minutes or less initial encounter 
S02.91xB,Unspecified fracture of skull initial encounter for open fracture 
S06.4X3A,Epidural hemorrhage with loss of consciousness of 1 hour to 5 hours 59 minutes initial encounter 
S02.91xB,Unspecified fracture of skull initial encounter for open fracture 
S06.4X5A,Epidural hemorrhage with loss of consciousness greater than 24 hours with return to pre-existing conscious level initial encounter 
S02.91xB,Unspecified fracture of skull initial encounter for open fracture 
S06.4X6A,Epidural hemorrhage with loss of consciousness greater than 24 hours without return to pre-existing conscious level with patient surviving initial encounter 
S02.91xB,Unspecified fracture of skull initial encounter for open fracture 
S06.4X9A,Epidural hemorrhage with loss of consciousness of unspecified duration initial encounter 
S02.91xB,Unspecified fracture of skull initial encounter for open fracture 
S06.4X0A,Epidural hemorrhage without loss of consciousness initial encounter 
S02.91xB,Unspecified fracture of skull initial encounter for open fracture 
S06.360A,Traumatic hemorrhage of cerebrum unspecified without loss of consciousness initial encounter 
S02.91xB,Unspecified fracture of skull initial encounter for open fracture 
S06.360A,Traumatic hemorrhage of cerebrum unspecified without loss of consciousness initial encounter 
S02.91xB,Unspecified fracture of skull initial encounter for open fracture 
S06.361A,Traumatic hemorrhage of cerebrum unspecified with loss of consciousness of 30 minutes or less initial encounter 
S02.91xB,Unspecified fracture of skull initial encounter for open fracture 
S06.363A,Traumatic hemorrhage of cerebrum unspecified with loss of consciousness of 1 hours to 5 hours 59 minutes initial encounter 
S02.91xB,Unspecified fracture of skull initial encounter for open fracture 
S06.365A,Traumatic hemorrhage of cerebrum unspecified with loss of consciousness greater than 24 hours with return to pre-existing conscious level initial encounter 
S02.91xB,Unspecified fracture of skull initial encounter for open fracture 
S06.366A,Traumatic hemorrhage of cerebrum unspecified with loss of consciousness greater than 24 hours without return to pre-existing conscious level with patient surviving initial encounter 
S02.91xB,Unspecified fracture of skull initial encounter for open fracture 
S06.369A,Traumatic hemorrhage of cerebrum unspecified with loss of consciousness of unspecified duration initial encounter 
S02.91xB,Unspecified fracture of skull initial encounter for open fracture 
S06.360A,Traumatic hemorrhage of cerebrum unspecified without loss of consciousness initial encounter 
S02.91xB,Unspecified fracture of skull initial encounter for open fracture 
S06.890A,Other specified intracranial injury without loss of consciousness initial encounter 
S02.91xB,Unspecified fracture of skull initial encounter for open fracture 
S06.890A,Other specified intracranial injury without loss of consciousness initial encounter 
S02.91xB,Unspecified fracture of skull initial encounter for open fracture 
S06.891A,Other specified intracranial injury with loss of consciousness of 30 minutes or less initial encounter 
S02.91xB,Unspecified fracture of skull initial encounter for open fracture 
S06.893A,Other specified intracranial injury with loss of consciousness of 1 hour to 5 hours 59 minutes initial encounter 
S02.91xB,Unspecified fracture of skull initial encounter for open fracture 
S06.895A,Other specified intracranial injury with loss of consciousness greater than 24 hours with return to pre-existing conscious level initial encounter 
S02.91xB,Unspecified fracture of skull initial encounter for open fracture 
S06.896A,Other specified intracranial injury with loss of consciousness greater than 24 hours without return to pre-existing conscious level with patient surviving initial encounter 
S02.91xB,Unspecified fracture of skull initial encounter for open fracture 
S06.899A,Other specified intracranial injury with loss of consciousness of unspecified duration initial encounter 
S02.91xB,Unspecified fracture of skull initial encounter for open fracture 
S06.890A,Other specified intracranial injury without loss of consciousness initial encounter 
S02.91xA,Unspecified fracture of skull initial encounter for closed fracture 
S02.91xA,Unspecified fracture of skull initial encounter for closed fracture 
S02.91xA,Unspecified fracture of skull initial encounter for closed fracture 
S02.91xA,Unspecified fracture of skull initial encounter for closed fracture 
S02.91xA,Unspecified fracture of skull initial encounter for closed fracture 
S02.91xA,Unspecified fracture of skull initial encounter for closed fracture 
S02.91xA,Unspecified fracture of skull initial encounter for closed fracture 
S02.91xA,Unspecified fracture of skull initial encounter for closed fracture 
S02.91xA,Unspecified fracture of skull initial encounter for closed fracture 
S06.330A,Contusion and laceration of cerebrum unspecified without loss of consciousness initial encounter 
S02.91xA,Unspecified fracture of skull initial encounter for closed fracture 
S06.330A,Contusion and laceration of cerebrum unspecified without loss of consciousness initial encounter 
S02.91xA,Unspecified fracture of skull initial encounter for closed fracture 
S06.331A,Contusion and laceration of cerebrum unspecified with loss of consciousness of 30 minutes or less initial encounter 
S02.91xA,Unspecified fracture of skull initial encounter for closed fracture 
S06.333A,Contusion and laceration of cerebrum unspecified with loss of consciousness of 1 hour to 5 hours 59 minutes initial encounter 
S02.91xA,Unspecified fracture of skull initial encounter for closed fracture 
S06.335A,Contusion and laceration of cerebrum unspecified with loss of consciousness greater than 24 hours with return to pre-existing conscious level initial encounter 
S02.91xA,Unspecified fracture of skull initial encounter for closed fracture 
S06.336A,Contusion and laceration of cerebrum unspecified with loss of consciousness greater than 24 hours without return to pre-existing conscious level with patient surviving initial encounter 
S02.91xA,Unspecified fracture of skull initial encounter for closed fracture 
S06.339A,Contusion and laceration of cerebrum unspecified with loss of consciousness of unspecified duration initial encounter 
S02.91xA,Unspecified fracture of skull initial encounter for closed fracture 
S06.330A,Contusion and laceration of cerebrum unspecified without loss of consciousness initial encounter 
S02.91xA,Unspecified fracture of skull initial encounter for closed fracture 
S06.4X0A,Epidural hemorrhage without loss of consciousness initial encounter 
S02.91xA,Unspecified fracture of skull initial encounter for closed fracture 
S06.4X0A,Epidural hemorrhage without loss of consciousness initial encounter 
S02.91xA,Unspecified fracture of skull initial encounter for closed fracture 
S06.4X1A,Epidural hemorrhage with loss of consciousness of 30 minutes or less initial encounter 
S02.91xA,Unspecified fracture of skull initial encounter for closed fracture 
S06.4X3A,Epidural hemorrhage with loss of consciousness of 1 hour to 5 hours 59 minutes initial encounter 
S02.91xA,Unspecified fracture of skull initial encounter for closed fracture 
S06.4X5A,Epidural hemorrhage with loss of consciousness greater than 24 hours with return to pre-existing conscious level initial encounter 
S02.91xA,Unspecified fracture of skull initial encounter for closed fracture 
S06.4X6A,Epidural hemorrhage with loss of consciousness greater than 24 hours without return to pre-existing conscious level with patient surviving initial encounter 
S02.91xA,Unspecified fracture of skull initial encounter for closed fracture 
S06.4X9A,Epidural hemorrhage with loss of consciousness of unspecified duration initial encounter 
S02.91xA,Unspecified fracture of skull initial encounter for closed fracture 
S06.4X0A,Epidural hemorrhage without loss of consciousness initial encounter 
S02.91xA,Unspecified fracture of skull initial encounter for closed fracture 
S06.360A,Traumatic hemorrhage of cerebrum unspecified without loss of consciousness initial encounter 
S02.91xA,Unspecified fracture of skull initial encounter for closed fracture 
S06.360A,Traumatic hemorrhage of cerebrum unspecified without loss of consciousness initial encounter 
S02.91xA,Unspecified fracture of skull initial encounter for closed fracture 
S06.361A,Traumatic hemorrhage of cerebrum unspecified with loss of consciousness of 30 minutes or less initial encounter 
S02.91xA,Unspecified fracture of skull initial encounter for closed fracture 
S06.363A,Traumatic hemorrhage of cerebrum unspecified with loss of consciousness of 1 hours to 5 hours 59 minutes initial encounter 
S02.91xA,Unspecified fracture of skull initial encounter for closed fracture 
S06.365A,Traumatic hemorrhage of cerebrum unspecified with loss of consciousness greater than 24 hours with return to pre-existing conscious level initial encounter 
S02.91xA,Unspecified fracture of skull initial encounter for closed fracture 
S06.366A,Traumatic hemorrhage of cerebrum unspecified with loss of consciousness greater than 24 hours without return to pre-existing conscious level with patient surviving initial encounter 
S02.91xA,Unspecified fracture of skull initial encounter for closed fracture 
S06.369A,Traumatic hemorrhage of cerebrum unspecified with loss of consciousness of unspecified duration initial encounter 
S02.91xA,Unspecified fracture of skull initial encounter for closed fracture 
S06.360A,Traumatic hemorrhage of cerebrum unspecified without loss of consciousness initial encounter 
S02.91xA,Unspecified fracture of skull initial encounter for closed fracture 
S06.890A,Other specified intracranial injury without loss of consciousness initial encounter 
S02.91xA,Unspecified fracture of skull initial encounter for closed fracture 
S06.890A,Other specified intracranial injury without loss of consciousness initial encounter 
S02.91xA,Unspecified fracture of skull initial encounter for closed fracture 
S06.891A,Other specified intracranial injury with loss of consciousness of 30 minutes or less initial encounter 
S02.91xA,Unspecified fracture of skull initial encounter for closed fracture 
S06.893A,Other specified intracranial injury with loss of consciousness of 1 hour to 5 hours 59 minutes initial encounter 
S02.91xA,Unspecified fracture of skull initial encounter for closed fracture 
S06.895A,Other specified intracranial injury with loss of consciousness greater than 24 hours with return to pre-existing conscious level initial encounter 
S02.91xA,Unspecified fracture of skull initial encounter for closed fracture 
S06.896A,Other specified intracranial injury with loss of consciousness greater than 24 hours without return to pre-existing conscious level with patient surviving initial encounter 
S02.91xA,Unspecified fracture of skull initial encounter for closed fracture 
S06.899A,Other specified intracranial injury with loss of consciousness of unspecified duration initial encounter 
S02.91xA,Unspecified fracture of skull initial encounter for closed fracture 
S06.890A,Other specified intracranial injury without loss of consciousness initial encounter 
S02.91xB,Unspecified fracture of skull initial encounter for open fracture 
S02.91xB,Unspecified fracture of skull initial encounter for open fracture 
S02.91xB,Unspecified fracture of skull initial encounter for open fracture 
S02.91xB,Unspecified fracture of skull initial encounter for open fracture 
S02.91xB,Unspecified fracture of skull initial encounter for open fracture 
S02.91xB,Unspecified fracture of skull initial encounter for open fracture 
S02.91xB,Unspecified fracture of skull initial encounter for open fracture 
S02.91xB,Unspecified fracture of skull initial encounter for open fracture 
S02.91xB,Unspecified fracture of skull initial encounter for open fracture 
S06.330A,Contusion and laceration of cerebrum unspecified without loss of consciousness initial encounter 
S02.91xB,Unspecified fracture of skull initial encounter for open fracture 
S02.91xB,Unspecified fracture of skull initial encounter for open fracture 
S06.331A,Contusion and laceration of cerebrum unspecified with loss of consciousness of 30 minutes or less initial encounter 
S02.91xB,Unspecified fracture of skull initial encounter for open fracture 
S06.333A,Contusion and laceration of cerebrum unspecified with loss of consciousness of 1 hour to 5 hours 59 minutes initial encounter 
S02.91xB,Unspecified fracture of skull initial encounter for open fracture 
S06.335A,Contusion and laceration of cerebrum unspecified with loss of consciousness greater than 24 hours with return to pre-existing conscious level initial encounter 
S02.91xB,Unspecified fracture of skull initial encounter for open fracture 
S02.91xB,Unspecified fracture of skull initial encounter for open fracture 
S02.91xB,Unspecified fracture of skull initial encounter for open fracture 
S06.330A,Contusion and laceration of cerebrum unspecified without loss of consciousness initial encounter 
S02.91xB,Unspecified fracture of skull initial encounter for open fracture 
S06.4X0A,Epidural hemorrhage without loss of consciousness initial encounter 
S02.91xB,Unspecified fracture of skull initial encounter for open fracture 
S06.4X0A,Epidural hemorrhage without loss of consciousness initial encounter 
S02.91xB,Unspecified fracture of skull initial encounter for open fracture 
S06.4X1A,Epidural hemorrhage with loss of consciousness of 30 minutes or less initial encounter 
S02.91xB,Unspecified fracture of skull initial encounter for open fracture 
S06.4X3A,Epidural hemorrhage with loss of consciousness of 1 hour to 5 hours 59 minutes initial encounter 
S02.91xB,Unspecified fracture of skull initial encounter for open fracture 
S06.4X5A,Epidural hemorrhage with loss of consciousness greater than 24 hours with return to pre-existing conscious level initial encounter 
S02.91xB,Unspecified fracture of skull initial encounter for open fracture 
S06.4X6A,Epidural hemorrhage with loss of consciousness greater than 24 hours without return to pre-existing conscious level with patient surviving initial encounter 
S02.91xB,Unspecified fracture of skull initial encounter for open fracture 
S06.4X9A,Epidural hemorrhage with loss of consciousness of unspecified duration initial encounter 
S02.91xB,Unspecified fracture of skull initial encounter for open fracture 
S06.4X0A,Epidural hemorrhage without loss of consciousness initial encounter 
S02.91xB,Unspecified fracture of skull initial encounter for open fracture 
S06.360A,Traumatic hemorrhage of cerebrum unspecified without loss of consciousness initial encounter 
S02.91xB,Unspecified fracture of skull initial encounter for open fracture 
S06.360A,Traumatic hemorrhage of cerebrum unspecified without loss of consciousness initial encounter 
S02.91xB,Unspecified fracture of skull initial encounter for open fracture 
S06.361A,Traumatic hemorrhage of cerebrum unspecified with loss of consciousness of 30 minutes or less initial encounter 
S02.91xB,Unspecified fracture of skull initial encounter for open fracture 
S06.363A,Traumatic hemorrhage of cerebrum unspecified with loss of consciousness of 1 hours to 5 hours 59 minutes initial encounter 
S02.91xB,Unspecified fracture of skull initial encounter for open fracture 
S06.365A,Traumatic hemorrhage of cerebrum unspecified with loss of consciousness greater than 24 hours with return to pre-existing conscious level initial encounter 
S02.91xB,Unspecified fracture of skull initial encounter for open fracture 
S06.366A,Traumatic hemorrhage of cerebrum unspecified with loss of consciousness greater than 24 hours without return to pre-existing conscious level with patient surviving initial encounter 
S02.91xB,Unspecified fracture of skull initial encounter for open fracture 
S06.369A,Traumatic hemorrhage of cerebrum unspecified with loss of consciousness of unspecified duration initial encounter 
S02.91xB,Unspecified fracture of skull initial encounter for open fracture 
S06.360A,Traumatic hemorrhage of cerebrum unspecified without loss of consciousness initial encounter 
S02.91xB,Unspecified fracture of skull initial encounter for open fracture 
S06.890A,Other specified intracranial injury without loss of consciousness initial encounter 
S02.91xB,Unspecified fracture of skull initial encounter for open fracture 
S06.890A,Other specified intracranial injury without loss of consciousness initial encounter 
S02.91xB,Unspecified fracture of skull initial encounter for open fracture 
S06.891A,Other specified intracranial injury with loss of consciousness of 30 minutes or less initial encounter 
S02.91xB,Unspecified fracture of skull initial encounter for open fracture 
S06.893A,Other specified intracranial injury with loss of consciousness of 1 hour to 5 hours 59 minutes initial encounter 
S02.91xB,Unspecified fracture of skull initial encounter for open fracture 
S06.895A,Other specified intracranial injury with loss of consciousness greater than 24 hours with return to pre-existing conscious level initial encounter 
S02.91xB,Unspecified fracture of skull initial encounter for open fracture 
S06.896A,Other specified intracranial injury with loss of consciousness greater than 24 hours without return to pre-existing conscious level with patient surviving initial encounter 
S02.91xB,Unspecified fracture of skull initial encounter for open fracture 
S06.899A,Other specified intracranial injury with loss of consciousness of unspecified duration initial encounter 
S02.91xB,Unspecified fracture of skull initial encounter for open fracture 
S06.890A,Other specified intracranial injury without loss of consciousness initial encounter 
S12.9xxA,Fracture of neck unspecified initial encounter 
S12.000A,Unspecified displaced fracture of first cervical vertebra initial encounter for closed fracture 
S12.100A,Unspecified displaced fracture of second cervical vertebra initial encounter for closed fracture 
S12.200A,Unspecified displaced fracture of third cervical vertebra initial encounter for closed fracture 
S12.300A,Unspecified displaced fracture of fourth cervical vertebra initial encounter for closed fracture 
S12.400A,Unspecified displaced fracture of fifth cervical vertebra initial encounter for closed fracture 
S12.500A,Unspecified displaced fracture of sixth cervical vertebra initial encounter for closed fracture 
S12.600A,Unspecified displaced fracture of seventh cervical vertebra initial encounter for closed fracture 
S12.9xxA,Fracture of neck unspecified initial encounter 
S12.9xxA,Fracture of neck unspecified initial encounter 
S12.000B,Unspecified displaced fracture of first cervical vertebra initial encounter for open fracture 
S12.100B,Unspecified displaced fracture of second cervical vertebra initial encounter for open fracture 
S12.200B,Unspecified displaced fracture of third cervical vertebra initial encounter for open fracture 
S12.300B,Unspecified displaced fracture of fourth cervical vertebra initial encounter for open fracture 
S12.400B,Unspecified displaced fracture of fifth cervical vertebra initial encounter for open fracture 
S12.500B,Unspecified displaced fracture of sixth cervical vertebra initial encounter for open fracture 
S12.600B,Unspecified displaced fracture of seventh cervical vertebra initial encounter for open fracture 
S12.9xxA,Fracture of neck unspecified initial encounter 
S22.009A,Unspecified fracture of unspecified thoracic vertebra initial encounter for closed fracture 
S22.009B,Unspecified fracture of unspecified thoracic vertebra initial encounter for open fracture 
S32.009A,Unspecified fracture of unspecified lumbar vertebra initial encounter for closed fracture 
S32.009B,Unspecified fracture of unspecified lumbar vertebra initial encounter for open fracture 
S32.10xA,Unspecified fracture of sacrum initial encounter for closed fracture 
S32.10xB,Unspecified fracture of sacrum initial encounter for open fracture 
S32.009A,Unspecified fracture of unspecified lumbar vertebra initial encounter for closed fracture 
S32.009B,Unspecified fracture of unspecified lumbar vertebra initial encounter for open fracture 
S14.101A,Unspecified injury at C1 level of cervical spinal cord initial encounter 
S12.000A,Unspecified displaced fracture of first cervical vertebra initial encounter for closed fracture 
S14.111A,Complete lesion at C1 level of cervical spinal cord initial encounter 
S12.000A,Unspecified displaced fracture of first cervical vertebra initial encounter for closed fracture 
S14.131A,Anterior cord syndrome at C1 level of cervical spinal cord initial encounter 
S12.000A,Unspecified displaced fracture of first cervical vertebra initial encounter for closed fracture 
S14.121A,Central cord syndrome at C1 level of cervical spinal cord initial encounter 
S12.000A,Unspecified displaced fracture of first cervical vertebra initial encounter for closed fracture 
S14.151A,Other incomplete lesion at C1 level of cervical spinal cord initial encounter 
S12.000A,Unspecified displaced fracture of first cervical vertebra initial encounter for closed fracture 
S14.105A,Unspecified injury at C5 level of cervical spinal cord initial encounter 
S12.400A,Unspecified displaced fracture of fifth cervical vertebra initial encounter for closed fracture 
S14.115A,Complete lesion at C5 level of cervical spinal cord initial encounter 
S12.400A,Unspecified displaced fracture of fifth cervical vertebra initial encounter for closed fracture 
S14.135A,Anterior cord syndrome at C5 level of cervical spinal cord initial encounter 
S12.400A,Unspecified displaced fracture of fifth cervical vertebra initial encounter for closed fracture 
S14.125A,Central cord syndrome at C5 level of cervical spinal cord initial encounter 
S12.400A,Unspecified displaced fracture of fifth cervical vertebra initial encounter for closed fracture 
S14.155A,Other incomplete lesion at C5 level of cervical spinal cord initial encounter 
S12.400A,Unspecified displaced fracture of fifth cervical vertebra initial encounter for closed fracture 
S14.101A,Unspecified injury at C1 level of cervical spinal cord initial encounter 
S12.000B,Unspecified displaced fracture of first cervical vertebra initial encounter for open fracture 
S14.111A,Complete lesion at C1 level of cervical spinal cord initial encounter 
S12.000B,Unspecified displaced fracture of first cervical vertebra initial encounter for open fracture 
S14.131A,Anterior cord syndrome at C1 level of cervical spinal cord initial encounter 
S12.000B,Unspecified displaced fracture of first cervical vertebra initial encounter for open fracture 
S14.121A,Central cord syndrome at C1 level of cervical spinal cord initial encounter 
S12.000B,Unspecified displaced fracture of first cervical vertebra initial encounter for open fracture 
S14.151A,Other incomplete lesion at C1 level of cervical spinal cord initial encounter 
S12.000B,Unspecified displaced fracture of first cervical vertebra initial encounter for open fracture 
S14.105A,Unspecified injury at C5 level of cervical spinal cord initial encounter 
S12.400B,Unspecified displaced fracture of fifth cervical vertebra initial encounter for open fracture 
S14.115A,Complete lesion at C5 level of cervical spinal cord initial encounter 
S12.400B,Unspecified displaced fracture of fifth cervical vertebra initial encounter for open fracture 
S14.135A,Anterior cord syndrome at C5 level of cervical spinal cord initial encounter 
S12.400B,Unspecified displaced fracture of fifth cervical vertebra initial encounter for open fracture 
S14.125A,Central cord syndrome at C5 level of cervical spinal cord initial encounter 
S12.400B,Unspecified displaced fracture of fifth cervical vertebra initial encounter for open fracture 
S14.155A,Other incomplete lesion at C5 level of cervical spinal cord initial encounter 
S12.400B,Unspecified displaced fracture of fifth cervical vertebra initial encounter for open fracture 
S24.101A,Unspecified injury at T1 level of thoracic spinal cord initial encounter 
S22.019A,Unspecified fracture of first thoracic vertebra initial encounter for closed fracture 
S24.111A,Complete lesion at T1 level of thoracic spinal cord initial encounter 
S22.019A,Unspecified fracture of first thoracic vertebra initial encounter for closed fracture 
S24.131A,Anterior cord syndrome at T1 level of thoracic spinal cord initial encounter 
S22.019A,Unspecified fracture of first thoracic vertebra initial encounter for closed fracture 
S24.151A,Other incomplete lesion at T1 level of thoracic spinal cord initial encounter 
S22.019A,Unspecified fracture of first thoracic vertebra initial encounter for closed fracture 
S24.151A,Other incomplete lesion at T1 level of thoracic spinal cord initial encounter 
S22.019A,Unspecified fracture of first thoracic vertebra initial encounter for closed fracture 
S24.103A,Unspecified injury at T7-T10 level of thoracic spinal cord initial encounter 
S22.069A,Unspecified fracture of T7-T8 vertebra initial encounter for closed fracture 
S24.113A,Complete lesion at T7-T10 level of thoracic spinal cord initial encounter 
S22.069A,Unspecified fracture of T7-T8 vertebra initial encounter for closed fracture 
S24.133A,Anterior cord syndrome at T7-T10 level of thoracic spinal cord initial encounter 
S22.069A,Unspecified fracture of T7-T8 vertebra initial encounter for closed fracture 
S24.153A,Other incomplete lesion at T7-T10 level of thoracic spinal cord initial encounter 
S22.069A,Unspecified fracture of T7-T8 vertebra initial encounter for closed fracture 
S24.153A,Other incomplete lesion at T7-T10 level of thoracic spinal cord initial encounter 
S22.069A,Unspecified fracture of T7-T8 vertebra initial encounter for closed fracture 
S24.101A,Unspecified injury at T1 level of thoracic spinal cord initial encounter 
S22.019B,Unspecified fracture of first thoracic vertebra initial encounter for open fracture 
S24.111A,Complete lesion at T1 level of thoracic spinal cord initial encounter 
S22.019B,Unspecified fracture of first thoracic vertebra initial encounter for open fracture 
S24.131A,Anterior cord syndrome at T1 level of thoracic spinal cord initial encounter 
S22.019B,Unspecified fracture of first thoracic vertebra initial encounter for open fracture 
S24.151A,Other incomplete lesion at T1 level of thoracic spinal cord initial encounter 
S22.019B,Unspecified fracture of first thoracic vertebra initial encounter for open fracture 
S24.151A,Other incomplete lesion at T1 level of thoracic spinal cord initial encounter 
S22.019B,Unspecified fracture of first thoracic vertebra initial encounter for open fracture 
S24.103A,Unspecified injury at T7-T10 level of thoracic spinal cord initial encounter 
S22.069B,Unspecified fracture of T7-T8 vertebra initial encounter for open fracture 
S24.113A,Complete lesion at T7-T10 level of thoracic spinal cord initial encounter 
S22.069B,Unspecified fracture of T7-T8 vertebra initial encounter for open fracture 
S24.133A,Anterior cord syndrome at T7-T10 level of thoracic spinal cord initial encounter 
S22.069B,Unspecified fracture of T7-T8 vertebra initial encounter for open fracture 
S24.153A,Other incomplete lesion at T7-T10 level of thoracic spinal cord initial encounter 
S22.069B,Unspecified fracture of T7-T8 vertebra initial encounter for open fracture 
S24.153A,Other incomplete lesion at T7-T10 level of thoracic spinal cord initial encounter 
S22.069B,Unspecified fracture of T7-T8 vertebra initial encounter for open fracture 
S34.101A,Unspecified injury to L1 level of lumbar spinal cord initial encounter 
S32.019A,Unspecified fracture of first lumbar vertebra initial encounter for closed fracture 
S34.101A,Unspecified injury to L1 level of lumbar spinal cord initial encounter 
S32.019B,Unspecified fracture of first lumbar vertebra initial encounter for open fracture 
S34.139A,Unspecified injury to sacral spinal cord initial encounter 
S32.10xA,Unspecified fracture of sacrum initial encounter for closed fracture 
S34.3xxA,Injury of cauda equina initial encounter 
S32.10xA,Unspecified fracture of sacrum initial encounter for closed fracture 
S34.3xxA,Injury of cauda equina initial encounter 
S32.10xA,Unspecified fracture of sacrum initial encounter for closed fracture 
S34.131A,Complete lesion of sacral spinal cord initial encounter 
S32.10xA,Unspecified fracture of sacrum initial encounter for closed fracture 
S34.139A,Unspecified injury to sacral spinal cord initial encounter 
S32.10xB,Unspecified fracture of sacrum initial encounter for open fracture 
S34.3xxA,Injury of cauda equina initial encounter 
S32.10xB,Unspecified fracture of sacrum initial encounter for open fracture 
S34.3xxA,Injury of cauda equina initial encounter 
S32.10xB,Unspecified fracture of sacrum initial encounter for open fracture 
S34.131A,Complete lesion of sacral spinal cord initial encounter 
S32.10xB,Unspecified fracture of sacrum initial encounter for open fracture 
S14.109A,Unspecified injury at unspecified level of cervical spinal cord initial encounter 
S12.9xxA,Fracture of neck unspecified initial encounter 
S14.109A,Unspecified injury at unspecified level of cervical spinal cord initial encounter 
S12.9xxA,Fracture of neck unspecified initial encounter 
S22.39xA,Fracture of one rib unspecified side initial encounter for closed fracture 
S22.39xA,Fracture of one rib unspecified side initial encounter for closed fracture 
S22.49xA,Multiple fractures of ribs unspecified side initial encounter for closed fracture 
S22.49xA,Multiple fractures of ribs unspecified side initial encounter for closed fracture 
S22.49xA,Multiple fractures of ribs unspecified side initial encounter for closed fracture 
S22.49xA,Multiple fractures of ribs unspecified side initial encounter for closed fracture 
S22.49xA,Multiple fractures of ribs unspecified side initial encounter for closed fracture 
S22.49xA,Multiple fractures of ribs unspecified side initial encounter for closed fracture 
S22.49xA,Multiple fractures of ribs unspecified side initial encounter for closed fracture 
S22.49xA,Multiple fractures of ribs unspecified side initial encounter for closed fracture 
S22.39xB,Fracture of one rib unspecified side initial encounter for open fracture 
S22.39xB,Fracture of one rib unspecified side initial encounter for open fracture 
S22.49xB,Multiple fractures of ribs unspecified side initial encounter for open fracture 
S22.49xB,Multiple fractures of ribs unspecified side initial encounter for open fracture 
S22.49xB,Multiple fractures of ribs unspecified side initial encounter for open fracture 
S22.49xB,Multiple fractures of ribs unspecified side initial encounter for open fracture 
S22.49xB,Multiple fractures of ribs unspecified side initial encounter for open fracture 
S22.49xB,Multiple fractures of ribs unspecified side initial encounter for open fracture 
S22.49xB,Multiple fractures of ribs unspecified side initial encounter for open fracture 
S22.49xB,Multiple fractures of ribs unspecified side initial encounter for open fracture 
S22.20xA,Unspecified fracture of sternum initial encounter for closed fracture 
S22.20xB,Unspecified fracture of sternum initial encounter for open fracture 
S22.5xxA,Flail chest initial encounter for closed fracture 
S12.8xxA,Fracture of other parts of neck initial encounter 
S12.8xxA,Fracture of other parts of neck initial encounter 
S32.409A,Unspecified fracture of unspecified acetabulum initial encounter for closed fracture 
S32.409B,Unspecified fracture of unspecified acetabulum initial encounter for open fracture 
S32.501A,Unspecified fracture of right pubis initial encounter for closed fracture 
S32.501B,Unspecified fracture of right pubis initial encounter for open fracture 
S32.309A,Unspecified fracture of unspecified ilium initial encounter for closed fracture 
S32.609A,Unspecified fracture of unspecified ischium initial encounter for closed fracture 
S32.810A,Multiple fractures of pelvis with stable disruption of pelvic ring initial encounter for closed fracture 
S32.82xA,Multiple fractures of pelvis without disruption of pelvic ring initial encounter for closed fracture 
S32.89xA,Fracture of other parts of pelvis initial encounter for closed fracture 
S32.309B,Unspecified fracture of unspecified ilium initial encounter for open fracture 
S32.609B,Unspecified fracture of unspecified ischium initial encounter for open fracture 
S32.810B,Multiple fractures of pelvis with stable disruption of pelvic ring initial encounter for open fracture 
S32.82xB,Multiple fractures of pelvis without disruption of pelvic ring initial encounter for open fracture 
S32.89xB,Fracture of other parts of pelvis initial encounter for open fracture 
S32.9xxA,Fracture of unspecified parts of lumbosacral spine and pelvis initial encounter for closed fracture 
S32.9xxB,Fracture of unspecified parts of lumbosacral spine and pelvis initial encounter for open fracture 
S22.9xxA,Fracture of bony thorax part unspecified initial encounter for closed fracture 
S22.9xxB,Fracture of bony thorax part unspecified initial encounter for open fracture 
S42.009A,Fracture of unspecified part of unspecified clavicle initial encounter for closed fracture 
S42.013A,Anterior displaced fracture of sternal end of unspecified clavicle initial encounter for closed fracture 
S42.023A,Displaced fracture of shaft of unspecified clavicle initial encounter for closed fracture 
S42.036A,Nondisplaced fracture of lateral end of unspecified clavicle initial encounter for closed fracture 
S42.009B,Fracture of unspecified part of unspecified clavicle initial encounter for open fracture 
S42.013B,Anterior displaced fracture of sternal end of unspecified clavicle initial encounter for open fracture 
S42.023B,Displaced fracture of shaft of unspecified clavicle initial encounter for open fracture 
S42.033B,Displaced fracture of lateral end of unspecified clavicle initial encounter for open fracture 
S42.109A,Fracture of unspecified part of scapula unspecified shoulder initial encounter for closed fracture 
S42.123A,Displaced fracture of acromial process unspecified shoulder initial encounter for closed fracture 
S42.133A,Displaced fracture of coracoid process unspecified shoulder initial encounter for closed fracture 
S42.143A,Displaced fracture of glenoid cavity of scapula unspecified shoulder initial encounter for closed fracture 
S42.199A,Fracture of other part of scapula unspecified shoulder initial encounter for closed fracture 
S42.109B,Fracture of unspecified part of scapula unspecified shoulder initial encounter for open fracture 
S42.123B,Displaced fracture of acromial process unspecified shoulder initial encounter for open fracture 
S42.133B,Displaced fracture of coracoid process unspecified shoulder initial encounter for open fracture 
S42.143B,Displaced fracture of glenoid cavity of scapula unspecified shoulder initial encounter for open fracture 
S42.199B,Fracture of other part of scapula unspecified shoulder initial encounter for open fracture 
S42.209A,Unspecified fracture of upper end of unspecified humerus initial encounter for closed fracture 
S42.213A,Unspecified displaced fracture of surgical neck of unspecified humerus initial encounter for closed fracture 
S42.293A,Other displaced fracture of upper end of unspecified humerus initial encounter for closed fracture 
S42.253A,Displaced fracture of greater tuberosity of unspecified humerus initial encounter for closed fracture 
S42.293A,Other displaced fracture of upper end of unspecified humerus initial encounter for closed fracture 
S42.209B,Unspecified fracture of upper end of unspecified humerus initial encounter for open fracture 
S42.213B,Unspecified displaced fracture of surgical neck of unspecified humerus initial encounter for open fracture 
S42.293B,Other displaced fracture of upper end of unspecified humerus initial encounter for open fracture 
S42.253B,Displaced fracture of greater tuberosity of unspecified humerus initial encounter for open fracture 
S42.293B,Other displaced fracture of upper end of unspecified humerus initial encounter for open fracture 
S42.309A,Unspecified fracture of shaft of humerus unspecified arm initial encounter for closed fracture 
S42.399A,Other fracture of shaft of unspecified humerus initial encounter for closed fracture 
S42.309B,Unspecified fracture of shaft of humerus unspecified arm initial encounter for open fracture 
S42.399B,Other fracture of shaft of unspecified humerus initial encounter for open fracture 
S42.409A,Unspecified fracture of lower end of unspecified humerus initial encounter for closed fracture 
S42.413A,Displaced simple supracondylar fracture without intercondylar fracture of unspecified humerus initial encounter for closed fracture 
S42.453A,Displaced fracture of lateral condyle of unspecified humerus initial encounter for closed fracture 
S42.443A,Displaced fracture (avulsion) of medial epicondyle of unspecified humerus initial encounter for closed fracture 
S42.473A,Displaced transcondylar fracture of unspecified humerus initial encounter for closed fracture 
S42.493A,Other displaced fracture of lower end of unspecified humerus initial encounter for closed fracture 
S42.409B,Unspecified fracture of lower end of unspecified humerus initial encounter for open fracture 
S42.413B,Displaced simple supracondylar fracture without intercondylar fracture of unspecified humerus initial encounter for open fracture 
S42.453B,Displaced fracture of lateral condyle of unspecified humerus initial encounter for open fracture 
S42.463B,Displaced fracture of medial condyle of unspecified humerus initial encounter for open fracture 
S42.473B,Displaced transcondylar fracture of unspecified humerus initial encounter for open fracture 
S42.493B,Other displaced fracture of lower end of unspecified humerus initial encounter for open fracture 
S63.509A,Unspecified sprain of unspecified wrist initial encounter 
S63.519A,Sprain of carpal joint of unspecified wrist initial encounter 
S63.529A,Sprain of radiocarpal joint of unspecified wrist initial encounter 
S63.599A,Other specified sprain of unspecified wrist initial encounter 
S63.90xA,Sprain of unspecified part of unspecified wrist and hand initial encounter 
S63.8X9A,Sprain of other part of unspecified wrist and hand initial encounter 
S63.649A,Sprain of metacarpophalangeal joint of unspecified thumb initial encounter 
S63.629A,Sprain of interphalangeal joint of unspecified thumb initial encounter 
S63.8X9A,Sprain of other part of unspecified wrist and hand initial encounter 
S73.119A,Iliofemoral ligament sprain of unspecified hip initial encounter 
S73.129A,Ischiocapsular ligament sprain of unspecified hip initial encounter 
S73.199A,Other sprain of unspecified hip initial encounter 
S76.919A,Strain of unspecified muscles fascia and tendons at thigh level unspecified thigh initial encounter 
S83.429A,Sprain of lateral collateral ligament of unspecified knee initial encounter 
S83.419A,Sprain of medial collateral ligament of unspecified knee initial encounter 
S83.509A,Sprain of unspecified cruciate ligament of unspecified knee initial encounter 
S83.60xA,Sprain of the superior tibiofibular joint and ligament unspecified knee initial encounter 
S83.8X9A,Sprain of other specified parts of unspecified knee initial encounter 
S83.90xA,Sprain of unspecified site of unspecified knee initial encounter 
S93.409A,Sprain of unspecified ligament of unspecified ankle initial encounter 
S93.429A,Sprain of deltoid ligament of unspecified ankle initial encounter 
S93.419A,Sprain of calcaneofibular ligament of unspecified ankle initial encounter 
S93.439A,Sprain of tibiofibular ligament of unspecified ankle initial encounter 
S93.499A,Sprain of other ligament of unspecified ankle initial encounter 
S93.609A,Unspecified sprain of unspecified foot initial encounter 
S93.629A,Sprain of tarsometatarsal ligament of unspecified foot initial encounter 
S93.529A,Sprain of metatarsophalangeal joint of unspecified toe(s) initial encounter 
S93.519A,Sprain of interphalangeal joint of unspecified toe(s) initial encounter 
S93.699A,Other sprain of unspecified foot initial encounter 
S33.8xxA,Sprain of other parts of lumbar spine and pelvis initial encounter 
S33.6xxA,Sprain of sacroiliac joint initial encounter 
S33.8xxA,Sprain of other parts of lumbar spine and pelvis initial encounter 
S33.8xxA,Sprain of other parts of lumbar spine and pelvis initial encounter 
S33.8xxA,Sprain of other parts of lumbar spine and pelvis initial encounter 
S33.9xxA,Sprain of unspecified parts of lumbar spine and pelvis initial encounter 
S13.4xxA,Sprain of ligaments of cervical spine initial encounter 
S23.3xxA,Sprain of ligaments of thoracic spine initial encounter 
S33.5xxA,Sprain of ligaments of lumbar spine initial encounter 
S33.8xxA,Sprain of other parts of lumbar spine and pelvis initial encounter 
S33.8xxA,Sprain of other parts of lumbar spine and pelvis initial encounter 
S23.9xxA,Sprain of unspecified parts of thorax initial encounter 
S03.8xxA,Sprain of joints and ligaments of other parts of head initial encounter 
S03.4xxA,Sprain of jaw initial encounter 
S13.5xxA,Sprain of thyroid region initial encounter 
S23.41xA,Sprain of ribs initial encounter 
S23.429A,Unspecified sprain of sternum initial encounter 
S23.420A,Sprain of sternoclavicular (joint) (ligament) initial encounter 
S23.421A,Sprain of chondrosternal joint initial encounter 
S23.428A,Other sprain of sternum initial encounter 
S33.8xxA,Sprain of other parts of lumbar spine and pelvis initial encounter 
S03.9xxA,Sprain of joints and ligaments of unspecified parts of head initial encounter 
T14.90,Injury unspecified 
S06.0X0A,Concussion without loss of consciousness initial encounter 
S06.0X1A,Concussion with loss of consciousness of 30 minutes or less initial encounter 
S06.0X2A,Concussion with loss of consciousness of 31 minutes to 59 minutes initial encounter 
S06.0X4A,Concussion with loss of consciousness of 6 hours to 24 hours initial encounter 
S06.0X5A,Concussion with loss of consciousness greater than 24 hours with return to pre-existing conscious level initial encounter 
S06.0X6A,Concussion with loss of consciousness greater than 24 hours without return to pre-existing conscious level with patient surviving initial encounter 
S06.0X9A,Concussion with loss of consciousness of unspecified duration initial encounter 
S06.0X0A,Concussion without loss of consciousness initial encounter 
S06.330A,Contusion and laceration of cerebrum unspecified without loss of consciousness initial encounter 
S06.339A,Contusion and laceration of cerebrum unspecified with loss of consciousness of unspecified duration initial encounter 
S06.331A,Contusion and laceration of cerebrum unspecified with loss of consciousness of 30 minutes or less initial encounter 
S06.333A,Contusion and laceration of cerebrum unspecified with loss of consciousness of 1 hour to 5 hours 59 minutes initial encounter 
S06.335A,Contusion and laceration of cerebrum unspecified with loss of consciousness greater than 24 hours with return to pre-existing conscious level initial encounter 
S06.336A,Contusion and laceration of cerebrum unspecified with loss of consciousness greater than 24 hours without return to pre-existing conscious level with patient surviving initial encounter 
S06.339A,Contusion and laceration of cerebrum unspecified with loss of consciousness of unspecified duration initial encounter 
S06.339A,Contusion and laceration of cerebrum unspecified with loss of consciousness of unspecified duration initial encounter 
S06.330A,Contusion and laceration of cerebrum unspecified without loss of consciousness initial encounter 
S01.90xA,Unspecified open wound of unspecified part of head initial encounter 
S06.330A,Contusion and laceration of cerebrum unspecified without loss of consciousness initial encounter 
S01.90xA,Unspecified open wound of unspecified part of head initial encounter 
S06.331A,Contusion and laceration of cerebrum unspecified with loss of consciousness of 30 minutes or less initial encounter 
S01.90xA,Unspecified open wound of unspecified part of head initial encounter 
S06.333A,Contusion and laceration of cerebrum unspecified with loss of consciousness of 1 hour to 5 hours 59 minutes initial encounter 
S01.90xA,Unspecified open wound of unspecified part of head initial encounter 
S06.335A,Contusion and laceration of cerebrum unspecified with loss of consciousness greater than 24 hours with return to pre-existing conscious level initial encounter 
S01.90xA,Unspecified open wound of unspecified part of head initial encounter 
S06.336A,Contusion and laceration of cerebrum unspecified with loss of consciousness greater than 24 hours without return to pre-existing conscious level with patient surviving initial encounter 
S01.90xA,Unspecified open wound of unspecified part of head initial encounter 
S06.339A,Contusion and laceration of cerebrum unspecified with loss of consciousness of unspecified duration initial encounter 
S01.90xA,Unspecified open wound of unspecified part of head initial encounter 
S06.330A,Contusion and laceration of cerebrum unspecified without loss of consciousness initial encounter 
S01.90xA,Unspecified open wound of unspecified part of head initial encounter 
S06.330A,Contusion and laceration of cerebrum unspecified without loss of consciousness initial encounter 
S06.339A,Contusion and laceration of cerebrum unspecified with loss of consciousness of unspecified duration initial encounter 
S06.331A,Contusion and laceration of cerebrum unspecified with loss of consciousness of 30 minutes or less initial encounter 
S06.333A,Contusion and laceration of cerebrum unspecified with loss of consciousness of 1 hour to 5 hours 59 minutes initial encounter 
S06.335A,Contusion and laceration of cerebrum unspecified with loss of consciousness greater than 24 hours with return to pre-existing conscious level initial encounter 
S06.336A,Contusion and laceration of cerebrum unspecified with loss of consciousness greater than 24 hours without return to pre-existing conscious level with patient surviving initial encounter 
S06.339A,Contusion and laceration of cerebrum unspecified with loss of consciousness of unspecified duration initial encounter 
S06.330A,Contusion and laceration of cerebrum unspecified without loss of consciousness initial encounter 
S06.330A,Contusion and laceration of cerebrum unspecified without loss of consciousness initial encounter 
S01.90xA,Unspecified open wound of unspecified part of head initial encounter 
S06.330A,Contusion and laceration of cerebrum unspecified without loss of consciousness initial encounter 
S01.90xA,Unspecified open wound of unspecified part of head initial encounter 
S06.331A,Contusion and laceration of cerebrum unspecified with loss of consciousness of 30 minutes or less initial encounter 
S01.90xA,Unspecified open wound of unspecified part of head initial encounter 
S06.333A,Contusion and laceration of cerebrum unspecified with loss of consciousness of 1 hour to 5 hours 59 minutes initial encounter 
S01.90xA,Unspecified open wound of unspecified part of head initial encounter 
S06.335A,Contusion and laceration of cerebrum unspecified with loss of consciousness greater than 24 hours with return to pre-existing conscious level initial encounter 
S01.90xA,Unspecified open wound of unspecified part of head initial encounter 
S06.336A,Contusion and laceration of cerebrum unspecified with loss of consciousness greater than 24 hours without return to pre-existing conscious level with patient surviving initial encounter 
S01.90xA,Unspecified open wound of unspecified part of head initial encounter 
S06.339A,Contusion and laceration of cerebrum unspecified with loss of consciousness of unspecified duration initial encounter 
S01.90xA,Unspecified open wound of unspecified part of head initial encounter 
S06.330A,Contusion and laceration of cerebrum unspecified without loss of consciousness initial encounter 
S01.90xA,Unspecified open wound of unspecified part of head initial encounter 
S06.370A,Contusion laceration and hemorrhage of cerebellum without loss of consciousness initial encounter 
S06.380A,Contusion laceration and hemorrhage of brainstem without loss of consciousness initial encounter 
S06.371A,Contusion laceration and hemorrhage of cerebellum with loss of consciousness of 30 minutes or less initial encounter 
S06.373A,Contusion laceration and hemorrhage of cerebellum with loss of consciousness of 1 hour to 5 hours 59 minutes initial encounter 
S06.375A,Contusion laceration and hemorrhage of cerebellum with loss of consciousness greater than 24 hours with return to pre-existing conscious level initial encounter 
S06.376A,Contusion laceration and hemorrhage of cerebellum with loss of consciousness greater than 24 hours without return to pre-existing conscious level with patient surviving initial encounter 
S06.379A,Contusion laceration and hemorrhage of cerebellum with loss of consciousness of unspecified duration initial encounter 
S06.389A,Contusion laceration and hemorrhage of brainstem with loss of consciousness of unspecified duration initial encounter 
S06.370A,Contusion laceration and hemorrhage of cerebellum without loss of consciousness initial encounter 
S01.90xA,Unspecified open wound of unspecified part of head initial encounter 
S06.370A,Contusion laceration and hemorrhage of cerebellum without loss of consciousness initial encounter 
S06.371A,Contusion laceration and hemorrhage of cerebellum with loss of consciousness of 30 minutes or less initial encounter 
S06.373A,Contusion laceration and hemorrhage of cerebellum with loss of consciousness of 1 hour to 5 hours 59 minutes initial encounter 
S01.90xA,Unspecified open wound of unspecified part of head initial encounter 
S06.375A,Contusion laceration and hemorrhage of cerebellum with loss of consciousness greater than 24 hours with return to pre-existing conscious level initial encounter 
S01.90xA,Unspecified open wound of unspecified part of head initial encounter 
S06.376A,Contusion laceration and hemorrhage of cerebellum with loss of consciousness greater than 24 hours without return to pre-existing conscious level with patient surviving initial encounter 
S01.90xA,Unspecified open wound of unspecified part of head initial encounter 
S06.379A,Contusion laceration and hemorrhage of cerebellum with loss of consciousness of unspecified duration initial encounter 
S01.90xA,Unspecified open wound of unspecified part of head initial encounter 
S06.370A,Contusion laceration and hemorrhage of cerebellum without loss of consciousness initial encounter 
S01.90xA,Unspecified open wound of unspecified part of head initial encounter 
S06.370A,Contusion laceration and hemorrhage of cerebellum without loss of consciousness initial encounter 
S06.370A,Contusion laceration and hemorrhage of cerebellum without loss of consciousness initial encounter 
S06.371A,Contusion laceration and hemorrhage of cerebellum with loss of consciousness of 30 minutes or less initial encounter 
S06.373A,Contusion laceration and hemorrhage of cerebellum with loss of consciousness of 1 hour to 5 hours 59 minutes initial encounter 
S06.375A,Contusion laceration and hemorrhage of cerebellum with loss of consciousness greater than 24 hours with return to pre-existing conscious level initial encounter 
S06.376A,Contusion laceration and hemorrhage of cerebellum with loss of consciousness greater than 24 hours without return to pre-existing conscious level with patient surviving initial encounter 
S06.379A,Contusion laceration and hemorrhage of cerebellum with loss of consciousness of unspecified duration initial encounter 
S06.379A,Contusion laceration and hemorrhage of cerebellum with loss of consciousness of unspecified duration initial encounter 
S06.370A,Contusion laceration and hemorrhage of cerebellum without loss of consciousness initial encounter 
S01.90xA,Unspecified open wound of unspecified part of head initial encounter 
S06.370A,Contusion laceration and hemorrhage of cerebellum without loss of consciousness initial encounter 
S01.90xA,Unspecified open wound of unspecified part of head initial encounter 
S06.371A,Contusion laceration and hemorrhage of cerebellum with loss of consciousness of 30 minutes or less initial encounter 
S01.90xA,Unspecified open wound of unspecified part of head initial encounter 
S06.373A,Contusion laceration and hemorrhage of cerebellum with loss of consciousness of 1 hour to 5 hours 59 minutes initial encounter 
S01.90xA,Unspecified open wound of unspecified part of head initial encounter 
S06.375A,Contusion laceration and hemorrhage of cerebellum with loss of consciousness greater than 24 hours with return to pre-existing conscious level initial encounter 
S01.90xA,Unspecified open wound of unspecified part of head initial encounter 
S06.376A,Contusion laceration and hemorrhage of cerebellum with loss of consciousness greater than 24 hours without return to pre-existing conscious level with patient surviving initial encounter 
S01.90xA,Unspecified open wound of unspecified part of head initial encounter 
S06.379A,Contusion laceration and hemorrhage of cerebellum with loss of consciousness of unspecified duration initial encounter 
S01.90xA,Unspecified open wound of unspecified part of head initial encounter 
S06.370A,Contusion laceration and hemorrhage of cerebellum without loss of consciousness initial encounter 
S01.90xA,Unspecified open wound of unspecified part of head initial encounter 
S06.330A,Contusion and laceration of cerebrum unspecified without loss of consciousness initial encounter 
S06.330A,Contusion and laceration of cerebrum unspecified without loss of consciousness initial encounter 
S06.331A,Contusion and laceration of cerebrum unspecified with loss of consciousness of 30 minutes or less initial encounter 
S06.333A,Contusion and laceration of cerebrum unspecified with loss of consciousness of 1 hour to 5 hours 59 minutes initial encounter 
S06.335A,Contusion and laceration of cerebrum unspecified with loss of consciousness greater than 24 hours with return to pre-existing conscious level initial encounter 
S06.336A,Contusion and laceration of cerebrum unspecified with loss of consciousness greater than 24 hours without return to pre-existing conscious level with patient surviving initial encounter 
S06.339A,Contusion and laceration of cerebrum unspecified with loss of consciousness of unspecified duration initial encounter 
S06.339A,Contusion and laceration of cerebrum unspecified with loss of consciousness of unspecified duration initial encounter 
S06.330A,Contusion and laceration of cerebrum unspecified without loss of consciousness initial encounter 
S01.90xA,Unspecified open wound of unspecified part of head initial encounter 
S06.330A,Contusion and laceration of cerebrum unspecified without loss of consciousness initial encounter 
S01.90xA,Unspecified open wound of unspecified part of head initial encounter 
S06.331A,Contusion and laceration of cerebrum unspecified with loss of consciousness of 30 minutes or less initial encounter 
S01.90xA,Unspecified open wound of unspecified part of head initial encounter 
S06.333A,Contusion and laceration of cerebrum unspecified with loss of consciousness of 1 hour to 5 hours 59 minutes initial encounter 
S01.90xA,Unspecified open wound of unspecified part of head initial encounter 
S06.335A,Contusion and laceration of cerebrum unspecified with loss of consciousness greater than 24 hours with return to pre-existing conscious level initial encounter 
S01.90xA,Unspecified open wound of unspecified part of head initial encounter 
S06.336A,Contusion and laceration of cerebrum unspecified with loss of consciousness greater than 24 hours without return to pre-existing conscious level with patient surviving initial encounter 
S01.90xA,Unspecified open wound of unspecified part of head initial encounter 
S06.339A,Contusion and laceration of cerebrum unspecified with loss of consciousness of unspecified duration initial encounter 
S01.90xA,Unspecified open wound of unspecified part of head initial encounter 
S06.330A,Contusion and laceration of cerebrum unspecified without loss of consciousness initial encounter 
S01.90xA,Unspecified open wound of unspecified part of head initial encounter 
S06.6X0A,Traumatic subarachnoid hemorrhage without loss of consciousness initial encounter 
S06.6X0A,Traumatic subarachnoid hemorrhage without loss of consciousness initial encounter 
S06.6X1A,Traumatic subarachnoid hemorrhage with loss of consciousness of 30 minutes or less initial encounter 
S06.6X3A,Traumatic subarachnoid hemorrhage with loss of consciousness of 1 hour to 5 hours 59 minutes initial encounter 
S06.6X5A,Traumatic subarachnoid hemorrhage with loss of consciousness greater than 24 hours with return to pre-existing conscious level initial encounter 
S06.6X6A,Traumatic subarachnoid hemorrhage with loss of consciousness greater than 24 hours without return to pre-existing conscious level with patient surviving initial encounter 
S06.6X9A,Traumatic subarachnoid hemorrhage with loss of consciousness of unspecified duration initial encounter 
S06.6X9A,Traumatic subarachnoid hemorrhage with loss of consciousness of unspecified duration initial encounter 
S06.6X0A,Traumatic subarachnoid hemorrhage without loss of consciousness initial encounter 
S06.6X0A,Traumatic subarachnoid hemorrhage without loss of consciousness initial encounter 
S01.90xA,Unspecified open wound of unspecified part of head initial encounter 
S06.6X1A,Traumatic subarachnoid hemorrhage with loss of consciousness of 30 minutes or less initial encounter 
S01.90xA,Unspecified open wound of unspecified part of head initial encounter 
S06.6X3A,Traumatic subarachnoid hemorrhage with loss of consciousness of 1 hour to 5 hours 59 minutes initial encounter 
S01.90xA,Unspecified open wound of unspecified part of head initial encounter 
S06.6X5A,Traumatic subarachnoid hemorrhage with loss of consciousness greater than 24 hours with return to pre-existing conscious level initial encounter 
S01.90xA,Unspecified open wound of unspecified part of head initial encounter 
S06.6X6A,Traumatic subarachnoid hemorrhage with loss of consciousness greater than 24 hours without return to pre-existing conscious level with patient surviving initial encounter 
S01.90xA,Unspecified open wound of unspecified part of head initial encounter 
S06.6X9A,Traumatic subarachnoid hemorrhage with loss of consciousness of unspecified duration initial encounter 
S01.90xA,Unspecified open wound of unspecified part of head initial encounter 
S06.6X0A,Traumatic subarachnoid hemorrhage without loss of consciousness initial encounter 
S01.90xA',Unspecified open wound of unspecified part of head initial encounter 
S06.5X0A,Traumatic subdural hemorrhage without loss of consciousness initial encounter 
S06.5X0A,Traumatic subdural hemorrhage without loss of consciousness initial encounter 
S06.5X2A,Traumatic subdural hemorrhage with loss of consciousness of 31 minutes to 59 minutes initial encounter 
S06.5X3A,Traumatic subdural hemorrhage with loss of consciousness of 1 hour to 5 hours 59 minutes initial encounter 
S06.5X5A,Traumatic subdural hemorrhage with loss of consciousness greater than 24 hours with return to pre-existing conscious level initial encounter 
S06.5X6A,Traumatic subdural hemorrhage with loss of consciousness greater than 24 hours without return to pre-existing conscious level with patient surviving initial encounter 
S06.5X9A,Traumatic subdural hemorrhage with loss of consciousness of unspecified duration initial encounter 
S06.5X9A,Traumatic subdural hemorrhage with loss of consciousness of unspecified duration initial encounter 
S06.5X0A,Traumatic subdural hemorrhage without loss of consciousness initial encounter 
S01.90xA,Unspecified open wound of unspecified part of head initial encounter 
S06.5X0A,Traumatic subdural hemorrhage without loss of consciousness initial encounter 
S06.5X1A,Traumatic subdural hemorrhage with loss of consciousness of 30 minutes or less initial encounter 
S06.5X3A,Traumatic subdural hemorrhage with loss of consciousness of 1 hour to 5 hours 59 minutes initial encounter 
S01.90xA,Unspecified open wound of unspecified part of head initial encounter 
S06.5X5A,Traumatic subdural hemorrhage with loss of consciousness greater than 24 hours with return to pre-existing conscious level initial encounter 
S01.90xA,Unspecified open wound of unspecified part of head initial encounter 
S06.5X6A,Traumatic subdural hemorrhage with loss of consciousness greater than 24 hours without return to pre-existing conscious level with patient surviving initial encounter 
S01.90xA,Unspecified open wound of unspecified part of head initial encounter 
S06.5X9A,Traumatic subdural hemorrhage with loss of consciousness of unspecified duration initial encounter 
S01.90xA,Unspecified open wound of unspecified part of head initial encounter 
S06.5X0A,Traumatic subdural hemorrhage without loss of consciousness initial encounter 
S01.90xA,Unspecified open wound of unspecified part of head initial encounter 
S06.4X0A,Epidural hemorrhage without loss of consciousness initial encounter 
S06.4X0A,Epidural hemorrhage without loss of consciousness initial encounter 
S06.4X1A,Epidural hemorrhage with loss of consciousness of 30 minutes or less initial encounter 
S06.4X3A,Epidural hemorrhage with loss of consciousness of 1 hour to 5 hours 59 minutes initial encounter 
S06.4X5A,Epidural hemorrhage with loss of consciousness greater than 24 hours with return to pre-existing conscious level initial encounter 
S06.4X8A,Epidural hemorrhage with loss of consciousness of any duration with death due to other causes prior to regaining consciousness initial encounter 
S06.4X9A,Epidural hemorrhage with loss of consciousness of unspecified duration initial encounter 
S06.4X9A,Epidural hemorrhage with loss of consciousness of unspecified duration initial encounter 
S06.4X0A,Epidural hemorrhage without loss of consciousness initial encounter 
S01.90xA,Unspecified open wound of unspecified part of head initial encounter 
S06.4X0A,Epidural hemorrhage without loss of consciousness initial encounter 
S01.90xA,Unspecified open wound of unspecified part of head initial encounter 
S06.4X1A,Epidural hemorrhage with loss of consciousness of 30 minutes or less initial encounter 
S01.90xA,Unspecified open wound of unspecified part of head initial encounter 
S06.4X3A,Epidural hemorrhage with loss of consciousness of 1 hour to 5 hours 59 minutes initial encounter 
S01.90xA,Unspecified open wound of unspecified part of head initial encounter 
S06.4X5A,Epidural hemorrhage with loss of consciousness greater than 24 hours with return to pre-existing conscious level initial encounter 
S01.90xA,Unspecified open wound of unspecified part of head initial encounter 
S06.4X6A,Epidural hemorrhage with loss of consciousness greater than 24 hours without return to pre-existing conscious level with patient surviving initial encounter 
S01.90xA,Unspecified open wound of unspecified part of head initial encounter 
S06.4X9A,Epidural hemorrhage with loss of consciousness of unspecified duration initial encounter 
S01.90xA,Unspecified open wound of unspecified part of head initial encounter 
S06.4X0A,Epidural hemorrhage without loss of consciousness initial encounter 
S01.90xA,Unspecified open wound of unspecified part of head initial encounter 
S06.360A,Traumatic hemorrhage of cerebrum unspecified without loss of consciousness initial encounter 
S06.360A,Traumatic hemorrhage of cerebrum unspecified without loss of consciousness initial encounter 
S06.361A,Traumatic hemorrhage of cerebrum unspecified with loss of consciousness of 30 minutes or less initial encounter 
S06.363A,Traumatic hemorrhage of cerebrum unspecified with loss of consciousness of 1 hours to 5 hours 59 minutes initial encounter 
S06.365A,Traumatic hemorrhage of cerebrum unspecified with loss of consciousness greater than 24 hours with return to pre-existing conscious level initial encounter 
S06.367A,Traumatic hemorrhage of cerebrum unspecified with loss of consciousness of any duration with death due to brain injury prior to regaining consciousness initial encounter 
S06.369A,Traumatic hemorrhage of cerebrum unspecified with loss of consciousness of unspecified duration initial encounter 
S06.369A,Traumatic hemorrhage of cerebrum unspecified with loss of consciousness of unspecified duration initial encounter 
S06.360A,Traumatic hemorrhage of cerebrum unspecified without loss of consciousness initial encounter 
S01.90xA,Unspecified open wound of unspecified part of head initial encounter 
S06.360A,Traumatic hemorrhage of cerebrum unspecified without loss of consciousness initial encounter 
S01.90xA,Unspecified open wound of unspecified part of head initial encounter 
S06.361A,Traumatic hemorrhage of cerebrum unspecified with loss of consciousness of 30 minutes or less initial encounter 
S01.90xA,Unspecified open wound of unspecified part of head initial encounter 
S06.363A,Traumatic hemorrhage of cerebrum unspecified with loss of consciousness of 1 hours to 5 hours 59 minutes initial encounter 
S01.90xA,Unspecified open wound of unspecified part of head initial encounter 
S06.365A,Traumatic hemorrhage of cerebrum unspecified with loss of consciousness greater than 24 hours with return to pre-existing conscious level initial encounter 
S01.90xA,Unspecified open wound of unspecified part of head initial encounter 
S06.366A,Traumatic hemorrhage of cerebrum unspecified with loss of consciousness greater than 24 hours without return to pre-existing conscious level with patient surviving initial encounter 
S01.90xA,Unspecified open wound of unspecified part of head initial encounter 
S06.369A,Traumatic hemorrhage of cerebrum unspecified with loss of consciousness of unspecified duration initial encounter 
S01.90xA,Unspecified open wound of unspecified part of head initial encounter 
S06.360A,Traumatic hemorrhage of cerebrum unspecified without loss of consciousness initial encounter 
S01.90xA,Unspecified open wound of unspecified part of head initial encounter 
S06.890A,Other specified intracranial injury without loss of consciousness initial encounter 
S06.890A,Other specified intracranial injury without loss of consciousness initial encounter 
S06.9X1A,Unspecified intracranial injury with loss of consciousness of 30 minutes or less initial encounter 
S06.9X3A,Unspecified intracranial injury with loss of consciousness of 1 hour to 5 hours 59 minutes initial encounter 
S06.9X5A,Unspecified intracranial injury with loss of consciousness greater than 24 hours with return to pre-existing conscious level initial encounter 
S06.9X6A,Unspecified intracranial injury with loss of consciousness greater than 24 hours without return to pre-existing conscious level with patient surviving initial encounter 
S06.9X9A,Unspecified intracranial injury with loss of consciousness of unspecified duration initial encounter 
S06.890A,Other specified intracranial injury without loss of consciousness initial encounter 
S06.0X0A,Concussion without loss of consciousness initial encounter 
S06.890A,Other specified intracranial injury without loss of consciousness initial encounter 
S01.90xA,Unspecified open wound of unspecified part of head initial encounter 
S06.890A,Other specified intracranial injury without loss of consciousness initial encounter 
S01.90xA,Unspecified open wound of unspecified part of head initial encounter 
S06.891A,Other specified intracranial injury with loss of consciousness of 30 minutes or less initial encounter 
S01.90xA,Unspecified open wound of unspecified part of head initial encounter 
S06.893A,Other specified intracranial injury with loss of consciousness of 1 hour to 5 hours 59 minutes initial encounter 
S01.90xA,Unspecified open wound of unspecified part of head initial encounter 
S06.895A,Other specified intracranial injury with loss of consciousness greater than 24 hours with return to pre-existing conscious level initial encounter 
S01.90xA,Unspecified open wound of unspecified part of head initial encounter 
S06.896A,Other specified intracranial injury with loss of consciousness greater than 24 hours without return to pre-existing conscious level with patient surviving initial encounter 
S01.90xA,Unspecified open wound of unspecified part of head initial encounter 
S06.899A,Other specified intracranial injury with loss of consciousness of unspecified duration initial encounter 
S01.90xA,Unspecified open wound of unspecified part of head initial encounter 
S06.890A,Other specified intracranial injury without loss of consciousness initial encounter 
S01.90xA,Unspecified open wound of unspecified part of head initial encounter 
S27.0xxA,Traumatic pneumothorax initial encounter 
S27.0xxA,Traumatic pneumothorax initial encounter 
S21.309A,Unspecified open wound of unspecified front wall of thorax with penetration into thoracic cavity initial encounter 
S27.1xxA,Traumatic hemothorax initial encounter 
S27.1xxA,Traumatic hemothorax initial encounter 
S21.309A,Unspecified open wound of unspecified front wall of thorax with penetration into thoracic cavity initial encounter 
S27.2xxA,Traumatic hemopneumothorax initial encounter 
S27.2xxA,Traumatic hemopneumothorax initial encounter 
S21.309A,Unspecified open wound of unspecified front wall of thorax with penetration into thoracic cavity initial encounter 
S26.10xA,Unspecified injury of heart without hemopericardium initial encounter 
S26.91xA,Contusion of heart unspecified with or without hemopericardium initial encounter 
S26.92xA,Laceration of heart unspecified with or without hemopericardium initial encounter 
S26.92xA,Laceration of heart unspecified with or without hemopericardium initial encounter 
S26.90xA,Unspecified injury of heart unspecified with or without hemopericardium initial encounter 
S21.309A,Unspecified open wound of unspecified front wall of thorax with penetration into thoracic cavity initial encounter 
S26.91xA,Contusion of heart unspecified with or without hemopericardium initial encounter 
S21.309A,Unspecified open wound of unspecified front wall of thorax with penetration into thoracic cavity initial encounter 
S26.020A,Mild laceration of heart with hemopericardium initial encounter 
S21.309A,Unspecified open wound of unspecified front wall of thorax with penetration into thoracic cavity initial encounter 
S26.021A,Moderate laceration of heart with hemopericardium initial encounter 
S21.309A,Unspecified open wound of unspecified front wall of thorax with penetration into thoracic cavity initial encounter 
S27.309A,Unspecified injury of lung unspecified initial encounter 
S27.329A,Contusion of lung unspecified initial encounter 
S27.339A,Laceration of lung unspecified initial encounter 
S27.309A,Unspecified injury of lung unspecified initial encounter 
S21.309A,Unspecified open wound of unspecified front wall of thorax with penetration into thoracic cavity initial encounter 
S27.329A,Contusion of lung unspecified initial encounter 
S21.309A,Unspecified open wound of unspecified front wall of thorax with penetration into thoracic cavity initial encounter 
S27.339A,Laceration of lung unspecified initial encounter 
S21.309A,Unspecified open wound of unspecified front wall of thorax with penetration into thoracic cavity initial encounter 
S27.809A,Unspecified injury of diaphragm initial encounter 
S27.809A,Unspecified injury of diaphragm initial encounter 
S21.309A,Unspecified open wound of unspecified front wall of thorax with penetration into thoracic cavity initial encounter 
S27.409A,Unspecified injury of bronchus unspecified initial encounter 
S27.819A,Unspecified injury of esophagus (thoracic part) initial encounter 
S27.899A,Unspecified injury of other specified intrathoracic organs initial encounter 
S27.409A,Unspecified injury of bronchus unspecified initial encounter 
S21.309A,Unspecified open wound of unspecified front wall of thorax with penetration into thoracic cavity initial encounter 
S27.813A,Laceration of esophagus (thoracic part) initial encounter 
S21.309A,Unspecified open wound of unspecified front wall of thorax with penetration into thoracic cavity initial encounter 
S27.893A,Laceration of other specified intrathoracic organs initial encounter 
S21.309A,Unspecified open wound of unspecified front wall of thorax with penetration into thoracic cavity initial encounter 
S27.9xxA,Injury of unspecified intrathoracic organ initial encounter 
S21.309A,Unspecified open wound of unspecified front wall of thorax with penetration into thoracic cavity initial encounter 
S36.30xA,Unspecified injury of stomach initial encounter 
S36.30xA,Unspecified injury of stomach initial encounter 
S31.609A,Unspecified open wound of abdominal wall unspecified quadrant with penetration into peritoneal cavity initial encounter 
S36.409A,Unspecified injury of unspecified part of small intestine initial encounter 
S36.400A,Unspecified injury of duodenum initial encounter 
S36.408A,Unspecified injury of other part of small intestine initial encounter 
S36.409A,Unspecified injury of unspecified part of small intestine initial encounter 
S31.609A,Unspecified open wound of abdominal wall unspecified quadrant with penetration into peritoneal cavity initial encounter 
S36.400A,Unspecified injury of duodenum initial encounter 
S31.609A,Unspecified open wound of abdominal wall unspecified quadrant with penetration into peritoneal cavity initial encounter 
S36.408A,Unspecified injury of other part of small intestine initial encounter 
S31.609A,Unspecified open wound of abdominal wall unspecified quadrant with penetration into peritoneal cavity initial encounter 
S36.509A,Unspecified injury of unspecified part of colon initial encounter 
S36.500A,Unspecified injury of ascending [right] colon initial encounter 
S36.501A,Unspecified injury of transverse colon initial encounter 
S36.502A,Unspecified injury of descending [left] colon initial encounter 
S36.503A,Unspecified injury of sigmoid colon initial encounter 
S36.60xA,Unspecified injury of rectum initial encounter 
S36.508A,Unspecified injury of other part of colon initial encounter 
S36.508A,Unspecified injury of other part of colon initial encounter 
S36.509A,Unspecified injury of unspecified part of colon initial encounter 
S31.609A,Unspecified open wound of abdominal wall unspecified quadrant with penetration into peritoneal cavity initial encounter 
S36.500A,Unspecified injury of ascending [right] colon initial encounter 
S36.501A,Unspecified injury of transverse colon initial encounter 
S36.502A,Unspecified injury of descending [left] colon initial encounter 
S31.609A,Unspecified open wound of abdominal wall unspecified quadrant with penetration into peritoneal cavity initial encounter 
S36.503A,Unspecified injury of sigmoid colon initial encounter 
S31.609A,Unspecified open wound of abdominal wall unspecified quadrant with penetration into peritoneal cavity initial encounter 
S36.60xA,Unspecified injury of rectum initial encounter 
S31.609A,Unspecified open wound of abdominal wall unspecified quadrant with penetration into peritoneal cavity initial encounter 
S36.508A,Unspecified injury of other part of colon initial encounter 
S31.609A,Unspecified open wound of abdominal wall unspecified quadrant with penetration into peritoneal cavity initial encounter 
S36.508A,Unspecified injury of other part of colon initial encounter 
S31.609A,Unspecified open wound of abdominal wall unspecified quadrant with penetration into peritoneal cavity initial encounter 
S36.90xA,Unspecified injury of unspecified intra-abdominal organ initial encounter 
S36.200A,Unspecified injury of head of pancreas initial encounter 
S36.201A,Unspecified injury of body of pancreas initial encounter 
S36.202A,Unspecified injury of tail of pancreas initial encounter 
S36.209A,Unspecified injury of unspecified part of pancreas initial encounter 
S36.899A,Unspecified injury of other intra-abdominal organs initial encounter 
S36.899A,Unspecified injury of other intra-abdominal organs initial encounter 
S36.90xA,Unspecified injury of unspecified intra-abdominal organ initial encounter 
S31.609A,Unspecified open wound of abdominal wall unspecified quadrant with penetration into peritoneal cavity initial encounter 
S36.200A,Unspecified injury of head of pancreas initial encounter 
S31.609A,Unspecified open wound of abdominal wall unspecified quadrant with penetration into peritoneal cavity initial encounter 
S36.201A,Unspecified injury of body of pancreas initial encounter 
S31.609A,Unspecified open wound of abdominal wall unspecified quadrant with penetration into peritoneal cavity initial encounter 
S36.202A,Unspecified injury of tail of pancreas initial encounter 
S31.609A,Unspecified open wound of abdominal wall unspecified quadrant with penetration into peritoneal cavity initial encounter 
S36.209A,Unspecified injury of unspecified part of pancreas initial encounter 
S31.609A,Unspecified open wound of abdominal wall unspecified quadrant with penetration into peritoneal cavity initial encounter 
S36.899A,Unspecified injury of other intra-abdominal organs initial encounter 
S31.609A,Unspecified open wound of abdominal wall unspecified quadrant with penetration into peritoneal cavity initial encounter 
S36.899A,Unspecified injury of other intra-abdominal organs initial encounter 
S31.609A,Unspecified open wound of abdominal wall unspecified quadrant with penetration into peritoneal cavity initial encounter 
S36.119A,Unspecified injury of liver initial encounter 
S36.112A,Contusion of liver initial encounter 
S36.114A,Minor laceration of liver initial encounter 
S36.115A,Moderate laceration of liver initial encounter 
S36.116A,Major laceration of liver initial encounter 
S36.113A,Laceration of liver unspecified degree initial encounter 
S36.118A,Other injury of liver initial encounter 
S36.119A,Unspecified injury of liver initial encounter 
S31.609A,Unspecified open wound of abdominal wall unspecified quadrant with penetration into peritoneal cavity initial encounter 
S36.112A,Contusion of liver initial encounter 
S31.609A,Unspecified open wound of abdominal wall unspecified quadrant with penetration into peritoneal cavity initial encounter 
S36.114A,Minor laceration of liver initial encounter 
S31.609A,Unspecified open wound of abdominal wall unspecified quadrant with penetration into peritoneal cavity initial encounter 
S36.115A,Moderate laceration of liver initial encounter 
S31.609A,Unspecified open wound of abdominal wall unspecified quadrant with penetration into peritoneal cavity initial encounter 
S36.116A,Major laceration of liver initial encounter 
S31.609A,Unspecified open wound of abdominal wall unspecified quadrant with penetration into peritoneal cavity initial encounter 
S36.113A,Laceration of liver unspecified degree initial encounter 
S31.609A,Unspecified open wound of abdominal wall unspecified quadrant with penetration into peritoneal cavity initial encounter 
S36.118A,Other injury of liver initial encounter 
S31.609A,Unspecified open wound of abdominal wall unspecified quadrant with penetration into peritoneal cavity initial encounter 
S36.00xA,Unspecified injury of spleen initial encounter 
S36.029A,Unspecified contusion of spleen initial encounter 
S36.030A,Superficial (capsular) laceration of spleen initial encounter 
S36.031A,Moderate laceration of spleen initial encounter 
S36.032A,Major laceration of spleen initial encounter 
S36.09xA,Other injury of spleen initial encounter 
S36.00xA,Unspecified injury of spleen initial encounter 
S31.609A,Unspecified open wound of abdominal wall unspecified quadrant with penetration into peritoneal cavity initial encounter 
S36.020A,Minor contusion of spleen initial encounter 
S31.609A,Unspecified open wound of abdominal wall unspecified quadrant with penetration into peritoneal cavity initial encounter 
S36.030A,Superficial (capsular) laceration of spleen initial encounter 
S31.609A,Unspecified open wound of abdominal wall unspecified quadrant with penetration into peritoneal cavity initial encounter 
S36.031A,Moderate laceration of spleen initial encounter 
S31.609A,Unspecified open wound of abdominal wall unspecified quadrant with penetration into peritoneal cavity initial encounter 
S36.032A,Major laceration of spleen initial encounter 
S31.609A,Unspecified open wound of abdominal wall unspecified quadrant with penetration into peritoneal cavity initial encounter 
S36.09xA,Other injury of spleen initial encounter 
S31.609A,Unspecified open wound of abdominal wall unspecified quadrant with penetration into peritoneal cavity initial encounter 
S37.009A,Unspecified injury of unspecified kidney initial encounter 
S37.019A,Minor contusion of unspecified kidney initial encounter 
S37.039A,Laceration of unspecified kidney unspecified degree initial encounter 
S37.069A,Major laceration of unspecified kidney initial encounter 
S37.009A,Unspecified injury of unspecified kidney initial encounter 
S31.001A,Unspecified open wound of lower back and pelvis with penetration into retroperitoneum initial encounter 
S37.019A,Minor contusion of unspecified kidney initial encounter 
S31.001A,Unspecified open wound of lower back and pelvis with penetration into retroperitoneum initial encounter 
S37.039A,Laceration of unspecified kidney unspecified degree initial encounter 
S31.001A,Unspecified open wound of lower back and pelvis with penetration into retroperitoneum initial encounter 
S37.069A,Major laceration of unspecified kidney initial encounter 
S31.001A,Unspecified open wound of lower back and pelvis with penetration into retroperitoneum initial encounter 
S37.20xA,Unspecified injury of bladder initial encounter 
S37.20xA,Unspecified injury of bladder initial encounter 
S31.001A,Unspecified open wound of lower back and pelvis with penetration into retroperitoneum initial encounter 
S37.10xA,Unspecified injury of ureter initial encounter 
S37.10xA,Unspecified injury of ureter initial encounter 
S31.001A,Unspecified open wound of lower back and pelvis with penetration into retroperitoneum initial encounter 
S37.60xA,Unspecified injury of uterus initial encounter 
S37.60xA,Unspecified injury of uterus initial encounter 
S31.001A,Unspecified open wound of lower back and pelvis with penetration into retroperitoneum initial encounter 
S37.409A,Unspecified injury of ovary unspecified initial encounter 
S37.409A,Unspecified injury of ovary unspecified initial encounter 
S37.90xA,Unspecified injury of unspecified urinary and pelvic organ initial encounter 
S37.90xA,Unspecified injury of unspecified urinary and pelvic organ initial encounter 
S36.90xA,Unspecified injury of unspecified intra-abdominal organ initial encounter 
S37.819A,Unspecified injury of adrenal gland initial encounter 
S36.13xA,Injury of bile duct initial encounter 
S36.81xA,Injury of peritoneum initial encounter 
S36.899A,Unspecified injury of other intra-abdominal organs initial encounter 
S36.899A,Unspecified injury of other intra-abdominal organs initial encounter 
S36.90xA,Unspecified injury of unspecified intra-abdominal organ initial encounter 
S37.819A,Unspecified injury of adrenal gland initial encounter 
S36.129A,Unspecified injury of gallbladder initial encounter 
S36.81xA,Injury of peritoneum initial encounter 
S31.001A,Unspecified open wound of lower back and pelvis with penetration into retroperitoneum initial encounter 
S36.899A,Unspecified injury of other intra-abdominal organs initial encounter 
S37.90xA,Unspecified injury of unspecified urinary and pelvic organ initial encounter 
S36.90xA,Unspecified injury of unspecified intra-abdominal organ initial encounter 
S01.129A,Laceration with foreign body of unspecified eyelid and periocular area initial encounter 
S01.129A,Laceration with foreign body of unspecified eyelid and periocular area initial encounter 
S01.119A,Laceration without foreign body of unspecified eyelid and periocular area initial encounter 
S05.40xA,Penetrating wound of orbit with or without foreign body unspecified eye initial encounter 
S05.40xA,Penetrating wound of orbit with or without foreign body unspecified eye initial encounter 
S01.109A,Unspecified open wound of unspecified eyelid and periocular area initial encounter 
S01.109A,Unspecified open wound of unspecified eyelid and periocular area initial encounter 
S05.30xA,Ocular laceration without prolapse or loss of intraocular tissue unspecified eye initial encounter 
S05.20xA,Ocular laceration and rupture with prolapse or loss of intraocular tissue unspecified eye initial encounter 
S05.20xA,Ocular laceration and rupture with prolapse or loss of intraocular tissue unspecified eye initial encounter 
S05.70xA,Avulsion of unspecified eye initial encounter 
S05.30xA,Ocular laceration without prolapse or loss of intraocular tissue unspecified eye initial encounter 
S05.50xA,Penetrating wound with foreign body of unspecified eyeball initial encounter 
S05.50xA,Penetrating wound with foreign body of unspecified eyeball initial encounter 
S05.60xA,Penetrating wound without foreign body of unspecified eyeball initial encounter 
S05.90xA,Unspecified injury of unspecified eye and orbit initial encounter 
S01.309A,Unspecified open wound of unspecified ear initial encounter 
S01.309A,Unspecified open wound of unspecified ear initial encounter 
S01.309A,Unspecified open wound of unspecified ear initial encounter 
S01.329A,Laceration with foreign body of unspecified ear initial encounter 
S01.329A,Laceration with foreign body of unspecified ear initial encounter 
S01.329A,Laceration with foreign body of unspecified ear initial encounter 
S09.20xA,Traumatic rupture of unspecified ear drum initial encounter 
S09.309A,Unspecified injury of unspecified middle and inner ear initial encounter 
S09.309A,Unspecified injury of unspecified middle and inner ear initial encounter 
S09.309A,Unspecified injury of unspecified middle and inner ear initial encounter 
S09.399A,Other specified injury of unspecified middle and inner ear initial encounter 
S09.20xA,Traumatic rupture of unspecified ear drum initial encounter 
S09.309A,Unspecified injury of unspecified middle and inner ear initial encounter 
S09.309A,Unspecified injury of unspecified middle and inner ear initial encounter 
S09.309A,Unspecified injury of unspecified middle and inner ear initial encounter 
S09.8xxA,Other specified injuries of head initial encounter 
S09.91xA,Unspecified injury of ear initial encounter 
S09.91xA,Unspecified injury of ear initial encounter 
S01.00xA,Unspecified open wound of scalp initial encounter 
S01.02xA,Laceration with foreign body of scalp initial encounter 
S01.23xA,Puncture wound without foreign body of nose initial encounter 
S01.23xA,Puncture wound without foreign body of nose initial encounter 
S01.23xA,Puncture wound without foreign body of nose initial encounter 
S01.23xA,Puncture wound without foreign body of nose initial encounter 
S08.811A,Complete traumatic amputation of nose initial encounter 
S01.24xA,Puncture wound with foreign body of nose initial encounter 
S01.24xA,Puncture wound with foreign body of nose initial encounter 
S01.24xA,Puncture wound with foreign body of nose initial encounter 
S01.24xA,Puncture wound with foreign body of nose initial encounter 
S08.811A,Complete traumatic amputation of nose initial encounter 
S09.93xA,Unspecified injury of face initial encounter 
S01.409A,Unspecified open wound of unspecified cheek and temporomandibular area initial encounter 
S01.80xA,Unspecified open wound of other part of head initial encounter 
S01.501A,Unspecified open wound of lip initial encounter 
S01.409A,Unspecified open wound of unspecified cheek and temporomandibular area initial encounter 
S01.80xA,Unspecified open wound of other part of head initial encounter 
S09.93xA,Unspecified injury of face initial encounter 
S01.429A,Laceration with foreign body of unspecified cheek and temporomandibular area initial encounter 
S01.82xA,Laceration with foreign body of other part of head initial encounter 
S01.521A,Laceration with foreign body of lip initial encounter 
S01.422A,Laceration with foreign body of left cheek and temporomandibular area initial encounter 
S01.82xA,Laceration with foreign body of other part of head initial encounter 
S01.502A,Unspecified open wound of oral cavity initial encounter 
S01.512A,Laceration without foreign body of oral cavity initial encounter 
S01.512A,Laceration without foreign body of oral cavity initial encounter 
S02.5xxB,Fracture of tooth (traumatic) initial encounter for open fracture 
S01.512A,Laceration without foreign body of oral cavity initial encounter 
S01.512A,Laceration without foreign body of oral cavity initial encounter 
S01.512A,Laceration without foreign body of oral cavity initial encounter 
S01.522A,Laceration with foreign body of oral cavity initial encounter 
S01.522A,Laceration with foreign body of oral cavity initial encounter 
S01.522A,Laceration with foreign body of oral cavity initial encounter 
S02.5xxB,Fracture of tooth (traumatic) initial encounter for open fracture 
S01.522A,Laceration with foreign body of oral cavity initial encounter 
S01.522A,Laceration with foreign body of oral cavity initial encounter 
S01.522A,Laceration with foreign body of oral cavity initial encounter 
S01.90xA,Unspecified open wound of unspecified part of head initial encounter 
S01.92xA,Laceration with foreign body of unspecified part of head initial encounter 
S11.019A,Unspecified open wound of larynx initial encounter 
S11.019A,Unspecified open wound of larynx initial encounter 
S11.029A,Unspecified open wound of trachea initial encounter 
S11.012A,Laceration with foreign body of larynx initial encounter 
S11.012A,Laceration with foreign body of larynx initial encounter 
S11.022A,Laceration with foreign body of trachea initial encounter 
S11.10xA,Unspecified open wound of thyroid gland initial encounter 
S11.12xA,Laceration with foreign body of thyroid gland initial encounter 
S11.20xA,Unspecified open wound of pharynx and cervical esophagus initial encounter 
S11.22xA,Laceration with foreign body of pharynx and cervical esophagus initial encounter 
S11.80xA,Unspecified open wound of other specified part of neck initial encounter 
S11.82xA,Laceration with foreign body of other specified part of neck initial encounter 
S21.109A,Unspecified open wound of unspecified front wall of thorax without penetration into thoracic cavity initial encounter 
S21.129A,Laceration with foreign body of unspecified front wall of thorax without penetration into thoracic cavity initial encounter 
S21.209A,Unspecified open wound of unspecified back wall of thorax without penetration into thoracic cavity initial encounter 
S31.020A,Laceration with foreign body of lower back and pelvis without penetration into retroperitoneum initial encounter 
S31.809A,Unspecified open wound of unspecified buttock initial encounter 
S31.802A,Laceration with foreign body of unspecified buttock initial encounter 
S31.20xA,Unspecified open wound of penis initial encounter 
S31.22xA,Laceration with foreign body of penis initial encounter 
S31.30xA,Unspecified open wound of scrotum and testes initial encounter 
S31.32xA,Laceration with foreign body of scrotum and testes initial encounter 
S31.40xA,Unspecified open wound of vagina and vulva initial encounter 
S31.42xA,Laceration with foreign body of vagina and vulva initial encounter 
S31.40xA,Unspecified open wound of vagina and vulva initial encounter 
S31.42xA,Laceration with foreign body of vagina and vulva initial encounter 
S31.501A,Unspecified open wound of unspecified external genital organs male initial encounter 
S31.522A,Laceration with foreign body of unspecified external genital organs female initial encounter 
S21.009A,Unspecified open wound of unspecified breast initial encounter 
S21.029A,Laceration with foreign body of unspecified breast initial encounter 
S31.102A,Unspecified open wound of abdominal wall epigastric region without penetration into peritoneal cavity initial encounter 
S31.122A,Laceration of abdominal wall with foreign body epigastric region without penetration into peritoneal cavity initial encounter 
S31.109A,Unspecified open wound of abdominal wall unspecified quadrant without penetration into peritoneal cavity initial encounter 
S31.129A,Laceration of abdominal wall with foreign body unspecified quadrant without penetration into peritoneal cavity initial encounter 
S31.000A,Unspecified open wound of lower back and pelvis without penetration into retroperitoneum initial encounter 
S31.020A,Laceration with foreign body of lower back and pelvis without penetration into retroperitoneum initial encounter 
S31.000A,Unspecified open wound of lower back and pelvis without penetration into retroperitoneum initial encounter 
S31.020A,Laceration with foreign body of lower back and pelvis without penetration into retroperitoneum initial encounter 
S41.009A,Unspecified open wound of unspecified shoulder initial encounter 
S41.009A,Unspecified open wound of unspecified shoulder initial encounter 
S41.009A,Unspecified open wound of unspecified shoulder initial encounter 
S41.109A,Unspecified open wound of unspecified upper arm initial encounter 
S41.109A,Unspecified open wound of unspecified upper arm initial encounter 
S41.029A,Laceration with foreign body of unspecified shoulder initial encounter 
S41.029A,Laceration with foreign body of unspecified shoulder initial encounter 
S41.029A,Laceration with foreign body of unspecified shoulder initial encounter 
S41.129A,Laceration with foreign body of unspecified upper arm initial encounter 
S41.129A,Laceration with foreign body of unspecified upper arm initial encounter 
S46.929A,Laceration of unspecified muscle fascia and tendon at shoulder and upper arm level unspecified arm initial encounter 
S46.929A,Laceration of unspecified muscle fascia and tendon at shoulder and upper arm level unspecified arm initial encounter 
S46.929A,Laceration of unspecified muscle fascia and tendon at shoulder and upper arm level unspecified arm initial encounter 
S46.929A,Laceration of unspecified muscle fascia and tendon at shoulder and upper arm level unspecified arm initial encounter 
S46.929A,Laceration of unspecified muscle fascia and tendon at shoulder and upper arm level unspecified arm initial encounter 
S51.809A,Unspecified open wound of unspecified forearm initial encounter 
S51.009A,Unspecified open wound of unspecified elbow initial encounter 
S61.509A,Unspecified open wound of unspecified wrist initial encounter 
S51.829A,Laceration with foreign body of unspecified forearm initial encounter 
S51.029A,Laceration with foreign body of unspecified elbow initial encounter 
S61.529A,Laceration with foreign body of unspecified wrist initial encounter 
S56.929A,Laceration of unspecified muscles fascia and tendons at forearm level unspecified arm initial encounter 
S56.929A,Laceration of unspecified muscles fascia and tendons at forearm level unspecified arm initial encounter 
S66.929A,Laceration of unspecified muscle fascia and tendon at wrist and hand level unspecified hand initial encounter 
S61.409A,Unspecified open wound of unspecified hand initial encounter 
S61.429A,Laceration with foreign body of unspecified hand initial encounter 
S66.929A,Laceration of unspecified muscle fascia and tendon at wrist and hand level unspecified hand initial encounter 
S61.209A,Unspecified open wound of unspecified finger without damage to nail initial encounter 
S61.229A,Laceration with foreign body of unspecified finger without damage to nail initial encounter 
S66.529A,Laceration of intrinsic muscle fascia and tendon of unspecified finger at wrist and hand level initial encounter 
S41.009A,Unspecified open wound of unspecified shoulder initial encounter 
S41.029A,Laceration with foreign body of unspecified shoulder initial encounter 
S41.009A,Unspecified open wound of unspecified shoulder initial encounter 
S68.019A,Complete traumatic metacarpophalangeal amputation of unspecified thumb initial encounter 
S68.019A,Complete traumatic metacarpophalangeal amputation of unspecified thumb initial encounter 
S68.119A,Complete traumatic metacarpophalangeal amputation of unspecified finger initial encounter 
S68.119A,Complete traumatic metacarpophalangeal amputation of unspecified finger initial encounter 
S58.119A,Complete traumatic amputation at level between elbow and wrist unspecified arm initial encounter 
S58.119A,Complete traumatic amputation at level between elbow and wrist unspecified arm initial encounter 
S48.119A,Complete traumatic amputation at level between unspecified shoulder and elbow initial encounter 
S48.119A,Complete traumatic amputation at level between unspecified shoulder and elbow initial encounter 
S48.919A,Complete traumatic amputation of unspecified shoulder and upper arm level unspecified initial encounter 
S48.919A,Complete traumatic amputation of unspecified shoulder and upper arm level unspecified initial encounter 
S48.911A,Complete traumatic amputation of right shoulder and upper arm level unspecified initial encounter 
S48.911A,Complete traumatic amputation of right shoulder and upper arm level unspecified initial encounter 
S71.109A,Unspecified open wound unspecified thigh initial encounter 
S71.129A,Laceration with foreign body unspecified thigh initial encounter 
S76.929A,Laceration of unspecified muscles fascia and tendons at thigh level unspecified thigh initial encounter 
S81.009A,Unspecified open wound unspecified knee initial encounter 
S81.829A,Laceration with foreign body unspecified lower leg initial encounter 
S86.929A,Laceration of unspecified muscle(s) and tendon(s) at lower leg level unspecified leg initial encounter 
S91.309A,Unspecified open wound unspecified foot initial encounter 
S91.329A,Laceration with foreign body unspecified foot initial encounter 
S96.929A,Laceration of unspecified muscle and tendon at ankle and foot level unspecified foot initial encounter 
S91.109A,Unspecified open wound of unspecified toe(s) without damage to nail initial encounter 
S91.129A,Laceration with foreign body of unspecified toe(s) without damage to nail initial encounter 
S96.929A,Laceration of unspecified muscle and tendon at ankle and foot level unspecified foot initial encounter 
S71.009A,Unspecified open wound unspecified hip initial encounter 
S71.029A,Laceration with foreign body unspecified hip initial encounter 
S71.009A,Unspecified open wound unspecified hip initial encounter 
S98.119A,Complete traumatic amputation of unspecified great toe initial encounter 
S98.119A,Complete traumatic amputation of unspecified great toe initial encounter 
S98.919A,Complete traumatic amputation of unspecified foot level unspecified initial encounter 
S98.019A,Complete traumatic amputation of unspecified foot at ankle level initial encounter 
S98.911A,Complete traumatic amputation of right foot level unspecified initial encounter 
S98.912A,Complete traumatic amputation of left foot level unspecified initial encounter 
S98.911A,Complete traumatic amputation of right foot level unspecified initial encounter 
S98.912A,Complete traumatic amputation of left foot level unspecified initial encounter 
S88.119A,Complete traumatic amputation at level between knee and ankle unspecified lower leg initial encounter 
S88.119A,Complete traumatic amputation at level between knee and ankle unspecified lower leg initial encounter 
S78.119A,Complete traumatic amputation at level between unspecified hip and knee initial encounter 
S78.019A,Complete traumatic amputation at unspecified hip joint initial encounter 
S88.919A,Complete traumatic amputation of unspecified lower leg level unspecified initial encounter 
S88.919A,Complete traumatic amputation of unspecified lower leg level unspecified initial encounter 
S88.911A,Complete traumatic amputation of right lower leg level unspecified initial encounter 
S88.912A,Complete traumatic amputation of left lower leg level unspecified initial encounter 
S88.911A,Complete traumatic amputation of right lower leg level unspecified initial encounter 
S88.912A,Complete traumatic amputation of left lower leg level unspecified initial encounter 
S15.009A,Unspecified injury of unspecified carotid artery initial encounter 
S15.009A,Unspecified injury of unspecified carotid artery initial encounter 
S15.009A,Unspecified injury of unspecified carotid artery initial encounter 
S15.009A,Unspecified injury of unspecified carotid artery initial encounter 
S15.309A,Unspecified injury of unspecified internal jugular vein initial encounter 
S15.209A,Unspecified injury of unspecified external jugular vein initial encounter 
S15.8xxA,Injury of other specified blood vessels at neck level initial encounter 
S15.8xxA,Injury of other specified blood vessels at neck level initial encounter 
S15.9xxA,Injury of unspecified blood vessel at neck level initial encounter 
S25.00xA,Unspecified injury of thoracic aorta initial encounter 
S25.109A,Unspecified injury of unspecified innominate or subclavian artery initial encounter 
S25.20xA,Unspecified injury of superior vena cava initial encounter 
S25.309A,Unspecified injury of unspecified innominate or subclavian vein initial encounter 
S25.409A,Unspecified injury of unspecified pulmonary blood vessels initial encounter 
S25.409A,Unspecified injury of unspecified pulmonary blood vessels initial encounter 
S25.409A,Unspecified injury of unspecified pulmonary blood vessels initial encounter 
S25.509A,Unspecified injury of intercostal blood vessels unspecified side initial encounter 
S25.809A,Unspecified injury of other blood vessels of thorax unspecified side initial encounter 
S25.809A,Unspecified injury of other blood vessels of thorax unspecified side initial encounter 
S25.809A,Unspecified injury of other blood vessels of thorax unspecified side initial encounter 
S25.90xA,Unspecified injury of unspecified blood vessel of thorax initial encounter 
S35.00xA,Unspecified injury of abdominal aorta initial encounter 
S35.10xA,Unspecified injury of inferior vena cava initial encounter 
S35.10xA,Unspecified injury of inferior vena cava initial encounter 
S35.10xA,Unspecified injury of inferior vena cava initial encounter 
S35.299A,Unspecified injury of branches of celiac and mesenteric artery initial encounter 
S35.299A,Unspecified injury of branches of celiac and mesenteric artery initial encounter 
S35.299A,Unspecified injury of branches of celiac and mesenteric artery initial encounter 
S35.299A,Unspecified injury of branches of celiac and mesenteric artery initial encounter 
S35.219A,Unspecified injury of celiac artery initial encounter 
S35.229A,Unspecified injury of superior mesenteric artery initial encounter 
S35.229A,Unspecified injury of superior mesenteric artery initial encounter 
S35.239A,Unspecified injury of inferior mesenteric artery initial encounter 
S35.299A,Unspecified injury of branches of celiac and mesenteric artery initial encounter 
S35.339A,Unspecified injury of superior mesenteric vein initial encounter 
S35.349A,Unspecified injury of inferior mesenteric vein initial encounter 
S35.319A,Unspecified injury of portal vein initial encounter 
S35.329A,Unspecified injury of splenic vein initial encounter 
S35.8X9A,Unspecified injury of other blood vessels at abdomen lower back and pelvis level initial encounter 
S35.403A,Unspecified injury of unspecified renal artery initial encounter 
S35.403A,Unspecified injury of unspecified renal artery initial encounter 
S35.406A,Unspecified injury of unspecified renal vein initial encounter 
S35.403A,Unspecified injury of unspecified renal artery initial encounter 
S35.513A,Injury of unspecified iliac artery initial encounter 
S35.513A,Injury of unspecified iliac artery initial encounter 
S35.516A,Injury of unspecified iliac vein initial encounter 
S35.513A,Injury of unspecified iliac artery initial encounter 
S35.516A,Injury of unspecified iliac vein initial encounter 
S35.533A,Injury of unspecified uterine artery initial encounter 
S35.536A,Injury of unspecified uterine vein initial encounter 
S35.59xA,Injury of other iliac blood vessels initial encounter 
S35.8X9A,Unspecified injury of other blood vessels at abdomen lower back and pelvis level initial encounter 
S35.8X9A,Unspecified injury of other blood vessels at abdomen lower back and pelvis level initial encounter 
S35.8X9A,Unspecified injury of other blood vessels at abdomen lower back and pelvis level initial encounter 
S35.8X9A,Unspecified injury of other blood vessels at abdomen lower back and pelvis level initial encounter 
S35.90xA,Unspecified injury of unspecified blood vessel at abdomen lower back and pelvis level initial encounter 
S45.809A,Unspecified injury of other specified blood vessels at shoulder and upper arm level unspecified arm initial encounter 
S45.009A,Unspecified injury of axillary artery unspecified side initial encounter 
S45.209A,Unspecified injury of axillary or brachial vein unspecified side initial encounter 
S45.109A,Unspecified injury of brachial artery unspecified side initial encounter 
S55.109A,Unspecified injury of radial artery at forearm level unspecified arm initial encounter 
S55.009A,Unspecified injury of ulnar artery at forearm level unspecified arm initial encounter 
S65.209A,Unspecified injury of superficial palmar arch of unspecified hand initial encounter 
S65.509A,Unspecified injury of blood vessel of unspecified finger initial encounter 
S65.809A,Unspecified injury of other blood vessels at wrist and hand level of unspecified arm initial encounter 
S45.909A,Unspecified injury of unspecified blood vessel at shoulder and upper arm level unspecified arm initial encounter 
S75.009A,Unspecified injury of femoral artery unspecified leg initial encounter 
S75.009A,Unspecified injury of femoral artery unspecified leg initial encounter 
S75.109A,Unspecified injury of femoral vein at hip and thigh level unspecified leg initial encounter 
S85.409A,Unspecified injury of lesser saphenous vein at lower leg level unspecified leg initial encounter 
S85.509A,Unspecified injury of popliteal vein unspecified leg initial encounter 
S85.009A,Unspecified injury of popliteal artery unspecified leg initial encounter 
S85.509A,Unspecified injury of popliteal vein unspecified leg initial encounter 
S85.109A,Unspecified injury of unspecified tibial artery unspecified leg initial encounter 
S85.139A,Unspecified injury of anterior tibial artery unspecified leg initial encounter 
S85.809A,Unspecified injury of other blood vessels at lower leg level unspecified leg initial encounter 
S85.169A,Unspecified injury of posterior tibial artery unspecified leg initial encounter 
S85.809A,Unspecified injury of other blood vessels at lower leg level unspecified leg initial encounter 
S95.109A,Unspecified injury of plantar artery of unspecified foot initial encounter 
S75.809A,Unspecified injury of other blood vessels at hip and thigh level unspecified leg initial encounter 
S75.909A,Unspecified injury of unspecified blood vessel at hip and thigh level unspecified leg initial encounter 
T14.90,Injury unspecified 
S02.8xxS,Fractures of other specified skull and facial bones sequela 
S12.9xxS,Fracture of neck unspecified sequela 
S62.90xS,Unspecified fracture of unspecified wrist and hand sequela 
S72.009S,Fracture of unspecified part of neck of unspecified femur sequela 
S92.909S,Unspecified fracture of unspecified foot sequela 
M84.40xS,Pathological fracture unspecified site sequela 
S03.0xxS',Dislocation of jaw sequela 
S66.919S',Strain of unspecified muscle fascia and tendon at wrist and hand level unspecified hand sequela 
M67.90,Unspecified disorder of synovium and tendon unspecified site 
S58.922S,Partial traumatic amputation of left forearm level unspecified sequela 
S11.90xS,Unspecified open wound of unspecified part of neck sequela 
S61.409S,Unspecified open wound of unspecified hand sequela 
S10.90xS,Unspecified superficial injury of unspecified part of neck sequela 
S10.93xS,Contusion of unspecified part of neck sequela 
S17.9xxS,Crushing injury of neck part unspecified sequela 
T20.00xS,Burn of unspecified degree of head face and neck unspecified site sequela 
T23.009S,Burn of unspecified degree of unspecified hand unspecified site sequela 
T24.009S,Burn of unspecified degree of unspecified site of unspecified lower limb except ankle and foot sequela 
T21.00xS,Burn of unspecified degree of trunk unspecified site sequela 
T20.00xS,Burn of unspecified degree of head face and neck unspecified site sequela 
S06.9X9S,Unspecified intracranial injury with loss of consciousness of unspecified duration sequela 
S04.9xxS,Injury of unspecified cranial nerve sequela 
S34.109S,Unspecified injury to unspecified level of lumbar spinal cord sequela 
S24.9xxS,Injury of unspecified nerve of thorax sequela 
S44.90xS,Injury of unspecified nerve at shoulder and upper arm level unspecified arm sequela 
S74.90xS,Injury of unspecified nerve at hip and thigh level unspecified leg sequela 
S24.9xxS,Injury of unspecified nerve of thorax sequela 
S27.9xxS,Injury of unspecified intrathoracic organ sequela 
S36.90xS,Unspecified injury of unspecified intra-abdominal organ sequela 
S37.90xS,Unspecified injury of unspecified urinary and pelvic organ sequela 
S09.0xxS,Injury of blood vessels of head not elsewhere classified sequela 
S35.90xS,Unspecified injury of unspecified blood vessel at abdomen lower back and pelvis level sequela 
T18.0xxS,Foreign body in mouth sequela 
T79.9xxS,Unspecified early complication of trauma sequela 
S09.90xS,Unspecified injury of head sequela 
T50.901S,Poisoning by unspecified drugs medicaments and biological substances accidental (unintentional) sequela 
T65.91xS,Toxic effect of unspecified substance accidental (unintentional) sequela 
L59.9,Disorder of the skin and subcutaneous tissue related to radiation unspecified 
T88.9xxS,Complication of surgical and medical care unspecified sequela 
T75.89xS,Other specified effects of external causes sequela 
T88.7xxS,Unspecified adverse effect of drug or medicament sequela 
T78.8xxS,Other adverse effects not elsewhere classified sequela 
S10.11xA,Abrasion of throat initial encounter 
S00.90xA,Unspecified superficial injury of unspecified part of head initial encounter 
L08.89,Other specified local infections of the skin and subcutaneous tissue 
S10.12xA,Blister (nonthermal) of throat initial encounter 
S00.92xA,Blister (nonthermal) of unspecified part of head initial encounter 
L08.89,Other specified local infections of the skin and subcutaneous tissue 
S10.16xA,Insect bite (nonvenomous) of throat initial encounter 
S00.96xA,Insect bite (nonvenomous) of unspecified part of head initial encounter 
L08.89,Other specified local infections of the skin and subcutaneous tissue 
S10.15xA,Superficial foreign body of throat initial encounter 
S00.95xA,Superficial foreign body of unspecified part of head initial encounter 
L08.89,Other specified local infections of the skin and subcutaneous tissue 
S10.10xA,Unspecified superficial injuries of throat initial encounter 
S00.90xA,Unspecified superficial injury of unspecified part of head initial encounter 
L08.89,Other specified local infections of the skin and subcutaneous tissue 
S20.91xA,Abrasion of unspecified parts of thorax initial encounter 
S20.91xA,Abrasion of unspecified parts of thorax initial encounter 
L08.89,Other specified local infections of the skin and subcutaneous tissue 
S20.92xA,Blister (nonthermal) of unspecified parts of thorax initial encounter 
S20.92xA,Blister (nonthermal) of unspecified parts of thorax initial encounter 
L08.89,Other specified local infections of the skin and subcutaneous tissue 
S20.96xA,Insect bite (nonvenomous) of unspecified parts of thorax initial encounter 
S20.96xA,Insect bite (nonvenomous) of unspecified parts of thorax initial encounter 
L08.89,Other specified local infections of the skin and subcutaneous tissue 
S20.95xA,Superficial foreign body of unspecified parts of thorax initial encounter 
S20.95xA,Superficial foreign body of unspecified parts of thorax initial encounter 
L08.89,Other specified local infections of the skin and subcutaneous tissue 
S30.91xA,Unspecified superficial injury of lower back and pelvis initial encounter 
S20.90xA,Unspecified superficial injury of unspecified parts of thorax initial encounter 
L08.89,Other specified local infections of the skin and subcutaneous tissue 
S40.219A,Abrasion of unspecified shoulder initial encounter 
S40.219A,Abrasion of unspecified shoulder initial encounter 
L08.89,Other specified local infections of the skin and subcutaneous tissue 
S40.229A,Blister (nonthermal) of unspecified shoulder initial encounter 
S40.229A,Blister (nonthermal) of unspecified shoulder initial encounter 
L08.89,Other specified local infections of the skin and subcutaneous tissue 
S40.269A,Insect bite (nonvenomous) of unspecified shoulder initial encounter 
S40.269A,Insect bite (nonvenomous) of unspecified shoulder initial encounter 
L08.89,Other specified local infections of the skin and subcutaneous tissue 
S40.259A,Superficial foreign body of unspecified shoulder initial encounter 
S40.259A,Superficial foreign body of unspecified shoulder initial encounter 
L08.89,Other specified local infections of the skin and subcutaneous tissue 
S40.919A,Unspecified superficial injury of unspecified shoulder initial encounter 
S40.919A,Unspecified superficial injury of unspecified shoulder initial encounter 
L08.89,Other specified local infections of the skin and subcutaneous tissue 
S60.819A,Abrasion of unspecified wrist initial encounter 
S50.319A,Abrasion of unspecified elbow initial encounter 
L08.89,Other specified local infections of the skin and subcutaneous tissue 
S50.829A,Blister (nonthermal) of unspecified forearm initial encounter 
S50.329A,Blister (nonthermal) of unspecified elbow initial encounter 
L08.89,Other specified local infections of the skin and subcutaneous tissue 
S50.869A,Insect bite (nonvenomous) of unspecified forearm initial encounter 
S50.369A,Insect bite (nonvenomous) of unspecified elbow initial encounter 
L08.89,Other specified local infections of the skin and subcutaneous tissue 
S50.859A,Superficial foreign body of unspecified forearm initial encounter 
S50.359A,Superficial foreign body of unspecified elbow initial encounter 
L08.89,Other specified local infections of the skin and subcutaneous tissue 
S50.919A,Unspecified superficial injury of unspecified forearm initial encounter 
S50.909A,Unspecified superficial injury of unspecified elbow initial encounter 
L08.89,Other specified local infections of the skin and subcutaneous tissue 
S60.519A,Abrasion of unspecified hand initial encounter 
S60.519A,Abrasion of unspecified hand initial encounter 
L08.89,Other specified local infections of the skin and subcutaneous tissue 
S60.529A,Blister (nonthermal) of unspecified hand initial encounter 
S60.529A,Blister (nonthermal) of unspecified hand initial encounter 
L08.89,Other specified local infections of the skin and subcutaneous tissue 
S60.569A,Insect bite (nonvenomous) of unspecified hand initial encounter 
S60.569A,Insect bite (nonvenomous) of unspecified hand initial encounter 
L08.89,Other specified local infections of the skin and subcutaneous tissue 
S60.559A,Superficial foreign body of unspecified hand initial encounter 
S60.559A,Superficial foreign body of unspecified hand initial encounter 
L08.89,Other specified local infections of the skin and subcutaneous tissue 
S60.929A,Unspecified superficial injury of unspecified hand initial encounter 
S60.929A,Unspecified superficial injury of unspecified hand initial encounter 
L08.89,Other specified local infections of the skin and subcutaneous tissue 
S60.319A,Abrasion of unspecified thumb initial encounter 
S60.319A,Abrasion of unspecified thumb initial encounter 
L08.89,Other specified local infections of the skin and subcutaneous tissue 
S60.329A,Blister (nonthermal) of unspecified thumb initial encounter 
S60.329A,Blister (nonthermal) of unspecified thumb initial encounter 
L08.89,Other specified local infections of the skin and subcutaneous tissue 
S60.369A,Insect bite (nonvenomous) of unspecified thumb initial encounter 
S60.369A,Insect bite (nonvenomous) of unspecified thumb initial encounter 
L08.89,Other specified local infections of the skin and subcutaneous tissue 
S60.359A,Superficial foreign body of unspecified thumb initial encounter 
S60.359A,Superficial foreign body of unspecified thumb initial encounter 
L08.89,Other specified local infections of the skin and subcutaneous tissue 
S60.939A,Unspecified superficial injury of unspecified thumb initial encounter 
S60.939A,Unspecified superficial injury of unspecified thumb initial encounter 
L08.89,Other specified local infections of the skin and subcutaneous tissue 
S70.219A,Abrasion unspecified hip initial encounter 
S70.219A,Abrasion unspecified hip initial encounter 
L08.89,Other specified local infections of the skin and subcutaneous tissue 
S70.229A,Blister (nonthermal) unspecified hip initial encounter 
S70.229A,Blister (nonthermal) unspecified hip initial encounter 
L08.89,Other specified local infections of the skin and subcutaneous tissue 
S70.269A,Insect bite (nonvenomous) unspecified hip initial encounter 
S70.269A,Insect bite (nonvenomous) unspecified hip initial encounter 
L08.89,Other specified local infections of the skin and subcutaneous tissue 
S70.259A,Superficial foreign body unspecified hip initial encounter 
S70.259A,Superficial foreign body unspecified hip initial encounter 
L08.89,Other specified local infections of the skin and subcutaneous tissue 
S70.919A,Unspecified superficial injury of unspecified hip initial encounter 
S70.919A,Unspecified superficial injury of unspecified hip initial encounter 
L08.89,Other specified local infections of the skin and subcutaneous tissue 
S90.413A,Abrasion unspecified great toe initial encounter 
S90.413A,Abrasion unspecified great toe initial encounter 
L08.89,Other specified local infections of the skin and subcutaneous tissue 
S90.423A,Blister (nonthermal) unspecified great toe initial encounter 
S90.423A,Blister (nonthermal) unspecified great toe initial encounter 
L08.89,Other specified local infections of the skin and subcutaneous tissue 
S90.463A,Insect bite (nonvenomous) unspecified great toe initial encounter 
S90.463A,Insect bite (nonvenomous) unspecified great toe initial encounter 
L08.89,Other specified local infections of the skin and subcutaneous tissue 
S90.453A,Superficial foreign body unspecified great toe initial encounter 
S90.453A,Superficial foreign body unspecified great toe initial encounter 
L08.89,Other specified local infections of the skin and subcutaneous tissue 
S90.929A,Unspecified superficial injury of unspecified foot initial encounter 
S90.929A,Unspecified superficial injury of unspecified foot initial encounter 
L08.89,Other specified local infections of the skin and subcutaneous tissue 
S00.219A,Abrasion of unspecified eyelid and periocular area initial encounter 
S05.00xA,Injury of conjunctiva and corneal abrasion without foreign body unspecified eye initial encounter 
S05.00xA,Injury of conjunctiva and corneal abrasion without foreign body unspecified eye initial encounter 
S05.90xA,Unspecified injury of unspecified eye and orbit initial encounter 
T07,Unspecified multiple injuries 
T07,Unspecified multiple injuries 
L08.89,Other specified local infections of the skin and subcutaneous tissue 
T07,Unspecified multiple injuries 
T07,Unspecified multiple injuries 
L08.89,Other specified local infections of the skin and subcutaneous tissue 
T07,Unspecified multiple injuries 
T07,Unspecified multiple injuries 
L08.89,Other specified local infections of the skin and subcutaneous tissue 
T07,Unspecified multiple injuries 
T07,Unspecified multiple injuries 
L08.89,Other specified local infections of the skin and subcutaneous tissue 
T07,Unspecified multiple injuries 
T07,Unspecified multiple injuries 
L08.89,Other specified local infections of the skin and subcutaneous tissue 
S10.93xA,Contusion of unspecified part of neck initial encounter 
S00.10xA,Contusion of unspecified eyelid and periocular area initial encounter 
S00.10xA,Contusion of unspecified eyelid and periocular area initial encounter 
S05.10xA,Contusion of eyeball and orbital tissues unspecified eye initial encounter 
S05.10xA,Contusion of eyeball and orbital tissues unspecified eye initial encounter 
S05.90xA,Unspecified injury of unspecified eye and orbit initial encounter 
S20.00xA,Contusion of breast unspecified breast initial encounter 
S20.219A,Contusion of unspecified front wall of thorax initial encounter 
S30.1xxA,Contusion of abdominal wall initial encounter 
S30.0xxA,Contusion of lower back and pelvis initial encounter 
S30.0xxA,Contusion of lower back and pelvis initial encounter 
S20.229A,Contusion of unspecified back wall of thorax initial encounter 
S30.201A,Contusion of unspecified external genital organ male initial encounter 
T14.8,Other injury of unspecified body region 
S20.20xA,Contusion of thorax unspecified initial encounter 
S40.019A,Contusion of unspecified shoulder initial encounter 
S40.019A,Contusion of unspecified shoulder initial encounter 
S40.019A,Contusion of unspecified shoulder initial encounter 
S40.029A,Contusion of unspecified upper arm initial encounter 
S40.019A,Contusion of unspecified shoulder initial encounter 
S50.10xA,Contusion of unspecified forearm initial encounter 
S50.00xA,Contusion of unspecified elbow initial encounter 
S60.229A,Contusion of unspecified hand initial encounter 
S60.219A,Contusion of unspecified wrist initial encounter 
S60.00xA,Contusion of unspecified finger without damage to nail initial encounter 
S40.019A,Contusion of unspecified shoulder initial encounter 
S40.019A,Contusion of unspecified shoulder initial encounter 
S70.10xA,Contusion of unspecified thigh initial encounter 
S70.00xA,Contusion of unspecified hip initial encounter 
S80.10xA,Contusion of unspecified lower leg initial encounter 
S80.00xA,Contusion of unspecified knee initial encounter 
S90.30xA,Contusion of unspecified foot initial encounter 
S90.00xA,Contusion of unspecified ankle initial encounter 
S90.119A,Contusion of unspecified great toe without damage to nail initial encounter 
S70.10xA,Contusion of unspecified thigh initial encounter 
S70.10xA,Contusion of unspecified thigh initial encounter 
T14.8,Other injury of unspecified body region 
T14.90,Injury unspecified 
S07.0xxA,Crushing injury of face initial encounter 
S17.9xxA,Crushing injury of neck part unspecified initial encounter 
S38.001A,Crushing injury of unspecified external genital organs male initial encounter 
S38.1xxA,Crushing injury of abdomen lower back and pelvis initial encounter 
S38.1xxA,Crushing injury of abdomen lower back and pelvis initial encounter 
S28.0xxA,Crushed chest initial encounter 
S28.0xxA,Crushed chest initial encounter 
S28.0xxA,Crushed chest initial encounter 
S47.9xxA,Crushing injury of shoulder and upper arm unspecified arm initial encounter 
S47.9xxA,Crushing injury of shoulder and upper arm unspecified arm initial encounter 
S47.9xxA,Crushing injury of shoulder and upper arm unspecified arm initial encounter 
S47.9xxA,Crushing injury of shoulder and upper arm unspecified arm initial encounter 
S47.9xxA,Crushing injury of shoulder and upper arm unspecified arm initial encounter 
S57.80xA,Crushing injury of unspecified forearm initial encounter 
S57.00xA,Crushing injury of unspecified elbow initial encounter 
S67.20xA,Crushing injury of unspecified hand initial encounter 
S67.30xA,Crushing injury of unspecified wrist initial encounter 
S67.00xA,Crushing injury of unspecified thumb initial encounter 
S47.9xxA,Crushing injury of shoulder and upper arm unspecified arm initial encounter 
S47.9xxA,Crushing injury of shoulder and upper arm unspecified arm initial encounter 
S77.10xA,Crushing injury of unspecified thigh initial encounter 
S77.00xA,Crushing injury of unspecified hip initial encounter 
S87.80xA,Crushing injury of unspecified lower leg initial encounter 
S87.00xA,Crushing injury of unspecified knee initial encounter 
S97.80xA,Crushing injury of unspecified foot initial encounter 
S97.00xA,Crushing injury of unspecified ankle initial encounter 
S97.109A,Crushing injury of unspecified toe(s) initial encounter 
S77.20xA,Crushing injury of unspecified hip with thigh initial encounter 
S77.20xA,Crushing injury of unspecified hip with thigh initial encounter 
S77.20xA,Crushing injury of unspecified hip with thigh initial encounter 
S77.20xA,Crushing injury of unspecified hip with thigh initial encounter 
T15.00xA,Foreign body in cornea unspecified eye initial encounter 
T15.10xA,Foreign body in conjunctival sac unspecified eye initial encounter 
T15.80xA,Foreign body in other and multiple parts of external eye unspecified eye initial encounter 
T15.80xA,Foreign body in other and multiple parts of external eye unspecified eye initial encounter 
T15.90xA,Foreign body on external eye part unspecified unspecified eye initial encounter 
T16.1xxA,Foreign body in right ear initial encounter 
T17.0xxA,Foreign body in nasal sinus initial encounter 
T17.208A,Unspecified foreign body in pharynx causing other injury initial encounter 
T17.308A,Unspecified foreign body in larynx causing other injury initial encounter 
T17.408A,Unspecified foreign body in trachea causing other injury initial encounter 
T17.508A,Unspecified foreign body in bronchus causing other injury initial encounter 
T17.808A,Unspecified foreign body in other parts of respiratory tract causing other injury initial encounter 
T17.908A,Unspecified foreign body in respiratory tract part unspecified causing other injury initial encounter 
T18.0xxA,Foreign body in mouth initial encounter 
T18.108A,Unspecified foreign body in esophagus causing other injury initial encounter 
T18.2xxA,Foreign body in stomach initial encounter 
T18.4xxA,Foreign body in colon initial encounter 
T18.5xxA,Foreign body in anus and rectum initial encounter 
T18.8xxA,Foreign body in other parts of alimentary tract initial encounter 
T19.0xxA,Foreign body in urethra initial encounter 
T19.3xxA,Foreign body in uterus initial encounter 
T19.2xxA,Foreign body in vulva and vagina initial encounter 
T19.4xxA,Foreign body in penis initial encounter 
T19.8xxA,Foreign body in other parts of genitourinary tract initial encounter 
T26.50xA,Corrosion of unspecified eyelid and periocular area initial encounter 
T26.00xA,Burn of unspecified eyelid and periocular area initial encounter 
T26.60xA,Corrosion of cornea and conjunctival sac unspecified eye initial encounter 
T26.60xA,Corrosion of cornea and conjunctival sac unspecified eye initial encounter 
T26.10xA,Burn of cornea and conjunctival sac unspecified eye initial encounter 
T26.20xA,Burn with resulting rupture and destruction of unspecified eyeball initial encounter 
T26.90xA,Corrosion of unspecified eye and adnexa part unspecified initial encounter 
T20.00xA,Burn of unspecified degree of head face and neck unspecified site initial encounter 
T20.019A,Burn of unspecified degree of unspecified ear [any part except ear drum] initial encounter 
T26.40xA,Burn of unspecified eye and adnexa part unspecified initial encounter 
T20.02xA,Burn of unspecified degree of lip(s) initial encounter 
T20.03xA,Burn of unspecified degree of chin initial encounter 
T20.04xA,Burn of unspecified degree of nose (septum) initial encounter 
T20.05xA,Burn of unspecified degree of scalp [any part] initial encounter 
T20.06xA,Burn of unspecified degree of forehead and cheek initial encounter 
T20.07xA,Burn of unspecified degree of neck initial encounter 
T20.09xA,Burn of unspecified degree of multiple sites of head face and neck initial encounter 
T20.10xA,Burn of first degree of head face and neck unspecified site initial encounter 
T20.119A,Burn of first degree of unspecified ear [any part except ear drum] initial encounter 
T26.40xA,Burn of unspecified eye and adnexa part unspecified initial encounter 
T20.12xA,Burn of first degree of lip(s) initial encounter 
T20.13xA,Burn of first degree of chin initial encounter 
T20.14xA,Burn of first degree of nose (septum) initial encounter 
T20.15xA,Burn of first degree of scalp [any part] initial encounter 
T20.16xA,Burn of first degree of forehead and cheek initial encounter 
T20.17xA,Burn of first degree of neck initial encounter 
T20.19xA,Burn of first degree of multiple sites of head face and neck initial encounter 
T20.20xA,Burn of second degree of head face and neck unspecified site initial encounter 
T20.219A,Burn of second degree of unspecified ear [any part except ear drum] initial encounter 
T26.40xA,Burn of unspecified eye and adnexa part unspecified initial encounter 
T20.22xA,Burn of second degree of lip(s) initial encounter 
T20.23xA,Burn of second degree of chin initial encounter 
T20.24xA,Burn of second degree of nose (septum) initial encounter 
T20.25xA,Burn of second degree of scalp [any part] initial encounter 
T20.26xA,Burn of second degree of forehead and cheek initial encounter 
T20.27xA,Burn of second degree of neck initial encounter 
T20.29xA,Burn of second degree of multiple sites of head face and neck initial encounter 
T20.30xA,Burn of third degree of head face and neck unspecified site initial encounter 
T20.319A,Burn of third degree of unspecified ear [any part except ear drum] initial encounter 
T26.40xA,Burn of unspecified eye and adnexa part unspecified initial encounter 
T20.32xA,Burn of third degree of lip(s) initial encounter 
T20.33xA,Burn of third degree of chin initial encounter 
T20.34xA,Burn of third degree of nose (septum) initial encounter 
T20.35xA,Burn of third degree of scalp [any part] initial encounter 
T20.36xA,Burn of third degree of forehead and cheek initial encounter 
T20.37xA,Burn of third degree of neck initial encounter 
T20.39xA,Burn of third degree of multiple sites of head face and neck initial encounter 
T20.30xA,Burn of third degree of head face and neck unspecified site initial encounter 
T20.319A,Burn of third degree of unspecified ear [any part except ear drum] initial encounter 
T26.40xA,Burn of unspecified eye and adnexa part unspecified initial encounter 
T20.32xA,Burn of third degree of lip(s) initial encounter 
T20.33xA,Burn of third degree of chin initial encounter 
T20.34xA,Burn of third degree of nose (septum) initial encounter 
T20.35xA,Burn of third degree of scalp [any part] initial encounter 
T20.36xA,Burn of third degree of forehead and cheek initial encounter 
T20.37xA,Burn of third degree of neck initial encounter 
T20.39xA,Burn of third degree of multiple sites of head face and neck initial encounter 
T20.70xA,Corrosion of third degree of head face and neck unspecified site initial encounter 
T20.719A,Corrosion of third degree of unspecified ear [any part except ear drum] initial encounter 
T26.20xA,Burn with resulting rupture and destruction of unspecified eyeball initial encounter 
T20.72xA,Corrosion of third degree of lip(s) initial encounter 
T20.73xA,Corrosion of third degree of chin initial encounter 
T20.74xA,Corrosion of third degree of nose (septum) initial encounter 
T20.75xA,Corrosion of third degree of scalp [any part] initial encounter 
T20.76xA,Corrosion of third degree of forehead and cheek initial encounter 
T20.77xA,Corrosion of third degree of neck initial encounter 
T20.79xA,Corrosion of third degree of multiple sites of head face and neck initial encounter 
T21.00xA,Burn of unspecified degree of trunk unspecified site initial encounter 
T21.01xA,Burn of unspecified degree of chest wall initial encounter 
T21.01xA,Burn of unspecified degree of chest wall initial encounter 
T21.02xA,Burn of unspecified degree of abdominal wall initial encounter 
T21.03xA,Burn of unspecified degree of upper back initial encounter 
T21.06xA,Burn of unspecified degree of male genital region initial encounter 
T21.09xA,Burn of unspecified degree of other site of trunk initial encounter 
T21.10xA,Burn of first degree of trunk unspecified site initial encounter 
T21.11xA,Burn of first degree of chest wall initial encounter 
T21.11xA,Burn of first degree of chest wall initial encounter 
T21.12xA,Burn of first degree of abdominal wall initial encounter 
T21.13xA,Burn of first degree of upper back initial encounter 
T21.16xA,Burn of first degree of male genital region initial encounter 
T21.19xA,Burn of first degree of other site of trunk initial encounter 
T21.20xA,Burn of second degree of trunk unspecified site initial encounter 
T21.21xA,Burn of second degree of chest wall initial encounter 
T21.21xA,Burn of second degree of chest wall initial encounter 
T21.22xA,Burn of second degree of abdominal wall initial encounter 
T21.23xA,Burn of second degree of upper back initial encounter 
T21.26xA,Burn of second degree of male genital region initial encounter 
T21.29xA,Burn of second degree of other site of trunk initial encounter 
T21.30xA,Burn of third degree of trunk unspecified site initial encounter 
T21.31xA,Burn of third degree of chest wall initial encounter 
T21.31xA,Burn of third degree of chest wall initial encounter 
T21.32xA,Burn of third degree of abdominal wall initial encounter 
T21.33xA,Burn of third degree of upper back initial encounter 
T21.36xA,Burn of third degree of male genital region initial encounter 
T21.79xA,Corrosion of third degree of other site of trunk initial encounter 
T21.30xA,Burn of third degree of trunk unspecified site initial encounter 
T21.31xA,Burn of third degree of chest wall initial encounter 
T21.31xA,Burn of third degree of chest wall initial encounter 
T21.32xA,Burn of third degree of abdominal wall initial encounter 
T21.33xA,Burn of third degree of upper back initial encounter 
T21.36xA,Burn of third degree of male genital region initial encounter 
T21.79xA,Corrosion of third degree of other site of trunk initial encounter 
T21.70xA,Corrosion of third degree of trunk unspecified site initial encounter 
T21.71xA,Corrosion of third degree of chest wall initial encounter 
T21.71xA,Corrosion of third degree of chest wall initial encounter 
T21.72xA,Corrosion of third degree of abdominal wall initial encounter 
T21.73xA,Corrosion of third degree of upper back initial encounter 
T21.36xA,Burn of third degree of male genital region initial encounter 
T21.79xA,Corrosion of third degree of other site of trunk initial encounter 
T22.00xA,Burn of unspecified degree of shoulder and upper limb except wrist and hand unspecified site initial encounter 
T22.019A,Burn of unspecified degree of unspecified forearm initial encounter 
T22.029A,Burn of unspecified degree of unspecified elbow initial encounter 
T22.039A,Burn of unspecified degree of unspecified upper arm initial encounter 
T22.049A,Burn of unspecified degree of unspecified axilla initial encounter 
T22.059A,Burn of unspecified degree of unspecified shoulder initial encounter 
T22.069A,Burn of unspecified degree of unspecified scapular region initial encounter 
T22.099A,Burn of unspecified degree of multiple sites of unspecified shoulder and upper limb except wrist and hand initial encounter 
T22.10xA,Burn of first degree of shoulder and upper limb except wrist and hand unspecified site initial encounter 
T22.119A,Burn of first degree of unspecified forearm initial encounter 
T22.129A,Burn of first degree of unspecified elbow initial encounter 
T22.139A,Burn of first degree of unspecified upper arm initial encounter 
T22.149A,Burn of first degree of unspecified axilla initial encounter 
T22.159A,Burn of first degree of unspecified shoulder initial encounter 
T22.169A,Burn of first degree of unspecified scapular region initial encounter 
T22.199A,Burn of first degree of multiple sites of unspecified shoulder and upper limb except wrist and hand initial encounter 
T22.20xA,Burn of second degree of shoulder and upper limb except wrist and hand unspecified site initial encounter 
T22.219A,Burn of second degree of unspecified forearm initial encounter 
T22.229A,Burn of second degree of unspecified elbow initial encounter 
T22.239A,Burn of second degree of unspecified upper arm initial encounter 
T22.249A,Burn of second degree of unspecified axilla initial encounter 
T22.259A,Burn of second degree of unspecified shoulder initial encounter 
T22.269A,Burn of second degree of unspecified scapular region initial encounter 
T22.299A,Burn of second degree of multiple sites of unspecified shoulder and upper limb except wrist and hand initial encounter 
T22.30xA,Burn of third degree of shoulder and upper limb except wrist and hand unspecified site initial encounter 
T22.319A,Burn of third degree of unspecified forearm initial encounter 
T22.329A,Burn of third degree of unspecified elbow initial encounter 
T22.339A,Burn of third degree of unspecified upper arm initial encounter 
T22.349A,Burn of third degree of unspecified axilla initial encounter 
T22.359A,Burn of third degree of unspecified shoulder initial encounter 
T22.369A,Burn of third degree of unspecified scapular region initial encounter 
T22.399A,Burn of third degree of multiple sites of unspecified shoulder and upper limb except wrist and hand initial encounter 
T22.30xA,Burn of third degree of shoulder and upper limb except wrist and hand unspecified site initial encounter 
T22.319A,Burn of third degree of unspecified forearm initial encounter 
T22.329A,Burn of third degree of unspecified elbow initial encounter 
T22.339A,Burn of third degree of unspecified upper arm initial encounter 
T22.349A,Burn of third degree of unspecified axilla initial encounter 
T22.359A,Burn of third degree of unspecified shoulder initial encounter 
T22.369A,Burn of third degree of unspecified scapular region initial encounter 
T22.399A,Burn of third degree of multiple sites of unspecified shoulder and upper limb except wrist and hand initial encounter 
T22.30xA,Burn of third degree of shoulder and upper limb except wrist and hand unspecified site initial encounter 
T22.319A,Burn of third degree of unspecified forearm initial encounter 
T22.329A,Burn of third degree of unspecified elbow initial encounter 
T22.339A,Burn of third degree of unspecified upper arm initial encounter 
T22.349A,Burn of third degree of unspecified axilla initial encounter 
T22.359A,Burn of third degree of unspecified shoulder initial encounter 
T22.369A,Burn of third degree of unspecified scapular region initial encounter 
T22.399A,Burn of third degree of multiple sites of unspecified shoulder and upper limb except wrist and hand initial encounter 
T23.009A,Burn of unspecified degree of unspecified hand unspecified site initial encounter 
T23.029A,Burn of unspecified degree of unspecified single finger (nail) except thumb initial encounter 
T23.019A,Burn of unspecified degree of unspecified thumb (nail) initial encounter 
T23.039A,Burn of unspecified degree of unspecified multiple fingers (nail) not including thumb initial encounter 
T23.049A,Burn of unspecified degree of unspecified multiple fingers (nail) including thumb initial encounter 
T23.059A,Burn of unspecified degree of unspecified palm initial encounter 
T23.069A,Burn of unspecified degree of back of unspecified hand initial encounter 
T23.079A,Burn of unspecified degree of unspecified wrist initial encounter 
T23.099A,Burn of unspecified degree of multiple sites of unspecified wrist and hand initial encounter 
T23.109A,Burn of first degree of unspecified hand unspecified site initial encounter 
T23.129A,Burn of first degree of unspecified single finger (nail) except thumb initial encounter 
T23.119A,Burn of first degree of unspecified thumb (nail) initial encounter 
T23.139A,Burn of first degree of unspecified multiple fingers (nail) not including thumb initial encounter 
T23.149A,Burn of first degree of unspecified multiple fingers (nail) including thumb initial encounter 
T23.159A,Burn of first degree of unspecified palm initial encounter 
T23.169A,Burn of first degree of back of unspecified hand initial encounter 
T23.179A,Burn of first degree of unspecified wrist initial encounter 
T23.199A,Burn of first degree of multiple sites of unspecified wrist and hand initial encounter 
T23.209A,Burn of second degree of unspecified hand unspecified site initial encounter 
T23.229A,Burn of second degree of unspecified single finger (nail) except thumb initial encounter 
T23.219A,Burn of second degree of unspecified thumb (nail) initial encounter 
T23.239A,Burn of second degree of unspecified multiple fingers (nail) not including thumb initial encounter 
T23.249A,Burn of second degree of unspecified multiple fingers (nail) including thumb initial encounter 
T23.259A,Burn of second degree of unspecified palm initial encounter 
T23.269A,Burn of second degree of back of unspecified hand initial encounter 
T23.279A,Burn of second degree of unspecified wrist initial encounter 
T23.299A,Burn of second degree of multiple sites of unspecified wrist and hand initial encounter 
T23.309A,Burn of third degree of unspecified hand unspecified site initial encounter 
T23.329A,Burn of third degree of unspecified single finger (nail) except thumb initial encounter 
T23.319A,Burn of third degree of unspecified thumb (nail) initial encounter 
T23.339A,Burn of third degree of unspecified multiple fingers (nail) not including thumb initial encounter 
T23.349A,Burn of third degree of unspecified multiple fingers (nail) including thumb initial encounter 
T23.359A,Burn of third degree of unspecified palm initial encounter 
T23.369A,Burn of third degree of back of unspecified hand initial encounter 
T23.379A,Burn of third degree of unspecified wrist initial encounter 
T23.399A,Burn of third degree of multiple sites of unspecified wrist and hand initial encounter 
T23.309A,Burn of third degree of unspecified hand unspecified site initial encounter 
T23.329A,Burn of third degree of unspecified single finger (nail) except thumb initial encounter 
T23.319A,Burn of third degree of unspecified thumb (nail) initial encounter 
T23.339A,Burn of third degree of unspecified multiple fingers (nail) not including thumb initial encounter 
T23.349A,Burn of third degree of unspecified multiple fingers (nail) including thumb initial encounter 
T23.359A,Burn of third degree of unspecified palm initial encounter 
T23.369A,Burn of third degree of back of unspecified hand initial encounter 
T23.379A,Burn of third degree of unspecified wrist initial encounter 
T23.399A,Burn of third degree of multiple sites of unspecified wrist and hand initial encounter 
T23.309A,Burn of third degree of unspecified hand unspecified site initial encounter 
T23.329A,Burn of third degree of unspecified single finger (nail) except thumb initial encounter 
T23.319A,Burn of third degree of unspecified thumb (nail) initial encounter 
T23.339A,Burn of third degree of unspecified multiple fingers (nail) not including thumb initial encounter 
T23.349A,Burn of third degree of unspecified multiple fingers (nail) including thumb initial encounter 
T23.359A,Burn of third degree of unspecified palm initial encounter 
T23.369A,Burn of third degree of back of unspecified hand initial encounter 
T23.379A,Burn of third degree of unspecified wrist initial encounter 
T23.399A,Burn of third degree of multiple sites of unspecified wrist and hand initial encounter 
T24.009A,Burn of unspecified degree of unspecified site of unspecified lower limb except ankle and foot initial encounter 
T25.039A,Burn of unspecified degree of unspecified toe(s) (nail) initial encounter 
T25.029A,Burn of unspecified degree of unspecified foot initial encounter 
T25.019A,Burn of unspecified degree of unspecified ankle initial encounter 
T24.039A,Burn of unspecified degree of unspecified lower leg initial encounter 
T24.029A,Burn of unspecified degree of unspecified knee initial encounter 
T24.019A,Burn of unspecified degree of unspecified thigh initial encounter 
T25.099A,Burn of unspecified degree of multiple sites of unspecified ankle and foot initial encounter 
T24.109A,Burn of first degree of unspecified site of unspecified lower limb except ankle and foot initial encounter 
T25.139A,Burn of first degree of unspecified toe(s) (nail) initial encounter 
T25.129A,Burn of first degree of unspecified foot initial encounter 
T25.119A,Burn of first degree of unspecified ankle initial encounter 
T24.139A,Burn of first degree of unspecified lower leg initial encounter 
T24.129A,Burn of first degree of unspecified knee initial encounter 
T24.119A,Burn of first degree of unspecified thigh initial encounter 
T25.199A,Burn of first degree of multiple sites of unspecified ankle and foot initial encounter 
T24.209A,Burn of second degree of unspecified site of unspecified lower limb except ankle and foot initial encounter 
T25.239A,Burn of second degree of unspecified toe(s) (nail) initial encounter 
T25.229A,Burn of second degree of unspecified foot initial encounter 
T25.219A,Burn of second degree of unspecified ankle initial encounter 
T24.239A,Burn of second degree of unspecified lower leg initial encounter 
T24.229A,Burn of second degree of unspecified knee initial encounter 
T24.219A,Burn of second degree of unspecified thigh initial encounter 
T25.299A,Burn of second degree of multiple sites of unspecified ankle and foot initial encounter 
T24.309A,Burn of third degree of unspecified site of unspecified lower limb except ankle and foot initial encounter 
T25.339A,Burn of third degree of unspecified toe(s) (nail) initial encounter 
T25.329A,Burn of third degree of unspecified foot initial encounter 
T25.319A,Burn of third degree of unspecified ankle initial encounter 
T24.339A,Burn of third degree of unspecified lower leg initial encounter 
T24.329A,Burn of third degree of unspecified knee initial encounter 
T24.319A,Burn of third degree of unspecified thigh initial encounter 
T25.399A,Burn of third degree of multiple sites of unspecified ankle and foot initial encounter 
T24.309A,Burn of third degree of unspecified site of unspecified lower limb except ankle and foot initial encounter 
T25.339A,Burn of third degree of unspecified toe(s) (nail) initial encounter 
T25.329A,Burn of third degree of unspecified foot initial encounter 
T25.719A,Corrosion of third degree of unspecified ankle initial encounter 
T24.339A,Burn of third degree of unspecified lower leg initial encounter 
T24.329A,Burn of third degree of unspecified knee initial encounter 
T24.319A,Burn of third degree of unspecified thigh initial encounter 
T24.399A,Burn of third degree of multiple sites of unspecified lower limb except ankle and foot initial encounter 
T24.309A,Burn of third degree of unspecified site of unspecified lower limb except ankle and foot initial encounter 
T25.339A,Burn of third degree of unspecified toe(s) (nail) initial encounter 
T25.329A,Burn of third degree of unspecified foot initial encounter 
T25.319A,Burn of third degree of unspecified ankle initial encounter 
T24.339A,Burn of third degree of unspecified lower leg initial encounter 
T24.329A,Burn of third degree of unspecified knee initial encounter 
T24.319A,Burn of third degree of unspecified thigh initial encounter 
T24.399A,Burn of third degree of multiple sites of unspecified lower limb except ankle and foot initial encounter 
T30.0,Burn of unspecified body region unspecified degree 
'T30.0',Burn of unspecified body region unspecified degree 
'T30.0',Burn of unspecified body region unspecified degree 
T30.0,Burn of unspecified body region unspecified degree 
T30.0,Burn of unspecified body region unspecified degree 
T30.0,Burn of unspecified body region unspecified degree 
T28.0xxA,Burn of mouth and pharynx initial encounter 
T27.1xxA,Burn involving larynx and trachea with lung initial encounter 
T28.1xxA,Burn of esophagus initial encounter 
T28.2xxA,Burn of other parts of alimentary tract initial encounter 
T28.3xxA,Burn of internal genitourinary organs initial encounter 
T28.49xA,Burn of other internal organ initial encounter 
T28.40xA,Burn of unspecified internal organ initial encounter 
T31.0,Burns involving less than 10% of body surface 
T31.10,Burns involving 10-19% of body surface with 0% to 9% third degree burns 
T31.11,Burns involving 10-19% of body surface with 10-19% third degree burns 
T31.20,Burns involving 20-29% of body surface with 0% to 9% third degree burns 
T31.21,Burns involving 20-29% of body surface with 10-19% third degree burns 
T31.22,Burns involving 20-29% of body surface with 20-29% third degree burns 
T31.30,Burns involving 30-39% of body surface with 0% to 9% third degree burns 
T31.31,Burns involving 30-39% of body surface with 10-19% third degree burns 
T31.32,Burns involving 30-39% of body surface with 20-29% third degree burns 
T31.33,Burns involving 30-39% of body surface with 30-39% third degree burns 
T31.40,Burns involving 40-49% of body surface with 0% to 9% third degree burns 
T31.41,Burns involving 40-49% of body surface with 10-19% third degree burns 
T31.42,Burns involving 40-49% of body surface with 20-29% third degree burns 
T31.43,Burns involving 40-49% of body surface with 30-39% third degree burns 
T31.44,Burns involving 40-49% of body surface with 40-49% third degree burns 
T31.50,Burns involving 50-59% of body surface with 0% to 9% third degree burns 
T31.51,Burns involving 50-59% of body surface with 10-19% third degree burns 
T31.52,Burns involving 50-59% of body surface with 20-29% third degree burns 
T31.53,Burns involving 50-59% of body surface with 30-39% third degree burns 
T31.54,Burns involving 50-59% of body surface with 40-49% third degree burns 
T31.55,Burns involving 50-59% of body surface with 50-59% third degree burns 
T31.60,Burns involving 60-69% of body surface with 0% to 9% third degree burns 
T31.61,Burns involving 60-69% of body surface with 10-19% third degree burns 
T31.62,Burns involving 60-69% of body surface with 20-29% third degree burns 
T31.63,Burns involving 60-69% of body surface with 30-39% third degree burns 
T31.64,Burns involving 60-69% of body surface with 40-49% third degree burns 
T31.65,Burns involving 60-69% of body surface with 50-59% third degree burns 
T31.66,Burns involving 60-69% of body surface with 60-69% third degree burns 
T31.70,Burns involving 70-79% of body surface with 0% to 9% third degree burns 
T31.71,Burns involving 70-79% of body surface with 10-19% third degree burns 
T31.72,Burns involving 70-79% of body surface with 20-29% third degree burns 
T31.73,Burns involving 70-79% of body surface with 30-39% third degree burns 
T31.74,Burns involving 70-79% of body surface with 40-49% third degree burns 
T31.75,Burns involving 70-79% of body surface with 50-59% third degree burns 
T31.76,Burns involving 70-79% of body surface with 60-69% third degree burns 
T31.77,Burns involving 70-79% of body surface with 70-79% third degree burns 
T31.80,Burns involving 80-89% of body surface with 0% to 9% third degree burns 
T31.81,Burns involving 80-89% of body surface with 10-19% third degree burns 
T31.82,Burns involving 80-89% of body surface with 20-29% third degree burns 
T31.83,Burns involving 80-89% of body surface with 30-39% third degree burns 
T31.84,Burns involving 80-89% of body surface with 40-49% third degree burns 
T31.85,Burns involving 80-89% of body surface with 50-59% third degree burns 
T31.86,Burns involving 80-89% of body surface with 60-69% third degree burns 
T31.87,Burns involving 80-89% of body surface with 70-79% third degree burns 
T31.88,Burns involving 80-89% of body surface with 80-89% third degree burns 
T31.90,Burns involving 90% or more of body surface with 0% to 9% third degree burns 
T31.91,Burns involving 90% or more of body surface with 10-19% third degree burns 
T31.92,Burns involving 90% or more of body surface with 20-29% third degree burns 
T31.93,Burns involving 90% or more of body surface with 30-39% third degree burns 
T31.94,Burns involving 90% or more of body surface with 40-49% third degree burns 
T31.95,Burns involving 90% or more of body surface with 50-59% third degree burns 
T31.96,Burns involving 90% or more of body surface with 60-69% third degree burns 
T31.97,Burns involving 90% or more of body surface with 70-79% third degree burns 
T31.98,Burns involving 90% or more of body surface with 80-89% third degree burns 
T31.99,Burns involving 90% or more of body surface with 90% or more third degree burns 
T30.0,Burn of unspecified body region unspecified degree 
T30.0,Burn of unspecified body region unspecified degree 
T30.0,Burn of unspecified body region unspecified degree 
T30.0,Burn of unspecified body region unspecified degree 
T30.0,Burn of unspecified body region unspecified degree 
T30.0,Burn of unspecified body region unspecified degree 
S04.019A,Injury of optic nerve unspecified eye initial encounter 
S04.02xA,Injury of optic chiasm initial encounter 
S04.039A,Injury of optic tract and pathways unspecified eye initial encounter 
S04.049A,Injury of visual cortex unspecified eye initial encounter 
S04.019A,Injury of optic nerve unspecified eye initial encounter 
S04.10xA,Injury of oculomotor nerve unspecified side initial encounter 
S04.20xA,Injury of trochlear nerve unspecified side initial encounter 
S04.30xA,Injury of trigeminal nerve unspecified side initial encounter 
S04.40xA,Injury of abducent nerve unspecified side initial encounter 
S04.50xA,Injury of facial nerve unspecified side initial encounter 
S04.60xA,Injury of acoustic nerve unspecified side initial encounter 
S04.70xA,Injury of accessory nerve unspecified side initial encounter 
S04.899A,Injury of other cranial nerves unspecified side initial encounter 
S04.819A,Injury of olfactory [1st ] nerve unspecified side initial encounter 
S04.9xxA,Injury of unspecified cranial nerve initial encounter 
S14.101A,Unspecified injury at C1 level of cervical spinal cord initial encounter 
S14.111A,Complete lesion at C1 level of cervical spinal cord initial encounter 
S14.131A,Anterior cord syndrome at C1 level of cervical spinal cord initial encounter 
S14.121A,Central cord syndrome at C1 level of cervical spinal cord initial encounter 
S14.151A,Other incomplete lesion at C1 level of cervical spinal cord initial encounter 
S14.105A,Unspecified injury at C5 level of cervical spinal cord initial encounter 
S14.115A,Complete lesion at C5 level of cervical spinal cord initial encounter 
S14.135A,Anterior cord syndrome at C5 level of cervical spinal cord initial encounter 
S14.125A,Central cord syndrome at C5 level of cervical spinal cord initial encounter 
S14.155A,Other incomplete lesion at C5 level of cervical spinal cord initial encounter 
S24.101A,Unspecified injury at T1 level of thoracic spinal cord initial encounter 
S24.111A,Complete lesion at T1 level of thoracic spinal cord initial encounter 
S24.131A,Anterior cord syndrome at T1 level of thoracic spinal cord initial encounter 
S24.151A,Other incomplete lesion at T1 level of thoracic spinal cord initial encounter 
S24.151A,Other incomplete lesion at T1 level of thoracic spinal cord initial encounter 
S24.103A,Unspecified injury at T7-T10 level of thoracic spinal cord initial encounter 
S24.113A,Complete lesion at T7-T10 level of thoracic spinal cord initial encounter 
S24.133A,Anterior cord syndrome at T7-T10 level of thoracic spinal cord initial encounter 
S24.153A,Other incomplete lesion at T7-T10 level of thoracic spinal cord initial encounter 
S24.153A,Other incomplete lesion at T7-T10 level of thoracic spinal cord initial encounter 
S34.109A,Unspecified injury to unspecified level of lumbar spinal cord initial encounter 
S34.139A,Unspecified injury to sacral spinal cord initial encounter 
S34.3xxA,Injury of cauda equina initial encounter 
S34.139A,Unspecified injury to sacral spinal cord initial encounter 
S14.109A,Unspecified injury at unspecified level of cervical spinal cord initial encounter 
S14.2xxA,Injury of nerve root of cervical spine initial encounter 
S24.2xxA,Injury of nerve root of thoracic spine initial encounter 
S34.21xA,Injury of nerve root of lumbar spine initial encounter 
S34.22xA,Injury of nerve root of sacral spine initial encounter 
S14.3xxA,Injury of brachial plexus initial encounter 
S34.4xxA,Injury of lumbosacral plexus initial encounter 
S14.2xxA,Injury of nerve root of cervical spine initial encounter 
S14.2xxA,Injury of nerve root of cervical spine initial encounter 
S14.5xxA,Injury of cervical sympathetic nerves initial encounter 
S24.4xxA,Injury of thoracic sympathetic nervous system initial encounter 
S24.3xxA,Injury of peripheral nerves of thorax initial encounter 
S24.9xxA,Injury of unspecified nerve of thorax initial encounter 
S44.30xA,Injury of axillary nerve unspecified arm initial encounter 
S44.10xA,Injury of median nerve at upper arm level unspecified arm initial encounter 
S44.00xA,Injury of ulnar nerve at upper arm level unspecified arm initial encounter 
S44.20xA,Injury of radial nerve at upper arm level unspecified arm initial encounter 
S44.40xA,Injury of musculocutaneous nerve unspecified arm initial encounter 
S54.30xA,Injury of cutaneous sensory nerve at forearm level unspecified arm initial encounter 
S64.30xA,Injury of digital nerve of unspecified thumb initial encounter 
S44.8X9A,Injury of other nerves at shoulder and upper arm level unspecified arm initial encounter 
S44.8X9A,Injury of other nerves at shoulder and upper arm level unspecified arm initial encounter 
S44.90xA,Injury of unspecified nerve at shoulder and upper arm level unspecified arm initial encounter 
S74.00xA,Injury of sciatic nerve at hip and thigh level unspecified leg initial encounter 
S74.10xA,Injury of femoral nerve at hip and thigh level unspecified leg initial encounter 
S84.00xA,Injury of tibial nerve at lower leg level unspecified leg initial encounter 
S84.10xA,Injury of peroneal nerve at lower leg level unspecified leg initial encounter 
S74.20xA,Injury of cutaneous sensory nerve at hip and thigh level unspecified leg initial encounter 
S74.8X9A,Injury of other nerves at hip and thigh level unspecified leg initial encounter 
S74.8X9A,Injury of other nerves at hip and thigh level unspecified leg initial encounter 
S74.90xA,Injury of unspecified nerve at hip and thigh level unspecified leg initial encounter 
S14.4xxA,Injury of peripheral nerves of neck initial encounter 
S14.9xxA,Injury of unspecified nerves of neck initial encounter 
S14.9xxA,Injury of unspecified nerves of neck initial encounter 
S14.9xxA,Injury of unspecified nerves of neck initial encounter 
T79.0xxA,Air embolism (traumatic) initial encounter 
T79.1xxA,Fat embolism (traumatic) initial encounter 
T79.2xxA,Traumatic secondary and recurrent hemorrhage and seroma initial encounter 
T79.8xxA,Other early complications of trauma initial encounter 
T79.4xxA,Traumatic shock initial encounter 
T79.5xxA,Traumatic anuria initial encounter 
T79.6xxA,Traumatic ischemia of muscle initial encounter 
T79.7xxA,Traumatic subcutaneous emphysema initial encounter 
T79.8xxA,Other early complications of trauma initial encounter 
T79.A0xA,Compartment syndrome unspecified initial encounter 
T79.A19A,Traumatic compartment syndrome of unspecified upper extremity initial encounter 
T79.A29A,Traumatic compartment syndrome of unspecified lower extremity initial encounter 
T79.A3xA,Traumatic compartment syndrome of abdomen initial encounter 
T79.A9xA,Traumatic compartment syndrome of other sites initial encounter 
S09.90xA,Unspecified injury of head initial encounter 
S09.93xA,Unspecified injury of face initial encounter 
S29.8xxA,Other specified injuries of thorax initial encounter 
S39.81xA,Other specified injuries of abdomen initial encounter 
S39.840A,Fracture of corpus cavernosum penis initial encounter 
S39.848A,Other specified injuries of external genitals initial encounter 
S39.82xA,Other specified injuries of lower back initial encounter 
S49.90xA,Unspecified injury of shoulder and upper arm unspecified arm initial encounter 
S59.819A,Other specified injuries unspecified forearm initial encounter 
S69.80xA,Other specified injuries of unspecified wrist hand and finger(s) initial encounter 
S69.90xA,Unspecified injury of unspecified wrist hand and finger(s) initial encounter 
S79.829A,Other specified injuries of unspecified thigh initial encounter 
S99.819A,Other specified injuries of unspecified ankle initial encounter 
T07,Unspecified multiple injuries 
T14.90,Injury unspecified 
T36.0X1A,Poisoning by penicillins accidental (unintentional) initial encounter 
T36.7X1A,Poisoning by antifungal antibiotics systemically used accidental (unintentional) initial encounter 
T36.2X1A,Poisoning by chloramphenicol group accidental (unintentional) initial encounter 
T36.3X1A,Poisoning by macrolides accidental (unintentional) initial encounter 
T36.4X1A,Poisoning by tetracyclines accidental (unintentional) initial encounter 
T36.1X1A,Poisoning by cephalosporins and other beta-lactam antibiotics accidental (unintentional) initial encounter 
T36.6X1A,Poisoning by rifampicins accidental (unintentional) initial encounter 
T45.1X1A,Poisoning by antineoplastic and immunosuppressive drugs accidental (unintentional) initial encounter 
T36.5X1A,Poisoning by aminoglycosides accidental (unintentional) initial encounter 
T36.91xA,Poisoning by unspecified systemic antibiotic accidental (unintentional) initial encounter 
T37.0X1A,Poisoning by sulfonamides accidental (unintentional) initial encounter 
T37.8X1A,Poisoning by other specified systemic anti-infectives and antiparasitics accidental (unintentional) initial encounter 
T37.8X1A,Poisoning by other specified systemic anti-infectives and antiparasitics accidental (unintentional) initial encounter 
T37.8X1A,Poisoning by other specified systemic anti-infectives and antiparasitics accidental (unintentional) initial encounter 
T37.2X1A,Poisoning by antimalarials and drugs acting on other blood protozoa accidental (unintentional) initial encounter 
T37.3X1A,Poisoning by other antiprotozoal drugs accidental (unintentional) initial encounter 
T37.4X1A,Poisoning by anthelminthics accidental (unintentional) initial encounter 
T37.5X1A,Poisoning by antiviral drugs accidental (unintentional) initial encounter 
T37.1X1A,Poisoning by antimycobacterial drugs accidental (unintentional) initial encounter 
T37.8X1A,Poisoning by other specified systemic anti-infectives and antiparasitics accidental (unintentional) initial encounter 
T38.0X1A,Poisoning by glucocorticoids and synthetic analogues accidental (unintentional) initial encounter 
T38.6X1A,Poisoning by antigonadotrophins antiestrogens antiandrogens not elsewhere classified accidental (unintentional) initial encounter
T38.4X1A,Poisoning by oral contraceptives accidental (unintentional) initial encounter 
T38.3X1A,Poisoning by insulin and oral hypoglycemic [antidiabetic] drugs accidental (unintentional) initial encounter 
T38.811A,Poisoning by anterior pituitary [adenohypophyseal] hormones accidental (unintentional) initial encounter 
T38.891A,Poisoning by other hormones and synthetic substitutes accidental (unintentional) initial encounter 
T38.891A,Poisoning by other hormones and synthetic substitutes accidental (unintentional) initial encounter 
T38.1X1A,Poisoning by thyroid hormones and substitutes accidental (unintentional) initial encounter 
T38.2X1A,Poisoning by antithyroid drugs accidental (unintentional) initial encounter 
T38.801A,Poisoning by unspecified hormones and synthetic substitutes accidental (unintentional) initial encounter 
T45.0X1A,Poisoning by antiallergic and antiemetic drugs accidental (unintentional) initial encounter 
T45.1X1A,Poisoning by antineoplastic and immunosuppressive drugs accidental (unintentional) initial encounter 
T45.8X1A,Poisoning by other primarily systemic and hematological agents accidental (unintentional) initial encounter 
T45.8X1A,Poisoning by other primarily systemic and hematological agents accidental (unintentional) initial encounter 
T45.3X1A,Poisoning by enzymes accidental (unintentional) initial encounter 
T45.2X1A,Poisoning by vitamins accidental (unintentional) initial encounter 
T45.8X1A,Poisoning by other primarily systemic and hematological agents accidental (unintentional) initial encounter 
T45.91xA,Poisoning by unspecified primarily systemic and hematological agent accidental (unintentional) initial encounter 
T45.4X1A,Poisoning by iron and its compounds accidental (unintentional) initial encounter 
T45.8X1A,Poisoning by other primarily systemic and hematological agents accidental (unintentional) initial encounter 
T45.511A,Poisoning by anticoagulants accidental (unintentional) initial encounter 
T45.7X2A,Poisoning by anticoagulant antagonists vitamin K and other coagulants intentional self-harm initial encounter 
T45.601A,Poisoning by unspecified fibrinolysis-affecting drugs accidental (unintentional) initial encounter 
T45.7X1A,Poisoning by anticoagulant antagonists vitamin K and other coagulants accidental (unintentional) initial encounter 
T50.Z11A,Poisoning by immunoglobulin accidental (unintentional) initial encounter 
T45.8X1A,Poisoning by other primarily systemic and hematological agents accidental (unintentional) initial encounter 
T45.621A,Poisoning by hemostatic drug accidental (unintentional) initial encounter 
T45.91xA,Poisoning by unspecified primarily systemic and hematological agent accidental (unintentional) initial encounter 
T40.0X1A,Poisoning by opium accidental (unintentional) initial encounter 
T40.1X1A,Poisoning by heroin accidental (unintentional) initial encounter 
T40.3X1A,Poisoning by methadone accidental (unintentional) initial encounter 
T40.2X1A,Poisoning by other opioids accidental (unintentional) initial encounter 
T39.011A,Poisoning by aspirin accidental (unintentional) initial encounter 
T39.1X1A,Poisoning by 4-Aminophenol derivatives accidental (unintentional) initial encounter 
T39.2X1A,Poisoning by pyrazolone derivatives accidental (unintentional) initial encounter 
T39.311A,Poisoning by propionic acid derivatives accidental (unintentional) initial encounter 
T39.4X1A,Poisoning by antirheumatics not elsewhere classified accidental (unintentional) initial encounter 
T39.8X1A,Poisoning by other nonopioid analgesics and antipyretics not elsewhere classified accidental (unintentional) initial encounter 
T39.8X1A,Poisoning by other nonopioid analgesics and antipyretics not elsewhere classified accidental (unintentional) initial encounter 
T39.91xA,Poisoning by unspecified nonopioid analgesic antipyretic and antirheumatic accidental (unintentional) initial encounter 
T42.2X1A,Poisoning by succinimides and oxazolidinediones accidental (unintentional) initial encounter 
T42.0X1A,Poisoning by hydantoin derivatives accidental (unintentional) initial encounter 
T42.2X1A,Poisoning by succinimides and oxazolidinediones accidental (unintentional) initial encounter 
T42.6X1A,Poisoning by other antiepileptic and sedative-hypnotic drugs accidental (unintentional) initial encounter 
T42.8X1A,Poisoning by antiparkinsonism drugs and other central muscle-tone depressants accidental (unintentional) initial encounter 
T42.3X1A,Poisoning by barbiturates accidental (unintentional) initial encounter 
T42.6X1A,Poisoning by other antiepileptic and sedative-hypnotic drugs accidental (unintentional) initial encounter 
T42.6X1A,Poisoning by other antiepileptic and sedative-hypnotic drugs accidental (unintentional) initial encounter 
T42.6X1A,Poisoning by other antiepileptic and sedative-hypnotic drugs accidental (unintentional) initial encounter 
T42.6X1A,Poisoning by other antiepileptic and sedative-hypnotic drugs accidental (unintentional) initial encounter 
T42.6X1A,Poisoning by other antiepileptic and sedative-hypnotic drugs accidental (unintentional) initial encounter 
T42.6X1A,Poisoning by other antiepileptic and sedative-hypnotic drugs accidental (unintentional) initial encounter 
T42.6X1A,Poisoning by other antiepileptic and sedative-hypnotic drugs accidental (unintentional) initial encounter 
T42.71xA,Poisoning by unspecified antiepileptic and sedative-hypnotic drugs accidental (unintentional) initial encounter 
T42.8X1A,Poisoning by antiparkinsonism drugs and other central muscle-tone depressants accidental (unintentional) initial encounter 
T41.0X1A,Poisoning by inhaled anesthetics accidental (unintentional) initial encounter 
T41.0X1A,Poisoning by inhaled anesthetics accidental (unintentional) initial encounter 
T41.1X1A,Poisoning by intravenous anesthetics accidental (unintentional) initial encounter 
T41.201A,Poisoning by unspecified general anesthetics accidental (unintentional) initial encounter 
T41.3X1A,Poisoning by local anesthetics accidental (unintentional) initial encounter 
T41.3X1A,Poisoning by local anesthetics accidental (unintentional) initial encounter 
T41.3X1A,Poisoning by local anesthetics accidental (unintentional) initial encounter 
T41.3X1A,Poisoning by local anesthetics accidental (unintentional) initial encounter 
T43.201A,Poisoning by unspecified antidepressants accidental (unintentional) initial encounter 
T43.1X1A,Poisoning by monoamine-oxidase-inhibitor antidepressants accidental (unintentional) initial encounter 
T43.211A,Poisoning by selective serotonin and norepinephrine reuptake inhibitors accidental (unintentional) initial encounter 
T43.221A,Poisoning by selective serotonin reuptake inhibitors accidental (unintentional) initial encounter 
T43.021A,Poisoning by tetracyclic antidepressants accidental (unintentional) initial encounter 
T43.011A,Poisoning by tricyclic antidepressants accidental (unintentional) initial encounter 
T43.291A,Poisoning by other antidepressants accidental (unintentional) initial encounter 
T43.3X1A,Poisoning by phenothiazine antipsychotics and neuroleptics accidental (unintentional) initial encounter 
T43.4X1A,Poisoning by butyrophenone and thiothixene neuroleptics accidental (unintentional) initial encounter 
T43.501A,Poisoning by unspecified antipsychotics and neuroleptics accidental (unintentional) initial encounter 
T42.4X1A,Poisoning by benzodiazepines accidental (unintentional) initial encounter 
T43.591A,Poisoning by other antipsychotics and neuroleptics accidental (unintentional) initial encounter 
T40.7X1A,Poisoning by cannabis (derivatives) accidental (unintentional) initial encounter 
T43.601A,Poisoning by unspecified psychostimulants accidental (unintentional) initial encounter 
T43.611A,Poisoning by caffeine accidental (unintentional) initial encounter 
T43.621A,Poisoning by amphetamines accidental (unintentional) initial encounter 
T43.631A,Poisoning by methylphenidate accidental (unintentional) initial encounter 
T43.691A,Poisoning by other psychostimulants accidental (unintentional) initial encounter 
T43.8X1A,Poisoning by other psychotropic drugs accidental (unintentional) initial encounter 
T43.91xA,Poisoning by unspecified psychotropic drug accidental (unintentional) initial encounter 
T50.7X1A,Poisoning by analeptics and opioid receptor antagonists accidental (unintentional) initial encounter 
T50.7X1A,Poisoning by analeptics and opioid receptor antagonists accidental (unintentional) initial encounter 
T40.5X1A,Poisoning by cocaine accidental (unintentional) initial encounter 
T50.991A,Poisoning by other drugs medicaments and biological substances accidental (unintentional) initial encounter 
T50.991A,Poisoning by other drugs medicaments and biological substances accidental (unintentional) initial encounter 
T44.0X1A,Poisoning by anticholinesterase agents accidental (unintentional) initial encounter 
T44.3X1A,Poisoning by other parasympatholytics [anticholinergics and antimuscarinics] and spasmolytics accidental (unintentional) initial encounter 
T44.4X1A,Poisoning by predominantly alpha-adrenoreceptor agonists accidental (unintentional) initial encounter 
T44.6X1A,Poisoning by alpha-adrenoreceptor antagonists accidental (unintentional) initial encounter 
T44.901A,Poisoning by unspecified drugs primarily affecting the autonomic nervous system accidental (unintentional) initial encounter 
T46.2X1A,Poisoning by other antidysrhythmic drugs accidental (unintentional) initial encounter 
T46.0X2A,Poisoning by cardiac-stimulant glycosides and drugs of similar action intentional self-harm initial encounter 
T46.6X2A,Poisoning by antihyperlipidemic and antiarteriosclerotic drugs intentional self-harm initial encounter 
T44.2X1A,Poisoning by ganglionic blocking drugs accidental (unintentional) initial encounter 
T46.3X1A,Poisoning by coronary vasodilators accidental (unintentional) initial encounter 
T46.7X1A,Poisoning by peripheral vasodilators accidental (unintentional) initial encounter 
T46.4X1A,Poisoning by angiotensin-converting-enzyme inhibitors accidental (unintentional) initial encounter 
T46.8X1A,Poisoning by antivaricose drugs including sclerosing agents accidental (unintentional) initial encounter 
T46.991A,Poisoning by other agents primarily affecting the cardiovascular system accidental (unintentional) initial encounter 
T46.1X1A,Poisoning by calcium-channel blockers accidental (unintentional) initial encounter 
T47.1X1A,Poisoning by other antacids and anti-gastric-secretion drugs accidental (unintentional) initial encounter 
T47.2X1A,Poisoning by stimulant laxatives accidental (unintentional) initial encounter 
T47.3X1A,Poisoning by saline and osmotic laxatives accidental (unintentional) initial encounter 
T47.4X1A,Poisoning by other laxatives accidental (unintentional) initial encounter 
T47.5X1A,Poisoning by digestants accidental (unintentional) initial encounter 
T47.6X1A,Poisoning by antidiarrheal drugs accidental (unintentional) initial encounter 
T47.7X1A,Poisoning by emetics accidental (unintentional) initial encounter 
T47.8X1A,Poisoning by other agents primarily affecting gastrointestinal system accidental (unintentional) initial encounter 
T47.91xA,Poisoning by unspecified agents primarily affecting the gastrointestinal system accidental (unintentional) initial encounter 
T50.2X1A,Poisoning by carbonic-anhydrase inhibitors benzothiadiazides and other diuretics accidental (unintentional) initial encounter 
T50.2X1A,Poisoning by carbonic-anhydrase inhibitors benzothiadiazides and other diuretics accidental (unintentional) initial encounter 
T50.2X2A,Poisoning by carbonic-anhydrase inhibitors benzothiadiazides and other diuretics intentional self-harm initial encounter 
T50.2X1A,Poisoning by carbonic-anhydrase inhibitors benzothiadiazides and other diuretics accidental (unintentional) initial encounter 
T50.1X1A,Poisoning by loop [high-ceiling] diuretics accidental (unintentional) initial encounter 
T50.3X2A,Poisoning by electrolytic caloric and water-balance agents intentional self-harm initial encounter 
T50.3X1A,Poisoning by electrolytic caloric and water-balance agents accidental (unintentional) initial encounter 
T50.4X1A,Poisoning by drugs affecting uric acid metabolism accidental (unintentional) initial encounter 
T48.0X1A,Poisoning by oxytocic drugs accidental (unintentional) initial encounter 
T48.201A,Poisoning by unspecified drugs acting on muscles accidental (unintentional) initial encounter 
T48.1X1A,Poisoning by skeletal muscle relaxants [neuromuscular blocking agents] accidental (unintentional) initial encounter 
T48.201A,Poisoning by unspecified drugs acting on muscles accidental (unintentional) initial encounter 
T48.3X1A,Poisoning by antitussives accidental (unintentional) initial encounter 
T48.4X1A,Poisoning by expectorants accidental (unintentional) initial encounter 
T48.5X1A,Poisoning by other anti-common-cold drugs accidental (unintentional) initial encounter 
T48.6X1A,Poisoning by antiasthmatics accidental (unintentional) initial encounter 
T48.901A,Poisoning by unspecified agents primarily acting on the respiratory system accidental (unintentional) initial encounter 
T49.0X1A,Poisoning by local antifungal anti-infective and anti-inflammatory drugs accidental (unintentional) initial encounter 
T49.1X1A,Poisoning by antipruritics accidental (unintentional) initial encounter 
T49.2X1A,Poisoning by local astringents and local detergents accidental (unintentional) initial encounter 
T49.3X1A,Poisoning by emollients demulcents and protectants accidental (unintentional) initial encounter 
T49.4X1A,Poisoning by keratolytics keratoplastics and other hair treatment drugs and preparations accidental (unintentional) initial encounter 
T49.5X1A,Poisoning by ophthalmological drugs and preparations accidental (unintentional) initial encounter 
T49.6X1A,Poisoning by otorhinolaryngological drugs and preparations accidental (unintentional) initial encounter 
T49.7X1A,Poisoning by dental drugs topically applied accidental (unintentional) initial encounter 
T49.8X1A,Poisoning by other topical agents accidental (unintentional) initial encounter 
T49.91xA,Poisoning by unspecified topical agent accidental (unintentional) initial encounter 
T50.5X1A,Poisoning by appetite depressants accidental (unintentional) initial encounter 
T50.991A,Poisoning by other drugs medicaments and biological substances accidental (unintentional) initial encounter 
T50.6X1A,Poisoning by antidotes and chelating agents accidental (unintentional) initial encounter 
T50.991A,Poisoning by other drugs medicaments and biological substances accidental (unintentional) initial encounter 
T50.991A,Poisoning by other drugs medicaments and biological substances accidental (unintentional) initial encounter 
T50.8X1A,Poisoning by diagnostic agents accidental (unintentional) initial encounter 
T50.901A,Poisoning by unspecified drugs medicaments and biological substances accidental (unintentional) initial encounter 
T50.A91A,Poisoning by other bacterial vaccines accidental (unintentional) initial encounter 
T50.A92A,Poisoning by other bacterial vaccines intentional self-harm initial encounter 
T50.A92A,Poisoning by other bacterial vaccines intentional self-harm initial encounter 
T50.A92A,Poisoning by other bacterial vaccines intentional self-harm initial encounter 
T50.A92A,Poisoning by other bacterial vaccines intentional self-harm initial encounter 
T50.A92A,Poisoning by other bacterial vaccines intentional self-harm initial encounter 
T50.A11A,Poisoning by pertussis vaccine including combinations with a pertussis component accidental (unintentional) initial encounter 
T50.A91A,Poisoning by other bacterial vaccines accidental (unintentional) initial encounter 
T50.A21A,Poisoning by mixed bacterial vaccines without a pertussis component accidental (unintentional) initial encounter 
T50.B11A,Poisoning by smallpox vaccines accidental (unintentional) initial encounter 
T50.B91A,Poisoning by other viral vaccines accidental (unintentional) initial encounter 
T50.B91A,Poisoning by other viral vaccines accidental (unintentional) initial encounter 
T50.B91A,Poisoning by other viral vaccines accidental (unintentional) initial encounter 
T50.B91A,Poisoning by other viral vaccines accidental (unintentional) initial encounter 
T50.B91A,Poisoning by other viral vaccines accidental (unintentional) initial encounter 
T50.B91A,Poisoning by other viral vaccines accidental (unintentional) initial encounter 
T50.Z91A,Poisoning by other vaccines and biological substances accidental (unintentional) initial encounter 
T50.991A,Poisoning by other drugs medicaments and biological substances accidental (unintentional) initial encounter 
T51.0X1A,Toxic effect of ethanol accidental (unintentional) initial encounter 
T51.1X1A,Toxic effect of methanol accidental (unintentional) initial encounter 
T51.2X1A,Toxic effect of 2-Propanol accidental (unintentional) initial encounter 
T51.3X1A,Toxic effect of fusel oil accidental (unintentional) initial encounter 
T51.8X1A,Toxic effect of other alcohols accidental (unintentional) initial encounter 
T51.91xA,Toxic effect of unspecified alcohol accidental (unintentional) initial encounter 
T52.0X4A,Toxic effect of petroleum products undetermined initial encounter 
T65.3X4A,Toxic effect of nitroderivatives and aminoderivatives of benzene and its homologues undetermined initial encounter 
T53.0X1A,Toxic effect of carbon tetrachloride accidental (unintentional) initial encounter 
T65.4X1A,Toxic effect of carbon disulfide accidental (unintentional) initial encounter 
T53.7X2A,Toxic effect of other halogen derivatives of aromatic hydrocarbons intentional self-harm initial encounter 
T52.3X1A,Toxic effect of glycols accidental (unintentional) initial encounter 
T52.4X1A,Toxic effect of ketones accidental (unintentional) initial encounter 
T54.0X1A,Toxic effect of phenol and phenol homologues accidental (unintentional) initial encounter 
T54.2X2A,Toxic effect of corrosive acids and acid-like substances intentional self-harm initial encounter 
T54.3X2A,Toxic effect of corrosive alkalis and alkali-like substances intentional self-harm initial encounter 
T54.1X2A,Toxic effect of other corrosive organic compounds intentional self-harm initial encounter 
T56.0X1A,Toxic effect of lead and its compounds accidental (unintentional) initial encounter 
T56.0X1A,Toxic effect of lead and its compounds accidental (unintentional) initial encounter 
T56.0X1A,Toxic effect of lead and its compounds accidental (unintentional) initial encounter 
M1A.10x1,Lead-induced chronic gout unspecified site with tophus (tophi) 
T56.1X3A,Toxic effect of mercury and its compounds assault initial encounter 
T57.0X1A,Toxic effect of arsenic and its compounds accidental (unintentional) initial encounter 
T57.2X1A,Toxic effect of manganese and its compounds accidental (unintentional) initial encounter 
T56.7X1A,Toxic effect of beryllium and its compounds accidental (unintentional) initial encounter 
T56.891A,Toxic effect of other metals accidental (unintentional) initial encounter 
T56.3X1A,Toxic effect of cadmium and its compounds accidental (unintentional) initial encounter 
T56.2X1A,Toxic effect of chromium and its compounds accidental (unintentional) initial encounter 
T56.4X1A,Toxic effect of copper and its compounds accidental (unintentional) initial encounter 
T56.91xA,Toxic effect of unspecified metal accidental (unintentional) initial encounter 
T58.01xA,Toxic effect of carbon monoxide from motor vehicle exhaust accidental (unintentional) initial encounter 
T59.891A,Toxic effect of other specified gases fumes and vapors accidental (unintentional) initial encounter 
T59.2X1A,Toxic effect of formaldehyde accidental (unintentional) initial encounter 
T59.0X1A,Toxic effect of nitrogen oxides accidental (unintentional) initial encounter 
T59.1X1A,Toxic effect of sulfur dioxide accidental (unintentional) initial encounter 
T53.5X1A,Toxic effect of chlorofluorocarbons accidental (unintentional) initial encounter 
T59.3X1A,Toxic effect of lacrimogenic gas accidental (unintentional) initial encounter 
T59.4X1A,Toxic effect of chlorine gas accidental (unintentional) initial encounter 
T57.3X1A,Toxic effect of hydrogen cyanide accidental (unintentional) initial encounter 
T59.5X1A,Toxic effect of fluorine gas and hydrogen fluoride accidental (unintentional) initial encounter 
T59.91xA,Toxic effect of unspecified gases fumes and vapors accidental (unintentional) initial encounter 
T61.8X1A,Toxic effect of other seafood accidental (unintentional) initial encounter 
T62.0X1A,Toxic effect of ingested mushrooms accidental (unintentional) initial encounter 
T62.1X1A,Toxic effect of ingested berries accidental (unintentional) initial encounter 
T62.8X1A,Toxic effect of other specified noxious substances eaten as food accidental (unintentional) initial encounter 
T62.91xA,Toxic effect of unspecified noxious substance eaten as food accidental (unintentional) initial encounter 
T65.0X1A,Toxic effect of cyanides accidental (unintentional) initial encounter 
T65.1X1A,Toxic effect of strychnine and its salts accidental (unintentional) initial encounter 
T53.91xA,Toxic effect of unspecified halogen derivatives of aliphatic and aromatic hydrocarbons accidental (unintentional) initial encounter 
T60.0X1A,Toxic effect of organophosphate and carbamate insecticides accidental (unintentional) initial encounter 
T60.2X2A,Toxic effect of other insecticides intentional self-harm initial encounter 
T63.001A',Toxic effect of unspecified snake venom accidental (unintentional) initial encounter 
T55.0X1A,Toxic effect of soaps accidental (unintentional) initial encounter 
T64.01xA,Toxic effect of aflatoxin accidental (unintentional) initial encounter 
T65.894A,Toxic effect of other specified substances undetermined initial encounter 
T65.811A,Toxic effect of latex accidental (unintentional) initial encounter 
T65.894A,Toxic effect of other specified substances undetermined initial encounter 
T65.211A,Toxic effect of chewing tobacco accidental (unintentional) initial encounter 
T65.894A,Toxic effect of other specified substances undetermined initial encounter 
T57.91xA,Toxic effect of unspecified inorganic substance accidental (unintentional) initial encounter 
T66.xxxA,Radiation sickness unspecified initial encounter 
T34.09xA,Frostbite with tissue necrosis of other part of head initial encounter 
T33.529A,Superficial frostbite of unspecified hand initial encounter 
T33.829A,Superficial frostbite of unspecified foot initial encounter 
T33.90xA,Superficial frostbite of unspecified sites initial encounter 
T69.029A,Immersion foot unspecified foot initial encounter 
T69.1xxA,Chilblains initial encounter 
T68.xxxA,Hypothermia initial encounter 
T69.8xxA,Other specified effects of reduced temperature initial encounter 
T69.9xxA,Effect of reduced temperature unspecified initial encounter 
T67.0xxA,Heatstroke and sunstroke initial encounter 
T67.1xxA,Heat syncope initial encounter 
T67.2xxA,Heat cramp initial encounter 
T67.3xxA,Heat exhaustion anhydrotic initial encounter 
T67.4xxA,Heat exhaustion due to salt depletion initial encounter 
T67.5xxA,Heat exhaustion unspecified initial encounter 
T67.6xxA,Heat fatigue transient initial encounter 
T67.7xxA,Heat edema initial encounter 
T67.8xxA,Other effects of heat and light initial encounter 
T67.9xxA,Effect of heat and light unspecified initial encounter 
T70.0xxA,Otitic barotrauma initial encounter 
T70.1xxA,Sinus barotrauma initial encounter 
T70.20xA,Unspecified effects of high altitude initial encounter 
T70.3xxA,Caisson disease [decompression sickness] initial encounter 
T70.4xxA,Effects of high-pressure fluids initial encounter 
T70.8xxA,Other effects of air pressure and water pressure initial encounter 
T70.9xxA,Effect of air pressure and water pressure unspecified initial encounter 
T75.00xA,Unspecified effects of lightning initial encounter 
T75.1xxA,Unspecified effects of drowning and nonfatal submersion initial encounter 
T73.0xxA,Starvation initial encounter 
T73.1xxA,Deprivation of water initial encounter 
T73.2xxA,Exhaustion due to exposure initial encounter 
T73.3xxA,Exhaustion due to excessive exertion initial encounter 
T75.3xxA,Motion sickness initial encounter 
T71.111A,Asphyxiation due to smothering under pillow accidental initial encounter 
T75.4xxA,Electrocution initial encounter 
T75.89xA,Other specified effects of external causes initial encounter 
T78.2xxA,Anaphylactic shock unspecified initial encounter 
T78.3xxA,Angioneurotic edema initial encounter 
T50.905A,Adverse effect of unspecified drugs medicaments and biological substances initial encounter 
T78.41xA,Arthus phenomenon initial encounter 
T88.59xA,Other complications of anesthesia initial encounter 
T38.3X5A,Adverse effect of insulin and oral hypoglycemic [antidiabetic] drugs initial encounter 
T88.52xA,Failed moderate sedation during procedure initial encounter 
T50.995A,Adverse effect of other drugs medicaments and biological substances initial encounter 
T36.2X5A,Adverse effect of chloramphenicol group initial encounter 
T78.40xA,Allergy unspecified initial encounter 
T88.2xxA,Shock due to anesthesia initial encounter 
T76.92xA,Unspecified child maltreatment suspected initial encounter 
T76.32xA,Child psychological abuse suspected initial encounter 
T76.02xA,Child neglect or abandonment suspected initial encounter 
T74.22xA,Child sexual abuse confirmed initial encounter 
T76.12xA,Child physical abuse suspected initial encounter 
T74.4xxA,Shaken infant syndrome initial encounter 
T76.92xA,Unspecified child maltreatment suspected initial encounter 
T78.00xA,Anaphylactic reaction due to unspecified food initial encounter 
T78.01xA,Anaphylactic reaction due to peanuts initial encounter 
T78.02xA,Anaphylactic reaction due to shellfish (crustaceans) initial encounter 
T78.04xA,Anaphylactic reaction due to fruits and vegetables initial encounter 
T78.05xA,Anaphylactic reaction due to tree nuts and seeds initial encounter 
T78.03xA,Anaphylactic reaction due to other fish initial encounter 
T78.06xA,Anaphylactic reaction due to food additives initial encounter 
T78.07xA,Anaphylactic reaction due to milk and dairy products initial encounter 
T78.08xA,Anaphylactic reaction due to eggs initial encounter 
T78.09xA,Anaphylactic reaction due to other food products initial encounter 
T78.1xxA,Other adverse food reactions not elsewhere classified initial encounter 
T76.91xA,Unspecified adult maltreatment suspected initial encounter 
T76.11xA,Adult physical abuse suspected initial encounter 
T76.31xA,Adult psychological abuse suspected initial encounter 
T76.21xA,Adult sexual abuse suspected initial encounter 
T76.01xA,Adult neglect or abandonment suspected initial encounter 
T76.91xA,Unspecified adult maltreatment suspected initial encounter 
T88.3xxA,Malignant hyperthermia due to anesthesia initial encounter 
T88.51xA,Hypothermia following anesthesia initial encounter 
R65.10,Systemic inflammatory response syndrome (SIRS) of non-infectious origin without acute organ dysfunction 
A41.9,Sepsis unspecified organism 
R65.20,Severe sepsis without septic shock 
R65.10,Systemic inflammatory response syndrome (SIRS) of non-infectious origin without acute organ dysfunction 
R65.11,Systemic inflammatory response syndrome (SIRS) of non-infectious origin with acute organ dysfunction 
T82.519A,Breakdown (mechanical) of unspecified cardiac and vascular devices and implants initial encounter 
T82.110A,Breakdown (mechanical) of cardiac electrode initial encounter 
T82.01xA,Breakdown (mechanical) of heart valve prosthesis initial encounter 
T82.211A,Breakdown (mechanical) of coronary artery bypass graft initial encounter 
T82.110A,Breakdown (mechanical) of cardiac electrode initial encounter 
T82.228A,Other mechanical complication of biological heart valve graft initial encounter 
T82.390A,Other mechanical complication of aortic (bifurcation) graft (replacement) initial encounter 
T85.09xA,Other mechanical complication of ventricular intracranial (communicating) shunt initial encounter 
T83.498A,Other mechanical complication of other prosthetic devices implants and grafts of genital tract initial encounter 
T83.098A,Other mechanical complication of other indwelling urethral catheter initial encounter 
T83.39xA,Other mechanical complication of intrauterine contraceptive device initial encounter 
T83.090A,Other mechanical complication of cystostomy catheter initial encounter 
T84.498A,Other mechanical complication of other internal orthopedic devices implants and grafts initial encounter 
T84.039A,Mechanical loosening of unspecified internal prosthetic joint initial encounter 
T84.029A,Dislocation of unspecified internal joint prosthesis initial encounter 
T84.019A,Broken internal joint prosthesis unspecified site initial encounter 
T84.049A,Periprosthetic fracture around unspecified internal prosthetic joint initial encounter 
T84.059A,Periprosthetic osteolysis of unspecified internal prosthetic joint initial encounter 
T84.069A,Wear of articular bearing surface of unspecified internal prosthetic joint initial encounter 
T84.099A,Other mechanical complication of unspecified internal joint prosthesis initial encounter 
T84.199A,Other mechanical complication of internal fixation device of unspecified bone of limb initial encounter 
T85.398A,Other mechanical complication of other ocular prosthetic devices implants and grafts initial encounter 
T86.821,Skin graft (allograft) (autograft) failure 
T85.29xA,Other mechanical complication of intraocular lens initial encounter 
T85.49xA,Other mechanical complication of breast prosthesis and implant initial encounter 
T85.693A,Other mechanical complication of artificial skin graft and decellularized allodermis initial encounter 
T85.691A,Other mechanical complication of intraperitoneal dialysis catheter initial encounter 
T85.694A,Other mechanical complication of insulin pump initial encounter 
T85.698A,Other mechanical complication of other specified internal prosthetic devices implants and grafts initial encounter 
T85.79xA,Infection and inflammatory reaction due to other internal prosthetic devices implants and grafts initial encounter 
T82.6xxA,Infection and inflammatory reaction due to cardiac valve prosthesis initial encounter 
T82.7xxA,Infection and inflammatory reaction due to other cardiac and vascular devices implants and grafts initial encounter 
T85.79xA,Infection and inflammatory reaction due to other internal prosthetic devices implants and grafts initial encounter 
T83.51xA,Infection and inflammatory reaction due to indwelling urinary catheter initial encounter 
T83.59xA,Infection and inflammatory reaction due to prosthetic device implant and graft in urinary system initial encounter 
T84.50xA,Infection and inflammatory reaction due to unspecified internal joint prosthesis initial encounter 
T84.7xxA,Infection and inflammatory reaction due to other internal orthopedic prosthetic devices implants and grafts initial encounter 
T85.71xA,Infection and inflammatory reaction due to peritoneal dialysis catheter initial encounter 
T85.79xA,Infection and inflammatory reaction due to other internal prosthetic devices implants and grafts initial encounter 
T85.9xxA,Unspecified complication of internal prosthetic device implant and graft initial encounter 
T82.817A,Embolism of cardiac prosthetic devices implants and grafts initial encounter 
T82.817A,Embolism of cardiac prosthetic devices implants and grafts initial encounter 
T82.818A,Embolism of vascular prosthetic devices implants and grafts initial encounter 
T82.818A,Embolism of vascular prosthetic devices implants and grafts initial encounter 
T85.81xA,Embolism due to internal prosthetic devices implants and grafts not elsewhere classified initial encounter 
T83.81xA,Embolism of genitourinary prosthetic devices implants and grafts initial encounter 
T84.81xA,Embolism due to internal orthopedic prosthetic devices implants and grafts initial encounter 
T84.81xA,Embolism due to internal orthopedic prosthetic devices implants and grafts initial encounter 
T85.81xA,Embolism due to internal prosthetic devices implants and grafts not elsewhere classified initial encounter 
T86.90,Unspecified complication of unspecified transplanted organ and tissue 
T86.11,Kidney transplant rejection 
T86.41,Liver transplant rejection 
T86.21,Heart transplant rejection 
T86.810,Lung transplant rejection 
T86.01,Bone marrow transplant rejection 
T86.890,Other transplanted tissue rejection 
T86.850,Intestine transplant rejection 
T86.5,Complications of stem cell transplant 
T86.890,Other transplanted tissue rejection 
T87.0X9,Complications of reattached (part of) unspecified upper extremity 
T87.0X9,Complications of reattached (part of) unspecified upper extremity 
T87.0X9,Complications of reattached (part of) unspecified upper extremity 
T87.0X9,Complications of reattached (part of) unspecified upper extremity 
T87.0X9,Complications of reattached (part of) unspecified upper extremity 
T87.1X9,Complications of reattached (part of) unspecified lower extremity 
T87.1X9,Complications of reattached (part of) unspecified lower extremity 
T87.2,Complications of other reattached body part 
G97.81,Other intraoperative complications of nervous system 
G97.81,Other intraoperative complications of nervous system 
I97.811,Intraoperative cerebrovascular infarction during other surgery 
G03.8,Meningitis due to other specified causes 
I97.710,Intraoperative cardiac arrest during cardiac surgery 
T81.719A,Complication of unspecified artery following a procedure not elsewhere classified initial encounter 
J95.851,Ventilator associated pneumonia 
J95.89,Other postprocedural complications and disorders of respiratory system not elsewhere classified 
J95.859,Other complication of respirator [ventilator] 
K91.86,Retained cholelithiasis following cholecystectomy 
K91.3,Postprocedural intestinal obstruction 
N99.89,Other postprocedural complications and disorders of genitourinary system 
T87.9,Unspecified complications of amputation stump 
T87.30,Neuroma of amputation stump unspecified extremity 
T87.40,Infection of amputation stump unspecified extremity 
T87.89,Other complications of amputation stump 
T81.710A,Complication of mesenteric artery following a procedure not elsewhere classified initial encounter 
T81.711A,Complication of renal artery following a procedure not elsewhere classified initial encounter 
T81.718A,Complication of other artery following a procedure not elsewhere classified initial encounter 
I97.3,Postprocedural hypertension 
E89.89,Other postprocedural endocrine and metabolic complications and disorders 
T81.10xA,Postprocedural shock unspecified initial encounter 
T81.11xA,Postprocedural cardiogenic shock initial encounter 
T81.12xA,Postprocedural septic shock initial encounter 
T81.19xA,Other postprocedural shock initial encounter 
G97.31,Intraoperative hemorrhage and hematoma of a nervous system organ or structure complicating a nervous system procedure 
G97.31,Intraoperative hemorrhage and hematoma of a nervous system organ or structure complicating a nervous system procedure 
T88.8xxA,Other specified complications of surgical and medical care not elsewhere classified initial encounter 
E36.11,Accidental puncture and laceration of an endocrine system organ or structure during an endocrine system procedure 
T81.30xA,Disruption of wound unspecified initial encounter 
T81.32xA,Disruption of internal operation (surgical) wound not elsewhere classified initial encounter 
T81.31xA,Disruption of external operation (surgical) wound not elsewhere classified initial encounter 
T81.33xA,Disruption of traumatic injury wound repair initial encounter 
T81.509A,Unspecified complication of foreign body accidentally left in body following unspecified procedure initial encounter 
T81.4xxA,Infection following a procedure initial encounter 
T81.4xxA,Infection following a procedure initial encounter 
T81.83xA,Persistent postprocedural fistula initial encounter 
T81.69xA,Other acute reaction to foreign substance accidentally left during a procedure initial encounter 
T81.82xA,Emphysema (subcutaneous) resulting from a procedure initial encounter 
H59.029,Cataract (lens) fragments in eye following cataract surgery unspecified eye 
T81.89xA,Other complications of procedures not elsewhere classified initial encounter 
T81.89xA,Other complications of procedures not elsewhere classified initial encounter 
T81.9xxA,Unspecified complication of procedure initial encounter 
T88.1xxA,Other complications following immunization not elsewhere classified initial encounter 
T80.0xxA,Air embolism following infusion transfusion and therapeutic injection initial encounter 
T80.1xxA,Vascular complications following infusion transfusion and therapeutic injection initial encounter 
T80.219A,Unspecified infection due to central venous catheter initial encounter 
T80.211A,Bloodstream infection due to central venous catheter initial encounter 
T80.212A,Local infection due to central venous catheter initial encounter 
T80.22xA,Acute infection following transfusion infusion or injection of blood and blood products initial encounter 
T80.29xA,Infection following other infusion transfusion and therapeutic injection initial encounter 
T80.51xA,Anaphylactic reaction due to administration of blood and blood products initial encounter 
T80.52xA,Anaphylactic reaction due to vaccination initial encounter 
T80.59xA,Anaphylactic reaction due to other serum initial encounter 
T80.61xA,Other serum reaction due to administration of blood and blood products initial encounter 
T80.62xA,Other serum reaction due to vaccination initial encounter 
T80.69xA,Other serum reaction due to other serum initial encounter 
T80.30xA,ABO incompatibility reaction due to transfusion of blood or blood products unspecified initial encounter 
T80.319A,ABO incompatibility with hemolytic transfusion reaction unspecified initial encounter 
T80.310A,ABO incompatibility with acute hemolytic transfusion reaction initial encounter 
T80.311A,ABO incompatibility with delayed hemolytic transfusion reaction initial encounter 
T80.39xA,Other ABO incompatibility reaction due to transfusion of blood or blood products initial encounter 
T80.40xA,Rh incompatibility reaction due to transfusion of blood or blood products unspecified initial encounter 
T80.419A,Rh incompatibility with hemolytic transfusion reaction unspecified initial encounter 
T80.410A,Rh incompatibility with acute hemolytic transfusion reaction initial encounter 
T80.411A,Rh incompatibility with delayed hemolytic transfusion reaction initial encounter 
T80.49xA,Other Rh incompatibility reaction due to transfusion of blood or blood products initial encounter 
T80.A0xA,Non-ABO incompatibility reaction due to transfusion of blood or blood products unspecified initial encounter 
T80.A19A,Non-ABO incompatibility with hemolytic transfusion reaction unspecified initial encounter 
T80.A10A,Non-ABO incompatibility with acute hemolytic transfusion reaction initial encounter 
T80.A11A,Non-ABO incompatibility with delayed hemolytic transfusion reaction initial encounter 
T80.A9xA,Other non-ABO incompatibility reaction due to transfusion of blood or blood products initial encounter 
T80.92xA,Unspecified transfusion reaction initial encounter 
T80.810A,Extravasation of vesicant antineoplastic chemotherapy initial encounter 
T80.818A,Extravasation of other vesicant agent initial encounter 
T80.919A,Hemolytic transfusion reaction unspecified incompatibility unspecified as acute or delayed initial encounter 
T80.910A,Acute hemolytic transfusion reaction unspecified incompatibility initial encounter 
T80.911A,Delayed hemolytic transfusion reaction unspecified incompatibility initial encounter 
T80.89xA,Other complications following infusion transfusion and therapeutic injection initial encounter 
T80.89xA,Other complications following infusion transfusion and therapeutic injection initial encounter 
T88.8xxA,Other specified complications of surgical and medical care not elsewhere classified initial encounter 
Y99.0,Civilian activity done for income or pay 
Y99.1,Military activity 
Y99.2,Volunteer activity 
Y99.8,Other external cause status 
Y99.9,Unspecified external cause status 
Y93.01,Activity walking marching and hiking 
Y93.02,Activity running 
Y93.11,Activity swimming 
Y93.12,Activity springboard and platform diving 
Y93.13,Activity water polo 
Y93.14,Activity water aerobics and water exercise 
Y93.15,Activity underwater diving and snorkeling 
Y93.16,Activity rowing canoeing kayaking rafting and tubing 
Y93.17,Activity water skiing and wake boarding 
Y93.18,Activity surfing windsurfing and boogie boarding 
Y93.19,Activity other involving water and watercraft 
Y93.19,Activity other involving water and watercraft 
Y93.21,Activity ice skating 
Y93.22,Activity ice hockey 
Y93.23,Activity snow (alpine) (downhill) skiing snow boarding sledding tobogganing and snow tubing 
Y93.24,Activity cross country skiing 
Y93.29,Activity other involving ice and snow 
Y93.31,Activity mountain climbing rock climbing and wall climbing 
Y93.32,Activity rappelling 
Y93.33,Activity BASE jumping 
Y93.34,Activity bungee jumping 
Y93.35,Activity hang gliding 
Y93.39,Activity other involving climbing rappelling and jumping off 
Y93.41,Activity dancing 
Y93.42,Activity yoga 
Y93.43,Activity gymnastics 
Y93.44,Activity trampolining 
Y93.45,Activity cheerleading 
Y93.49,Activity other involving dancing and other rhythmic movements 
Y93.51,Activity roller skating (inline) and skateboarding 
Y93.52,Activity horseback riding 
Y93.53,Activity golf 
Y93.54,Activity bowling 
Y93.55,Activity bike riding 
Y93.56,Activity jumping rope 
Y93.57,Activity non-running track and field events 
Y93.59,Activity other involving other sports and athletics played individually 
Y93.61,Activity american tackle football 
Y93.62,Activity american flag or touch football 
Y93.63,Activity rugby 
Y93.64,Activity baseball 
Y93.65,Activity lacrosse and field hockey 
Y93.66,Activity soccer 
Y93.67,Activity basketball 
Y93.68,Activity volleyball (beach) (court) 
Y93.6A,Activity physical games generally associated with school recess summer camp and children 
Y93.69,Activity other involving other sports and athletics played as a team or group 
Y93.71,Activity boxing 
Y93.72,Activity wrestling 
Y93.73,Activity racquet and hand sports 
Y93.74,Activity frisbee 
Y93.75,Activity martial arts 
Y93.79,Activity other specified sports and athletics 
Y93.A1,Activity exercise machines primarily for cardiorespiratory conditioning 
Y93.A2,Activity calisthenics 
Y93.A3,Activity aerobic and step exercise 
Y93.A4,Activity circuit training 
Y93.A5,Activity obstacle course 
Y93.A6,Activity grass drills 
Y93.A9,Activity other involving cardiorespiratory exercise 
Y93.B1,Activity exercise machines primarily for muscle strengthening 
Y93.B2,Activity push-ups pull-ups sit-ups 
Y93.B3,Activity free weights 
Y93.B4,Activity pilates 
Y93.B9,Activity other involving muscle strengthening exercises 
Y93.C1,Activity computer keyboarding 
Y93.C2,Activity hand held interactive electronic device 
Y93.C9,Activity other involving computer technology and electronic devices 
Y93.D1,Activity knitting and crocheting 
Y93.D2,Activity sewing 
Y93.D3,Activity furniture building and finishing 
Y93.D9,Activity other involving arts and handcrafts 
Y93.E1,Activity personal bathing and showering 
Y93.E2,Activity laundry 
Y93.E3,Activity vacuuming 
Y93.E4,Activity ironing 
Y93.E5,Activity floor mopping and cleaning 
Y93.E6,Activity residential relocation 
Y93.E8,Activity other personal hygiene 
Y93.E9,Activity other interior property and clothing maintenance 
Y93.F1,Activity caregiving bathing 
Y93.F2,Activity caregiving lifting 
Y93.F9,Activity other caregiving 
Y93.G1,Activity food preparation and clean up 
Y93.G2,Activity grilling and smoking food 
Y93.G3,Activity cooking and baking 
Y93.G9,Activity other involving cooking and grilling 
Y93.H1,Activity digging shoveling and raking 
Y93.H2,Activity gardening and landscaping 
Y93.H3,Activity building and construction 
Y93.H9,Activity other involving exterior property and land maintenance building and construction 
Y93.I1,Activity roller coaster riding 
Y93.I9,Activity other involving external motion 
Y93.J1,Activity piano playing 
Y93.J2,Activity drum and other percussion instrument playing 
Y93.J3,Activity string instrument playing 
Y93.J4,Activity winds and brass instrument playing 
Y93.K1,Activity walking an animal 
Y93.K2,Activity milking an animal 
Y93.K3,Activity grooming and shearing an animal 
Y93.K9,Activity other involving animal care 
Y93.81,Activity refereeing a sports activity 
Y93.82,Activity spectator at an event 
Y93.83,Activity rough housing and horseplay 
Y93.89,Activity other specified 
Y93.9,Activity unspecified 
V81.2xxA,Occupant of railway train or railway vehicle injured in collision with or hit by rolling stock initial encounter 
V81.2xxA,Occupant of railway train or railway vehicle injured in collision with or hit by rolling stock initial encounter 
V81.2xxA,Occupant of railway train or railway vehicle injured in collision with or hit by rolling stock initial encounter 
V15.2xxA,Unspecified pedal cyclist injured in collision with railway train or railway vehicle in nontraffic accident initial encounter 
V81.2xxA,Occupant of railway train or railway vehicle injured in collision with or hit by rolling stock initial encounter 
V81.2xxA,Occupant of railway train or railway vehicle injured in collision with or hit by rolling stock initial encounter 
V81.3xxA,Occupant of railway train or railway vehicle injured in collision with other object initial encounter 
V81.3xxA,Occupant of railway train or railway vehicle injured in collision with other object initial encounter 
V81.3xxA,Occupant of railway train or railway vehicle injured in collision with other object initial encounter 
V15.2xxA,Unspecified pedal cyclist injured in collision with railway train or railway vehicle in nontraffic accident initial encounter 
V82.2xxA,Occupant of streetcar injured in collision with or hit by rolling stock initial encounter 
V82.2xxA,Occupant of streetcar injured in collision with or hit by rolling stock initial encounter 
V81.7xxA,Occupant of railway train or railway vehicle injured in derailment without antecedent collision initial encounter 
V81.7xxA,Occupant of railway train or railway vehicle injured in derailment without antecedent collision initial encounter 
V81.7xxA,Occupant of railway train or railway vehicle injured in derailment without antecedent collision initial encounter 
V15.2xxA,Unspecified pedal cyclist injured in collision with railway train or railway vehicle in nontraffic accident initial encounter 
V81.7xxA,Occupant of railway train or railway vehicle injured in derailment without antecedent collision initial encounter 
V81.7xxA,Occupant of railway train or railway vehicle injured in derailment without antecedent collision initial encounter 
V15.9xxA,Unspecified pedal cyclist injured in collision with railway train or railway vehicle in traffic accident initial encounter 
V81.81xA,Occupant of railway train or railway vehicle injured due to explosion or fire on train initial encounter 
V81.81xA,Occupant of railway train or railway vehicle injured due to explosion or fire on train initial encounter 
V15.2xxA,Unspecified pedal cyclist injured in collision with railway train or railway vehicle in nontraffic accident initial encounter 
V81.81xA,Occupant of railway train or railway vehicle injured due to explosion or fire on train initial encounter 
V81.81xA,Occupant of railway train or railway vehicle injured due to explosion or fire on train initial encounter 
V81.81xA,Occupant of railway train or railway vehicle injured due to explosion or fire on train initial encounter 
V81.5xxA,Occupant of railway train or railway vehicle injured by fall in railway train or railway vehicle initial encounter 
V81.5xxA,Occupant of railway train or railway vehicle injured by fall in railway train or railway vehicle initial encounter 
V15.2xxA,Unspecified pedal cyclist injured in collision with railway train or railway vehicle in nontraffic accident initial encounter 
V81.5xxA,Occupant of railway train or railway vehicle injured by fall in railway train or railway vehicle initial encounter 
V81.5xxA,Occupant of railway train or railway vehicle injured by fall in railway train or railway vehicle initial encounter 
V81.2xxA,Occupant of railway train or railway vehicle injured in collision with or hit by rolling stock initial encounter 
V81.2xxA,Occupant of railway train or railway vehicle injured in collision with or hit by rolling stock initial encounter 
V05.00xA,Pedestrian on foot injured in collision with railway train or railway vehicle in nontraffic accident initial encounter 
V15.2xxA,Unspecified pedal cyclist injured in collision with railway train or railway vehicle in nontraffic accident initial encounter 
V81.2xxA,Occupant of railway train or railway vehicle injured in collision with or hit by rolling stock initial encounter 
V81.2xxA,Occupant of railway train or railway vehicle injured in collision with or hit by rolling stock initial encounter 
V81.89xA,Occupant of railway train or railway vehicle injured due to other specified railway accident initial encounter 
V81.89xA,Occupant of railway train or railway vehicle injured due to other specified railway accident initial encounter 
V81.89xA,Occupant of railway train or railway vehicle injured due to other specified railway accident initial encounter 
V15.2xxA,Unspecified pedal cyclist injured in collision with railway train or railway vehicle in nontraffic accident initial encounter 
V81.89xA,Occupant of railway train or railway vehicle injured due to other specified railway accident initial encounter 
V81.89xA,Occupant of railway train or railway vehicle injured due to other specified railway accident initial encounter 
V81.9xxA,Occupant of railway train or railway vehicle injured in unspecified railway accident initial encounter 
V81.9xxA,Occupant of railway train or railway vehicle injured in unspecified railway accident initial encounter 
V05.90xA,Pedestrian on foot injured in collision with railway train or railway vehicle unspecified whether traffic or nontraffic accident initial encounter 
V15.2xxA,Unspecified pedal cyclist injured in collision with railway train or railway vehicle in nontraffic accident initial encounter 
V81.9xxA,Occupant of railway train or railway vehicle injured in unspecified railway accident initial encounter 
V81.9xxA,Occupant of railway train or railway vehicle injured in unspecified railway accident initial encounter 
V45.5xxA,Car driver injured in collision with railway train or railway vehicle in traffic accident initial encounter 
V45.6xxA,Car passenger injured in collision with railway train or railway vehicle in traffic accident initial encounter 
V25.4xxA,Motorcycle driver injured in collision with railway train or railway vehicle in traffic accident initial encounter 
V25.5xxA,Motorcycle passenger injured in collision with railway train or railway vehicle in traffic accident initial encounter 
V82.8xxA,Occupant of streetcar injured in other specified transport accidents initial encounter 
V80.61xA,Animal-rider injured in collision with railway train or railway vehicle initial encounter 
V15.9xxA,Unspecified pedal cyclist injured in collision with railway train or railway vehicle in traffic accident initial encounter 
V05.10xA,Pedestrian on foot injured in collision with railway train or railway vehicle in traffic accident initial encounter 
V45.7xxA,Person on outside of car injured in collision with railway train or railway vehicle in traffic accident initial encounter 
V45.9xxA,Unspecified car occupant injured in collision with railway train or railway vehicle in traffic accident initial encounter 
V49.40xA,Driver injured in collision with unspecified motor vehicles in traffic accident initial encounter 
V49.50xA,Passenger injured in collision with unspecified motor vehicles in traffic accident initial encounter 
V29.40xA,Motorcycle driver injured in collision with unspecified motor vehicles in traffic accident initial encounter 
V29.50xA,Motorcycle passenger injured in collision with unspecified motor vehicles in traffic accident initial encounter 
V82.1xxA,Occupant of streetcar injured in collision with motor vehicle in traffic accident initial encounter 
V80.41xA,Animal-rider injured in collision with car pick-up truck van heavy transport vehicle or bus initial encounter 
V13.9xxA,Unspecified pedal cyclist injured in collision with car pick-up truck or van in traffic accident initial encounter 
V03.10xA,Pedestrian on foot injured in collision with car pick-up truck or van in traffic accident initial encounter 
V49.88xA,Car occupant (driver) (passenger) injured in other specified transport accidents initial encounter 
V49.88xA,Car occupant (driver) (passenger) injured in other specified transport accidents initial encounter 
V49.88xA,Car occupant (driver) (passenger) injured in other specified transport accidents initial encounter 
V49.59xA,Passenger injured in collision with other motor vehicles in traffic accident initial encounter 
V29.49xA,Motorcycle driver injured in collision with other motor vehicles in traffic accident initial encounter 
V29.59xA,Motorcycle passenger injured in collision with other motor vehicles in traffic accident initial encounter 
V82.1xxA,Occupant of streetcar injured in collision with motor vehicle in traffic accident initial encounter 
V80.41xA,Animal-rider injured in collision with car pick-up truck van heavy transport vehicle or bus initial encounter 
V13.9xxA,Unspecified pedal cyclist injured in collision with car pick-up truck or van in traffic accident initial encounter 
V03.10xA,Pedestrian on foot injured in collision with car pick-up truck or van in traffic accident initial encounter 
V43.72xA,Person on outside of car injured in collision with other type car in traffic accident initial encounter 
V87.7xxA,Person injured in collision between other specified motor vehicles (traffic) initial encounter 
V46.5xxA,Car driver injured in collision with other nonmotor vehicle in traffic accident initial encounter 
V46.6xxA,Car passenger injured in collision with other nonmotor vehicle in traffic accident initial encounter 
V26.4xxA,Motorcycle driver injured in collision with other nonmotor vehicle in traffic accident initial encounter 
V21.5xxA,Motorcycle passenger injured in collision with pedal cycle in traffic accident initial encounter 
V82.1xxA,Occupant of streetcar injured in collision with motor vehicle in traffic accident initial encounter 
V80.41xA,Animal-rider injured in collision with car pick-up truck van heavy transport vehicle or bus initial encounter 
V19.60xA,Unspecified pedal cyclist injured in collision with unspecified motor vehicles in traffic accident initial encounter 
V03.10xA,Pedestrian on foot injured in collision with car pick-up truck or van in traffic accident initial encounter 
V46.7xxA,Person on outside of car injured in collision with other nonmotor vehicle in traffic accident initial encounter 
V87.9xxA,Person injured in other specified (collision)(noncollision) transport accidents involving nonmotor vehicle (traffic) initial encounter 
V40.5xxA,Car driver injured in collision with pedestrian or animal in traffic accident initial encounter 
V40.6xxA,Car passenger injured in collision with pedestrian or animal in traffic accident initial encounter 
V20.4xxA,Motorcycle driver injured in collision with pedestrian or animal in traffic accident initial encounter 
V20.5xxA,Motorcycle passenger injured in collision with pedestrian or animal in traffic accident initial encounter 
V82.1xxA,Occupant of streetcar injured in collision with motor vehicle in traffic accident initial encounter 
V80.41xA,Animal-rider injured in collision with car pick-up truck van heavy transport vehicle or bus initial encounter 
V13.9xxA,Unspecified pedal cyclist injured in collision with car pick-up truck or van in traffic accident initial encounter 
V03.10xA,Pedestrian on foot injured in collision with car pick-up truck or van in traffic accident initial encounter 
V40.7xxA,Person on outside of car injured in collision with pedestrian or animal in traffic accident initial encounter 
V40.9xxA,Unspecified car occupant injured in collision with pedestrian or animal in traffic accident initial encounter 
V86.09xA,Driver of other special all-terrain or other off-road motor vehicle injured in traffic accident initial encounter 
V86.19xA,Passenger of other special all-terrain or other off-road motor vehicle injured in traffic accident initial encounter 
V29.88xA,Motorcycle rider (driver) (passenger) injured in other specified transport accidents initial encounter 
V27.5xxA,Motorcycle passenger injured in collision with fixed or stationary object in traffic accident initial encounter 
V82.1xxA,Occupant of streetcar injured in collision with motor vehicle in traffic accident initial encounter 
V80.41xA,Animal-rider injured in collision with car pick-up truck van heavy transport vehicle or bus initial encounter 
V13.9xxA,Unspecified pedal cyclist injured in collision with car pick-up truck or van in traffic accident initial encounter 
V03.10xA,Pedestrian on foot injured in collision with car pick-up truck or van in traffic accident initial encounter 
V86.29xA,Person on outside of other special all-terrain or other off-road motor vehicle injured in traffic accident initial encounter 
V86.39xA,Unspecified occupant of other special all-terrain or other off-road motor vehicle injured in traffic accident initial encounter 
V48.5xxA,Car driver injured in noncollision transport accident in traffic accident initial encounter 
V48.6xxA,Car passenger injured in noncollision transport accident in traffic accident initial encounter 
V28.4xxA,Motorcycle driver injured in noncollision transport accident in traffic accident initial encounter 
V28.5xxA,Motorcycle passenger injured in noncollision transport accident in traffic accident initial encounter 
V82.9xxA,Occupant of streetcar injured in unspecified traffic accident initial encounter 
V80.929A,Occupant of animal-drawn vehicle injured in unspecified transport accident initial encounter 
V19.3xxA,Pedal cyclist (driver) (passenger) injured in unspecified nontraffic accident initial encounter 
V09.1xxA,Pedestrian injured in unspecified nontraffic accident initial encounter 
V48.7xxA,Person on outside of car injured in noncollision transport accident in traffic accident initial encounter 
V48.9xxA,Unspecified car occupant injured in noncollision transport accident in traffic accident initial encounter 
V48.4xxA,Person boarding or alighting a car injured in noncollision transport accident initial encounter 
V48.4xxA,Person boarding or alighting a car injured in noncollision transport accident initial encounter 
V28.3xxA,Person boarding or alighting a motorcycle injured in noncollision transport accident initial encounter 
V28.3xxA,Person boarding or alighting a motorcycle injured in noncollision transport accident initial encounter 
V82.4xxA,Person injured while boarding or alighting from streetcar initial encounter 
V80.918A,Animal-rider injured in other transport accident initial encounter 
V18.3xxA,Person boarding or alighting a pedal cycle injured in noncollision transport accident initial encounter 
V09.20xA,Pedestrian injured in traffic accident involving unspecified motor vehicles initial encounter 
V48.4xxA,Person boarding or alighting a car injured in noncollision transport accident initial encounter 
V87.8xxA,Person injured in other specified noncollision transport accidents involving motor vehicle (traffic) initial encounter 
V48.5xxA,Car driver injured in noncollision transport accident in traffic accident initial encounter 
V48.6xxA,Car passenger injured in noncollision transport accident in traffic accident initial encounter 
V28.4xxA,Motorcycle driver injured in noncollision transport accident in traffic accident initial encounter 
V28.5xxA,Motorcycle passenger injured in noncollision transport accident in traffic accident initial encounter 
V82.8xxA,Occupant of streetcar injured in other specified transport accidents initial encounter 
V80.918A,Animal-rider injured in other transport accident initial encounter 
V18.9xxA,Unspecified pedal cyclist injured in noncollision transport accident in traffic accident initial encounter 
V09.3xxA,Pedestrian injured in unspecified traffic accident initial encounter 
V78.7xxA,Person on outside of bus injured in noncollision transport accident in traffic accident initial encounter 
V87.8xxA,Person injured in other specified noncollision transport accidents involving motor vehicle (traffic) initial encounter 
V49.9xxA,Car occupant (driver) (passenger) injured in unspecified traffic accident initial encounter 
V59.9xxA,Occupant (driver) (passenger) of pick-up truck or van injured in unspecified traffic accident initial encounter 
V29.9xxA,Motorcycle rider (driver) (passenger) injured in unspecified traffic accident initial encounter 
V29.9xxA,Motorcycle rider (driver) (passenger) injured in unspecified traffic accident initial encounter 
V82.9xxA,Occupant of streetcar injured in unspecified traffic accident initial encounter 
V80.919A,Animal-rider injured in unspecified transport accident initial encounter 
V19.9xxA,Pedal cyclist (driver) (passenger) injured in unspecified traffic accident initial encounter 
V09.3xxA,Pedestrian injured in unspecified traffic accident initial encounter 
V89.2xxA,Person injured in unspecified motor-vehicle accident traffic initial encounter 
V89.2xxA,Person injured in unspecified motor-vehicle accident traffic initial encounter 
V86.52xA,Driver of snowmobile injured in nontraffic accident initial encounter 
V86.62xA,Passenger of snowmobile injured in nontraffic accident initial encounter 
V88.8xxA,Person injured in other specified noncollision transport accidents involving motor vehicle nontraffic initial encounter 
V88.8xxA,Person injured in other specified noncollision transport accidents involving motor vehicle nontraffic initial encounter 
V88.8xxA,Person injured in other specified noncollision transport accidents involving motor vehicle nontraffic initial encounter 
V88.8xxA,Person injured in other specified noncollision transport accidents involving motor vehicle nontraffic initial encounter 
V88.8xxA,Person injured in other specified noncollision transport accidents involving motor vehicle nontraffic initial encounter 
V88.8xxA,Person injured in other specified noncollision transport accidents involving motor vehicle nontraffic initial encounter 
V86.72xA,Person on outside of snowmobile injured in nontraffic accident initial encounter 
V86.92xA,Unspecified occupant of snowmobile injured in nontraffic accident initial encounter 
V86.59xA,Driver of other special all-terrain or other off-road motor vehicle injured in nontraffic accident initial encounter 
V86.69xA,Passenger of other special all-terrain or other off-road motor vehicle injured in nontraffic accident initial encounter 
V88.8xxA,Person injured in other specified noncollision transport accidents involving motor vehicle nontraffic initial encounter 
V88.8xxA,Person injured in other specified noncollision transport accidents involving motor vehicle nontraffic initial encounter 
V88.8xxA,Person injured in other specified noncollision transport accidents involving motor vehicle nontraffic initial encounter 
V88.8xxA,Person injured in other specified noncollision transport accidents involving motor vehicle nontraffic initial encounter 
V88.8xxA,Person injured in other specified noncollision transport accidents involving motor vehicle nontraffic initial encounter 
V88.8xxA,Person injured in other specified noncollision transport accidents involving motor vehicle nontraffic initial encounter 
V86.79xA,Person on outside of other special all-terrain or other off-road motor vehicles injured in nontraffic accident initial encounter 
V86.99xA,Unspecified occupant of other special all-terrain or other off-road motor vehicle injured in nontraffic accident initial encounter 
V40.0xxA,Car driver injured in collision with pedestrian or animal in nontraffic accident initial encounter 
V40.1xxA,Car passenger injured in collision with pedestrian or animal in nontraffic accident initial encounter 
V20.0xxA,Motorcycle driver injured in collision with pedestrian or animal in nontraffic accident initial encounter 
V20.1xxA,Motorcycle passenger injured in collision with pedestrian or animal in nontraffic accident initial encounter 
V82.0xxA,Occupant of streetcar injured in collision with motor vehicle in nontraffic accident initial encounter 
V80.918A,Animal-rider injured in other transport accident initial encounter 
V19.29xA,Unspecified pedal cyclist injured in collision with other motor vehicles in nontraffic accident initial encounter 
V03.00xA,Pedestrian on foot injured in collision with car pick-up truck or van in nontraffic accident initial encounter 
V40.2xxA,Person on outside of car injured in collision with pedestrian or animal in nontraffic accident initial encounter 
V40.3xxA,Unspecified car occupant injured in collision with pedestrian or animal in nontraffic accident initial encounter 
V47.02xA,Driver of other type car injured in collision with fixed or stationary object in nontraffic accident initial encounter 
V47.12xA,Passenger of other type car injured in collision with fixed or stationary object in nontraffic accident initial encounter 
V27.0xxA,Motorcycle driver injured in collision with fixed or stationary object in nontraffic accident initial encounter 
V27.1xxA,Motorcycle passenger injured in collision with fixed or stationary object in nontraffic accident initial encounter 
V82.3xxA,Occupant of streetcar injured in collision with other object initial encounter 
V80.81xA,Animal-rider injured in collision with fixed or stationary object initial encounter 
V17.2xxA,Unspecified pedal cyclist injured in collision with fixed or stationary object in nontraffic accident initial encounter 
V09.9xxA,Pedestrian injured in unspecified transport accident initial encounter 
V57.2xxA,Person on outside of pick-up truck or van injured in collision with fixed or stationary object in nontraffic accident initial encounter 
V47.32xA,Unspecified occupant of other type car injured in collision with fixed or stationary object in nontraffic accident initial encounter 
V43.42xA,Person boarding or alighting a car injured in collision with other type car initial encounter 
V43.42xA,Person boarding or alighting a car injured in collision with other type car initial encounter 
V23.3xxA,Person boarding or alighting a motorcycle injured in collision with car pick-up truck or van initial encounter 
V23.3xxA,Person boarding or alighting a motorcycle injured in collision with car pick-up truck or van initial encounter 
V82.4xxA,Person injured while boarding or alighting from streetcar initial encounter 
V80.918A,Animal-rider injured in other transport accident initial encounter 
V18.3xxA,Person boarding or alighting a pedal cycle injured in noncollision transport accident initial encounter 
V09.9xxA,Pedestrian injured in unspecified transport accident initial encounter 
V43.42xA,Person boarding or alighting a car injured in collision with other type car initial encounter 
V88.8xxA,Person injured in other specified noncollision transport accidents involving motor vehicle nontraffic initial encounter 
V58.0xxA,Driver of pick-up truck or van injured in noncollision transport accident in nontraffic accident initial encounter 
V49.3xxA,Car occupant (driver) (passenger) injured in unspecified nontraffic accident initial encounter 
V29.3xxA,Motorcycle rider (driver) (passenger) injured in unspecified nontraffic accident initial encounter 
V28.1xxA,Motorcycle passenger injured in noncollision transport accident in nontraffic accident initial encounter 
V82.8xxA,Occupant of streetcar injured in other specified transport accidents initial encounter 
V80.918A,Animal-rider injured in other transport accident initial encounter 
V19.88xA,Pedal cyclist (driver) (passenger) injured in other specified transport accidents initial encounter 
V09.00xA,Pedestrian injured in nontraffic accident involving unspecified motor vehicles initial encounter 
V58.2xxA,Person on outside of pick-up truck or van injured in noncollision transport accident in nontraffic accident initial encounter 
V89.0xxA,Person injured in unspecified motor-vehicle accident nontraffic initial encounter 
V01.00xA,Pedestrian on foot injured in collision with pedal cycle in nontraffic accident initial encounter 
V10.0xxA,Pedal cycle driver injured in collision with pedestrian or animal in nontraffic accident initial encounter 
V80.21xA,Animal-rider injured in collision with pedal cycle initial encounter 
V80.22xA,Occupant of animal-drawn vehicle injured in collision with pedal cycle initial encounter 
V82.8xxA,Occupant of streetcar injured in other specified transport accidents initial encounter 
V18.2xxA,Unspecified pedal cyclist injured in noncollision transport accident in nontraffic accident initial encounter 
V10.2xxA,Unspecified pedal cyclist injured in collision with pedestrian or animal in nontraffic accident initial encounter 
V09.1xxA,Pedestrian injured in unspecified nontraffic accident initial encounter 
V80.710A,Animal-rider injured in collision with other animal being ridden initial encounter 
V80.12xA,Occupant of animal-drawn vehicle injured in collision with pedestrian or animal initial encounter 
V82.8xxA,Occupant of streetcar injured in other specified transport accidents initial encounter 
V88.9xxA,Person injured in other specified (collision)(noncollision) transport accidents involving nonmotor vehicle nontraffic initial encounter 
V88.9xxA,Person injured in other specified (collision)(noncollision) transport accidents involving nonmotor vehicle nontraffic initial encounter 
V09.1xxA,Pedestrian injured in unspecified nontraffic accident initial encounter 
V80.11xA,Animal-rider injured in collision with pedestrian or animal initial encounter 
V82.8xxA,Occupant of streetcar injured in other specified transport accidents initial encounter 
V88.9xxA,Person injured in other specified (collision)(noncollision) transport accidents involving nonmotor vehicle nontraffic initial encounter 
V88.9xxA,Person injured in other specified (collision)(noncollision) transport accidents involving nonmotor vehicle nontraffic initial encounter 
V06.00xA,Pedestrian on foot injured in collision with other nonmotor vehicle in nontraffic accident initial encounter 
V82.9xxA,Occupant of streetcar injured in unspecified traffic accident initial encounter 
V88.9xxA,Person injured in other specified (collision)(noncollision) transport accidents involving nonmotor vehicle nontraffic initial encounter 
V89.1xxA,Person injured in unspecified nonmotor-vehicle accident nontraffic initial encounter 
V90.89xA,Drowning and submersion due to other accident to unspecified watercraft initial encounter 
V90.89xA,Drowning and submersion due to other accident to unspecified watercraft initial encounter 
V90.89xA,Drowning and submersion due to other accident to unspecified watercraft initial encounter 
V90.89xA,Drowning and submersion due to other accident to unspecified watercraft initial encounter 
V90.89xA,Drowning and submersion due to other accident to unspecified watercraft initial encounter 
V90.89xA,Drowning and submersion due to other accident to unspecified watercraft initial encounter 
V90.89xA,Drowning and submersion due to other accident to unspecified watercraft initial encounter 
V90.89xA,Drowning and submersion due to other accident to unspecified watercraft initial encounter 
V90.89xA,Drowning and submersion due to other accident to unspecified watercraft initial encounter 
V90.89xA,Drowning and submersion due to other accident to unspecified watercraft initial encounter 
V91.89xA,Other injury due to other accident to unspecified watercraft initial encounter 
V91.89xA,Other injury due to other accident to unspecified watercraft initial encounter 
V91.89xA,Other injury due to other accident to unspecified watercraft initial encounter 
V91.89xA,Other injury due to other accident to unspecified watercraft initial encounter 
V91.89xA,Other injury due to other accident to unspecified watercraft initial encounter 
V91.89xA,Other injury due to other accident to unspecified watercraft initial encounter 
V91.89xA,Other injury due to other accident to unspecified watercraft initial encounter 
V91.89xA,Other injury due to other accident to unspecified watercraft initial encounter 
V91.89xA,Other injury due to other accident to unspecified watercraft initial encounter 
V91.89xA,Other injury due to other accident to unspecified watercraft initial encounter 
V92.09xA,Drowning and submersion due to fall off unspecified watercraft initial encounter 
V92.09xA,Drowning and submersion due to fall off unspecified watercraft initial encounter 
V92.09xA,Drowning and submersion due to fall off unspecified watercraft initial encounter 
V92.09xA,Drowning and submersion due to fall off unspecified watercraft initial encounter 
V92.09xA,Drowning and submersion due to fall off unspecified watercraft initial encounter 
V92.09xA,Drowning and submersion due to fall off unspecified watercraft initial encounter 
V92.09xA,Drowning and submersion due to fall off unspecified watercraft initial encounter 
V92.09xA,Drowning and submersion due to fall off unspecified watercraft initial encounter 
V92.09xA,Drowning and submersion due to fall off unspecified watercraft initial encounter 
V92.09xA,Drowning and submersion due to fall off unspecified watercraft initial encounter 
V93.38xA,Fall on board other unpowered watercraft initial encounter 
V93.33xA,Fall on board other powered watercraft initial encounter 
V93.39xA,Fall on board unspecified watercraft initial encounter 
V93.39xA,Fall on board unspecified watercraft initial encounter 
V93.39xA,Fall on board unspecified watercraft initial encounter 
V93.39xA,Fall on board unspecified watercraft initial encounter 
V93.39xA,Fall on board unspecified watercraft initial encounter 
V93.39xA,Fall on board unspecified watercraft initial encounter 
V93.39xA,Fall on board unspecified watercraft initial encounter 
V93.39xA,Fall on board unspecified watercraft initial encounter 
V93.38xA,Fall on board other unpowered watercraft initial encounter 
V93.33xA,Fall on board other powered watercraft initial encounter 
V93.39xA,Fall on board unspecified watercraft initial encounter 
V93.39xA,Fall on board unspecified watercraft initial encounter 
V93.39xA,Fall on board unspecified watercraft initial encounter 
V93.39xA,Fall on board unspecified watercraft initial encounter 
V93.39xA,Fall on board unspecified watercraft initial encounter 
V93.39xA,Fall on board unspecified watercraft initial encounter 
V93.39xA,Fall on board unspecified watercraft initial encounter 
V93.39xA,Fall on board unspecified watercraft initial encounter 
V93.38xA,Fall on board other unpowered watercraft initial encounter 
V93.33xA,Fall on board other powered watercraft initial encounter 
V93.39xA,Fall on board unspecified watercraft initial encounter 
V93.39xA,Fall on board unspecified watercraft initial encounter 
V93.39xA,Fall on board unspecified watercraft initial encounter 
V93.39xA,Fall on board unspecified watercraft initial encounter 
V93.39xA,Fall on board unspecified watercraft initial encounter 
V93.39xA,Fall on board unspecified watercraft initial encounter 
V93.39xA,Fall on board unspecified watercraft initial encounter 
V93.39xA,Fall on board unspecified watercraft initial encounter 
V93.64xA,Machinery accident on board sailboat initial encounter 
V93.63xA,Machinery accident on board other powered watercraft initial encounter 
V93.69xA,Machinery accident on board unspecified watercraft initial encounter 
V93.69xA,Machinery accident on board unspecified watercraft initial encounter 
V93.69xA,Machinery accident on board unspecified watercraft initial encounter 
V93.69xA,Machinery accident on board unspecified watercraft initial encounter 
V93.69xA,Machinery accident on board unspecified watercraft initial encounter 
V93.69xA,Machinery accident on board unspecified watercraft initial encounter 
V93.69xA,Machinery accident on board unspecified watercraft initial encounter 
V93.69xA,Machinery accident on board unspecified watercraft initial encounter 
V93.14xA,Other burn on board sailboat initial encounter 
V93.53xA,Explosion on board other powered watercraft initial encounter 
V93.09xA,Burn due to localized fire on board unspecified watercraft initial encounter 
V93.09xA,Burn due to localized fire on board unspecified watercraft initial encounter 
V93.09xA,Burn due to localized fire on board unspecified watercraft initial encounter 
V93.09xA,Burn due to localized fire on board unspecified watercraft initial encounter 
V93.09xA,Burn due to localized fire on board unspecified watercraft initial encounter 
V93.19xA,Other burn on board unspecified watercraft initial encounter 
V93.09xA,Burn due to localized fire on board unspecified watercraft initial encounter 
V93.19xA,Other burn on board unspecified watercraft initial encounter 
V94.21xA,Rider of nonpowered watercraft struck by other nonpowered watercraft initial encounter 
V94.22xA,Rider of nonpowered watercraft struck by powered watercraft initial encounter 
V94.89xA,Other water transport accident initial encounter 
V94.89xA,Other water transport accident initial encounter 
V94.4xxA,Injury to barefoot water-skier initial encounter 
V94.11xA,Bather struck by powered watercraft initial encounter 
V94.89xA,Other water transport accident initial encounter 
V94.89xA,Other water transport accident initial encounter 
V94.89xA,Other water transport accident initial encounter 
V94.89xA,Other water transport accident initial encounter 
V95.42xA,Forced landing of spacecraft injuring occupant initial encounter 
V97.818A,Other air transport accident involving military aircraft initial encounter 
V95.32xA,Forced landing of commercial fixed-wing aircraft injuring occupant initial encounter 
V95.31xA,Commercial fixed-wing aircraft crash injuring occupant initial encounter 
V95.31xA,Commercial fixed-wing aircraft crash injuring occupant initial encounter 
V95.29xA,Other accident to other private fixed-wing aircraft injuring occupant initial encounter 
V95.19xA,Other ultralight microlight or powered-glider accident injuring occupant initial encounter 
V97.22xA,Parachutist injured on landing initial encounter 
V97.39xA,Other injury to person on ground due to air transport accident initial encounter 
V97.39xA,Other injury to person on ground due to air transport accident initial encounter 
V95.43xA,Spacecraft collision injuring occupant initial encounter 
V97.818A,Other air transport accident involving military aircraft initial encounter 
V95.33xA,Commercial fixed-wing aircraft collision injuring occupant initial encounter 
V95.8xxA,Other powered aircraft accidents injuring occupant initial encounter 
V95.33xA,Commercial fixed-wing aircraft collision injuring occupant initial encounter 
V95.23xA,Other private fixed-wing aircraft collision injuring occupant initial encounter 
V95.13xA,Ultralight microlight or powered-glider collision injuring occupant initial encounter 
V97.29xA,Other parachutist accident initial encounter 
V97.39xA,Other injury to person on ground due to air transport accident initial encounter 
V97.39xA,Other injury to person on ground due to air transport accident initial encounter 
V96.9xxA,Unspecified nonpowered-aircraft accident injuring occupant initial encounter 
V97.29xA,Other parachutist accident initial encounter 
V97.39xA,Other injury to person on ground due to air transport accident initial encounter 
V97.39xA,Other injury to person on ground due to air transport accident initial encounter 
V97.0xxA,Occupant of aircraft injured in other specified air transport accidents initial encounter 
V97.818A,Other air transport accident involving military aircraft initial encounter 
V97.0xxA,Occupant of aircraft injured in other specified air transport accidents initial encounter 
V97.0xxA,Occupant of aircraft injured in other specified air transport accidents initial encounter 
V97.0xxA,Occupant of aircraft injured in other specified air transport accidents initial encounter 
V97.0xxA,Occupant of aircraft injured in other specified air transport accidents initial encounter 
V97.0xxA,Occupant of aircraft injured in other specified air transport accidents initial encounter 
V97.29xA,Other parachutist accident initial encounter 
V97.39xA,Other injury to person on ground due to air transport accident initial encounter 
V97.1xxA,Person injured while boarding or alighting from aircraft initial encounter 
V97.0xxA,Occupant of aircraft injured in other specified air transport accidents initial encounter 
V97.0xxA,Occupant of aircraft injured in other specified air transport accidents initial encounter 
V97.0xxA,Occupant of aircraft injured in other specified air transport accidents initial encounter 
V97.0xxA,Occupant of aircraft injured in other specified air transport accidents initial encounter 
V97.0xxA,Occupant of aircraft injured in other specified air transport accidents initial encounter 
V97.0xxA,Occupant of aircraft injured in other specified air transport accidents initial encounter 
V97.0xxA,Occupant of aircraft injured in other specified air transport accidents initial encounter 
V97.29xA,Other parachutist accident initial encounter 
V97.39xA,Other injury to person on ground due to air transport accident initial encounter 
V97.89xA,Other air transport accidents not elsewhere classified initial encounter 
V95.40xA,Unspecified spacecraft accident injuring occupant initial encounter 
V97.39xA,Other injury to person on ground due to air transport accident initial encounter 
V95.49xA,Other spacecraft accident injuring occupant initial encounter 
V83.9xxA,Unspecified occupant of special industrial vehicle injured in nontraffic accident initial encounter 
V98.0xxA,Accident to on or involving cable-car not on rails initial encounter 
V98.8xxA,Other specified transport accidents initial encounter 
Y92.099,Unspecified place in other non-institutional residence as the place of occurrence of the external cause 
Y92.79,Other farm location as the place of occurrence of the external cause 
Y92.64,Mine or pit as the place of occurrence of the external cause 
Y92.69,Other specified industrial and construction area as the place of occurrence of the external cause 
Y92.838,Other recreation area as the place of occurrence of the external cause 
Y92.410,Unspecified street and highway as the place of occurrence of the external cause 
Y92.29,Other specified public building as the place of occurrence of the external cause 
Y92.199,Unspecified place in other specified residential institution as the place of occurrence of the external cause 
Y92.89,Other specified places as the place of occurrence of the external cause 
Y92.9,Unspecified place or not applicable 
, 
, 
, 
, 
, 
, 
, 
, 
, 
, 
, 
, 
, 
, 
, 
, 
, 
, 
, 
, 
, 
, 
, 
, 
, 
, 
, 
, 
, 
, 
, 
, 
, 
, 
, 
, 
, 
, 
, 
, 
, 
, 
, 
, 
, 
, 
, 
, 
, 
, 
, 
, 
, 
, 
, 
, 
, 
, 
, 
, 
, 
, 
, 
, 
, 
, 
, 
, 
, 
, 
, 
, 
, 
, 
, 
, 
, 
, 
, 
, 
, 
, 
, 
, 
, 
, 
, 
, 
, 
, 
, 
, 
, 
, 
, 
, 
, 
, 
, 
, 
, 
, 
, 
, 
, 
, 
, 
, 
, 
, 
, 
, 
, 
, 
, 
, 
, 
, 
, 
, 
, 
, 
, 
, 
, 
, 
, 
, 
, 
, 
, 
, 
, 
, 
, 
, 
, 
, 
Y62.0,Failure of sterile precautions during surgical operation 
Y62.1,Failure of sterile precautions during infusion or transfusion 
Y62.2,Failure of sterile precautions during kidney dialysis and other perfusion 
Y62.3,Failure of sterile precautions during injection or immunization 
Y62.4,Failure of sterile precautions during endoscopic examination 
Y62.6,Failure of sterile precautions during aspiration puncture and other catheterization 
Y62.5,Failure of sterile precautions during heart catheterization 
Y62.8,Failure of sterile precautions during other surgical and medical care 
Y62.9,Failure of sterile precautions during unspecified surgical and medical care 
Y63.0,Excessive amount of blood or other fluid given during transfusion or infusion 
Y63.1,Incorrect dilution of fluid used during infusion 
Y63.2,Overdose of radiation given during therapy 
Y63.3,Inadvertent exposure of patient to radiation during medical care 
Y63.4,Failure in dosage in electroshock or insulin-shock therapy 
Y63.5,Inappropriate temperature in local application and packing 
Y63.6,Underdosing and nonadministration of necessary drug medicament or biological substance 
Y63.6,Underdosing and nonadministration of necessary drug medicament or biological substance 
Y63.9,Failure in dosage during unspecified surgical and medical care 
, 
, 
, 
, 
, 
, 
, 
, 
Y64.0,Contaminated medical or biological substance transfused or infused 
Y64.1,Contaminated medical or biological substance injected or used for immunization 
Y64.8,Contaminated medical or biological substance administered by other means 
Y64.8,Contaminated medical or biological substance administered by other means 
Y64.9,Contaminated medical or biological substance administered by unspecified means 
Y65.0,Mismatched blood in transfusion 
Y65.1,Wrong fluid used in infusion 
Y65.2,Failure in suture or ligature during surgical operation 
Y65.3,Endotracheal tube wrongly placed during anesthetic procedure 
Y65.4,Failure to introduce or to remove other tube or instrument 
Y65.51,Performance of wrong procedure (operation) on correct patient 
Y65.52,Performance of procedure (operation) on patient not scheduled for surgery 
Y65.53,Performance of correct procedure (operation) on wrong side or body part 
Y65.8,Other specified misadventures during surgical and medical care 
Y69,Unspecified misadventure during surgical and medical care 
Y83.0,Surgical operation with transplant of whole organ as the cause of abnormal reaction of the patient or of later complication without mention of misadventure at the time of the procedure 
Y83.1,Surgical operation with implant of artificial internal device as the cause of abnormal reaction of the patient or of later complication without mention of misadventure at the time of the procedure 
Y83.2,Surgical operation with anastomosis bypass or graft as the cause of abnormal reaction of the patient or of later complication without mention of misadventure at the time of the procedure 
Y83.3,Surgical operation with formation of external stoma as the cause of abnormal reaction of the patient or of later complication without mention of misadventure at the time of the procedure 
Y83.4,Other reconstructive surgery as the cause of abnormal reaction of the patient or of later complication without mention of misadventure at the time of the procedure 
Y83.5,Amputation of limb(s) as the cause of abnormal reaction of the patient or of later complication without mention of misadventure at the time of the procedure 
Y83.6,Removal of other organ (partial) (total) as the cause of abnormal reaction of the patient or of later complication without mention of misadventure at the time of the procedure 
Y83.8,Other surgical procedures as the cause of abnormal reaction of the patient or of later complication without mention of misadventure at the time of the procedure 
Y83.9,Surgical procedure unspecified as the cause of abnormal reaction of the patient or of later complication without mention of misadventure at the time of the procedure 
Y84.0,Cardiac catheterization as the cause of abnormal reaction of the patient or of later complication without mention of misadventure at the time of the procedure 
Y84.1,Kidney dialysis as the cause of abnormal reaction of the patient or of later complication without mention of misadventure at the time of the procedure 
Y84.2,Radiological procedure and radiotherapy as the cause of abnormal reaction of the patient or of later complication without mention of misadventure at the time of the procedure 
Y84.3,Shock therapy as the cause of abnormal reaction of the patient or of later complication without mention of misadventure at the time of the procedure 
Y84.4,Aspiration of fluid as the cause of abnormal reaction of the patient or of later complication without mention of misadventure at the time of the procedure 
Y84.5,Insertion of gastric or duodenal sound as the cause of abnormal reaction of the patient or of later complication without mention of misadventure at the time of the procedure 
Y84.6,Urinary catheterization as the cause of abnormal reaction of the patient or of later complication without mention of misadventure at the time of the procedure 
Y84.7,Blood-sampling as the cause of abnormal reaction of the patient or of later complication without mention of misadventure at the time of the procedure 
Y84.8,Other medical procedures as the cause of abnormal reaction of the patient or of later complication without mention of misadventure at the time of the procedure 
Y84.8,Other medical procedures as the cause of abnormal reaction of the patient or of later complication without mention of misadventure at the time of the procedure 
W10.0xxA,Fall (on)(from) escalator initial encounter 
W10.1xxA,Fall (on)(from) sidewalk curb initial encounter 
W10.8xxA,Fall (on) (from) other stairs and steps initial encounter 
W11.xxxA,Fall on and from ladder initial encounter 
W12.xxxA,Fall on and from scaffolding initial encounter 
W13.9xxA,Fall from out of or through building not otherwise specified initial encounter 
W16.92xA,Jumping or diving into unspecified water causing other injury initial encounter 
W17.0xxA,Fall into well initial encounter 
W17.1xxA,Fall into storm drain or manhole initial encounter 
W17.2xxA,Fall into hole initial encounter 
W09.8xxA,Fall on or from other playground equipment initial encounter 
W15.xxxA,Fall from cliff initial encounter 
W07.xxxA,Fall from chair initial encounter 
W05.0xxA,Fall from non-moving wheelchair initial encounter 
W06.xxxA,Fall from bed initial encounter 
W08.xxxA,Fall from other furniture initial encounter 
W18.11xA,Fall from or off toilet without subsequent striking against object initial encounter 
W17.89xA,Other fall from one level to another initial encounter 
V00.141A,Fall from scooter (nonmotorized) initial encounter 
V00.111A,Fall from in-line roller-skates initial encounter 
V00.131A,Fall from skateboard initial encounter 
V00.321A,Fall from snow-skis initial encounter 
V00.312A,Snowboarder colliding with stationary object initial encounter 
W18.49xA,Other slipping tripping and stumbling without falling initial encounter 
W03.xxxA,Other fall on same level due to collision with another person initial encounter 
V00.388A,Other accident on other flat-bottomed pedestrian conveyance initial encounter 
W19.xxxA,Unspecified fall initial encounter 
W01.110A,Fall on same level from slipping tripping and stumbling with subsequent striking against sharp glass initial encounter 
W01.198A,Fall on same level from slipping tripping and stumbling with subsequent striking against other object initial encounter 
W18.30xA,Fall on same level unspecified initial encounter 
W19.xxxA,Unspecified fall initial encounter 
X00.8xxA,Other exposure to uncontrolled fire in building or structure initial encounter 
X08.8xxA,Exposure to other specified smoke fire and flames initial encounter 
X00.1xxA,Exposure to smoke in uncontrolled fire in building or structure initial encounter 
X00.0xxA,Exposure to flames in uncontrolled fire in building or structure initial encounter 
X00.2xxA,Injury due to collapse of burning building or structure in uncontrolled fire initial encounter 
X00.8xxA,Other exposure to uncontrolled fire in building or structure initial encounter 
X00.8xxA,Other exposure to uncontrolled fire in building or structure initial encounter 
X08.8xxA,Exposure to other specified smoke fire and flames initial encounter 
X00.1xxA,Exposure to smoke in uncontrolled fire in building or structure initial encounter 
X00.0xxA,Exposure to flames in uncontrolled fire in building or structure initial encounter 
X00.8xxA,Other exposure to uncontrolled fire in building or structure initial encounter 
X00.8xxA,Other exposure to uncontrolled fire in building or structure initial encounter 
X01.8xxA,Other exposure to uncontrolled fire not in building or structure initial encounter 
X05.xxxA,Exposure to ignition or melting of nightwear initial encounter 
X02.0xxA,Exposure to flames in controlled fire in building or structure initial encounter 
X03.0xxA,Exposure to flames in controlled fire not in building or structure initial encounter 
X06.2xxA,Exposure to ignition of other clothing and apparel initial encounter 
X08.8xxA,Exposure to other specified smoke fire and flames initial encounter 
X04.xxxA,Exposure to ignition of highly flammable material initial encounter 
X02.8xxA,Other exposure to controlled fire in building or structure initial encounter 
X02.8xxA,Other exposure to controlled fire in building or structure initial encounter 
X03.8xxA,Other exposure to controlled fire not in building or structure initial encounter 
X08.09xA,Exposure to bed fire due to other burning material initial encounter 
X08.19xA,Exposure to sofa fire due to other burning material initial encounter 
X08.8xxA,Exposure to other specified smoke fire and flames initial encounter 
X30.xxxA,Exposure to excessive natural heat initial encounter 
W92.xxxA,Exposure to excessive heat of man-made origin initial encounter 
X30.xxxA,Exposure to excessive natural heat initial encounter 
X31.xxxA,Exposure to excessive natural cold initial encounter 
W93.01xA,Contact with dry ice initial encounter 
W93.8xxA,Exposure to other excessive cold of man-made origin initial encounter 
X31.xxxA,Exposure to excessive natural cold initial encounter 
W94.11xA,Exposure to residence or prolonged visit at high altitude initial encounter 
W94.31xA,Exposure to sudden change in air pressure in aircraft during descent initial encounter 
W94.21xA,Exposure to reduction in atmospheric pressure while surfacing from deep-water diving initial encounter 
W94.22xA,Exposure to reduction in atmospheric pressure while surfacing from underground initial encounter 
W99.xxxA,Exposure to other man-made environmental factors initial encounter 
, 
, 
, 
, 
, 
, 
, 
, 
, 
, 
, 
, 
, 
, 
, 
, 
W54.0xxA,Bitten by dog initial encounter 
W53.11xA,Bitten by rat initial encounter 
W59.01xA,Bitten by nonvenomous lizards initial encounter 
W55.01xA,Bitten by cat initial encounter 
W57.xxxA,Bitten or stung by nonvenomous insect and other nonvenomous arthropods initial encounter 
W55.81xA,Bitten by other mammals initial encounter 
W55.89xA,Other contact with other mammals initial encounter 
W64.xxxA,Exposure to other animate mechanical forces initial encounter 
X39.8xxA,Other exposure to forces of nature initial encounter 
X37.0xxA,Hurricane initial encounter 
X37.1xxA,Tornado initial encounter 
X38.xxxA,Flood initial encounter 
X37.2xxA,Blizzard (snow)(ice) initial encounter 
X37.3xxA,Dust storm initial encounter 
X37.8xxA,Other cataclysmic storms initial encounter 
X37.9xxA,Unspecified cataclysmic storm initial encounter 
X34.xxxA,Earthquake initial encounter 
X35.xxxA,Volcanic eruption initial encounter 
X36.1xxA,Avalanche landslide or mudslide initial encounter 
X36.0xxA,Collapse of dam or man-made structure causing earth movement initial encounter 
X37.41xA,Tidal wave due to earthquake or volcanic eruption initial encounter 
X39.8xxA,Other exposure to forces of nature initial encounter 
X39.8xxA,Other exposure to forces of nature initial encounter 
W69.xxxA,Accidental drowning and submersion while in natural water initial encounter 
W69.xxxA,Accidental drowning and submersion while in natural water initial encounter 
W69.xxxA,Accidental drowning and submersion while in natural water initial encounter 
W69.xxxA,Accidental drowning and submersion while in natural water initial encounter 
W65.xxxA,Accidental drowning and submersion while in bath-tub initial encounter 
W67.xxxA,Accidental drowning and submersion while in swimming-pool initial encounter 
W74.xxxA,Unspecified cause of accidental drowning and submersion initial encounter 
, 
, 
, 
, 
, 
, 
, 
, 
, 
, 
W20.8xxA,Other cause of strike by thrown projected or falling object initial encounter 
W21.89xA,Striking against or struck by other sports equipment initial encounter 
W52.xxxA,Crushed pushed or stepped on by crowd or human stampede initial encounter 
W20.8xxA,Other cause of strike by thrown projected or falling object initial encounter 
W22.03xA,Walked into furniture initial encounter 
W22.09xA,Striking against other stationary object initial encounter 
W50.0xxA,Accidental hit or strike by another person initial encounter 
W52.xxxA,Crushed pushed or stepped on by crowd or human stampede initial encounter 
W18.09xA,Striking against other object with subsequent fall initial encounter 
W18.09xA,Striking against other object with subsequent fall initial encounter 
W51.xxxA,Accidental striking against or bumped into by another person initial encounter 
W23.0xxA,Caught crushed jammed or pinched between moving objects initial encounter 
W30.9xxA,Contact with unspecified agricultural machinery initial encounter 
W31.0xxA,Contact with mining and earth-drilling machinery initial encounter 
W24.0xxA,Contact with lifting devices not elsewhere classified initial encounter 
W31.1xxA,Contact with metalworking machines initial encounter 
W31.2xxA,Contact with powered woodworking and forming machines initial encounter 
W31.3xxA,Contact with prime movers initial encounter 
W24.1xxA,Contact with transmission devices not elsewhere classified initial encounter 
W31.83xA,Contact with special construction vehicle in stationary use initial encounter 
W31.89xA,Contact with other specified machinery initial encounter 
W31.9xxA,Contact with unspecified machinery initial encounter 
W28.xxxA,Contact with powered lawn mower initial encounter 
W29.8xxA,Contact with other powered powered hand tools and household machinery initial encounter 
W29.2xxA,Contact with other powered household machinery initial encounter 
W26.0xxA,Contact with knife initial encounter 
W27.8xxA,Contact with other nonpowered hand tool initial encounter 
W46.0xxA,Contact with hypodermic needle initial encounter 
W45.8xxA,Other foreign body or object entering through skin initial encounter 
W45.8xxA,Other foreign body or object entering through skin initial encounter 
W35.xxxA,Explosion and rupture of boiler initial encounter 
W36.8xxA,Explosion and rupture of other gas cylinder initial encounter 
W38.xxxA,Explosion and rupture of other specified pressurized devices initial encounter 
W38.xxxA,Explosion and rupture of other specified pressurized devices initial encounter 
W32.0xxA,Accidental handgun discharge initial encounter 
W33.01xA,Accidental discharge of shotgun initial encounter 
W33.02xA,Accidental discharge of hunting rifle initial encounter 
W33.03xA,Accidental discharge of machine gun initial encounter 
W34.010A,Accidental discharge of airgun initial encounter 
W34.011A,Accidental discharge of paintball gun initial encounter 
W34.018A,Accidental discharge of other gas air or spring-operated gun initial encounter 
W34.00xA,Accidental discharge from unspecified firearms or gun initial encounter 
W39.xxxA,Discharge of firework initial encounter 
W40.0xxA,Explosion of blasting material initial encounter 
W40.1xxA,Explosion of explosive gases initial encounter 
W40.8xxA,Explosion of other specified explosive materials initial encounter 
W40.9xxA,Explosion of unspecified explosive materials initial encounter 
X12.xxxA,Contact with other hot fluids initial encounter 
, 
X11.8xxA,Contact with other hot tap-water initial encounter 
X19.xxxA,Contact with other heat and hot substances initial encounter 
X19.xxxA,Contact with other heat and hot substances initial encounter 
W86.0xxA,Exposure to domestic wiring and appliances initial encounter 
W85.xxxA,Exposure to electric transmission lines initial encounter 
W86.1xxA,Exposure to industrial wiring appliances and electrical machinery initial encounter 
W86.8xxA,Exposure to other electric current initial encounter 
W86.8xxA,Exposure to other electric current initial encounter 
W90.0xxA,Exposure to radiofrequency initial encounter 
W90.1xxA,Exposure to infrared radiation initial encounter 
W89.8xxA,Exposure to other man-made visible and ultraviolet light initial encounter 
W88.0xxA,Exposure to X-rays initial encounter 
W90.2xxA,Exposure to laser radiation initial encounter 
W88.1xxA,Exposure to radioactive isotopes initial encounter 
W88.1xxA,Exposure to radioactive isotopes initial encounter 
W90.8xxA,Exposure to other nonionizing radiation initial encounter 
, 
, 
, 
, 
, 
, 
, 
X52.xxxA,Prolonged stay in weightless environment initial encounter 
W42.9xxA,Exposure to other noise initial encounter 
X58.xxxA,Exposure to other specified factors initial encounter 
W50.3xxA,Accidental bite by another person initial encounter 
W49.01xA,Hair causing external constriction initial encounter 
W49.09xA,Other specified item causing external constriction initial encounter 
, 
X58.xxxA,Exposure to other specified factors initial encounter 
X58.xxxA,Exposure to other specified factors initial encounter 
X58.xxxA,Exposure to other specified factors initial encounter 
V87.0xxS,Person injured in collision between car and two- or three-wheeled powered vehicle (traffic) sequela 
V99.xxxS,Unspecified transport accident sequela 
, 
W18.30xS,Fall on same level unspecified sequela 
, 
W92.xxxS,Exposure to excessive heat of man-made origin sequela 
Y33.xxxS,Other specified events undetermined intent sequela 
X58.xxxS,Exposure to other specified factors sequela 
, 
, 
, 
, 
, 
, 
, 
, 
, 
, 
, 
, 
, 
, 
, 
, 
, 
, 
, 
, 
, 
, 
, 
, 
, 
, 
, 
, 
, 
, 
, 
, 
, 
, 
, 
, 
, 
, 
, 
, 
, 
, 
, 
, 
, 
, 
, 
, 
, 
, 
, 
, 
, 
, 
, 
, 
, 
, 
, 
, 
, 
, 
, 
, 
, 
, 
, 
, 
, 
, 
, 
, 
, 
, 
, 
, 
, 
, 
, 
, 
, 
, 
, 
, 
, 
, 
, 
, 
, 
, 
, 
, 
, 
, 
, 
, 
, 
, 
, 
, 
, 
, 
, 
, 
, 
, 
, 
, 
, 
, 
, 
, 
, 
, 
, 
, 
, 
, 
, 
, 
, 
, 
, 
, 
, 
, 
, 
, 
, 
, 
, 
, 
, 
, 
, 
, 
, 
, 
, 
, 
, 
, 
, 
, 
, 
, 
, 
, 
, 
, 
, 
, 
, 
, 
, 
, 
, 
, 
, 
, 
, 
, 
, 
, 
, 
, 
, 
, 
, 
, 
, 
, 
, 
, 
, 
, 
, 
, 
, 
, 
, 
, 
, 
, 
, 
, 
, 
, 
, 
, 
, 
, 
, 
, 
X71.8xxA,Other intentional self-harm by drowning and submersion initial encounter 
X72.xxxA,Intentional self-harm by handgun discharge initial encounter 
X73.0xxA,Intentional self-harm by shotgun discharge initial encounter 
X73.1xxA,Intentional self-harm by hunting rifle discharge initial encounter 
X73.2xxA,Intentional self-harm by machine gun discharge initial encounter 
X73.9xxA,Intentional self-harm by unspecified larger firearm discharge initial encounter 
X75.xxxA,Intentional self-harm by explosive material initial encounter 
X74.01xA,Intentional self-harm by airgun initial encounter 
X74.02xA,Intentional self-harm by paintball gun initial encounter 
X74.9xxA,Intentional self-harm by unspecified firearm discharge initial encounter 
X78.9xxA,Intentional self-harm by unspecified sharp object initial encounter 
X80.xxxA,Intentional self-harm by jumping from a high place initial encounter 
Y92.009,Unspecified place in unspecified non-institutional (private) residence as the place of occurrence of the external cause 
X80.xxxA,Intentional self-harm by jumping from a high place initial encounter 
Y92.89,Other specified places as the place of occurrence of the external cause 
X80.xxxA,Intentional self-harm by jumping from a high place initial encounter 
Y92.828,Other wilderness area as the place of occurrence of the external cause 
X80.xxxA,Intentional self-harm by jumping from a high place initial encounter 
Y92.9,Unspecified place or not applicable 
X81.8xxA,Intentional self-harm by jumping or lying in front of other moving object initial encounter 
X76.xxxA,Intentional self-harm by smoke fire and flames initial encounter 
X77.2xxA,Intentional self-harm by other hot fluids initial encounter 
X83.2xxA,Intentional self-harm by exposure to extremes of cold initial encounter 
X83.1xxA,Intentional self-harm by electrocution initial encounter 
X82.8xxA,Other intentional self-harm by crashing of motor vehicle initial encounter 
X83.0xxA,Intentional self-harm by crashing of aircraft initial encounter 
X83.8xxA,Intentional self-harm by other specified means initial encounter 
X83.8xxA,Intentional self-harm by other specified means initial encounter 
X83.8xxA,Intentional self-harm by other specified means initial encounter 
X72.xxxS,Intentional self-harm by handgun discharge sequela 
Y04.0xxA,Assault by unarmed brawl or fight initial encounter 
Y04.8xxA,Assault by other bodily force initial encounter 
, 
, 
, 
, 
, 
, 
X92.9xxA,Assault by drowning and submersion unspecified initial encounter 
X93.xxxA,Assault by handgun discharge initial encounter 
X94.0xxA,Assault by shotgun initial encounter 
X94.1xxA,Assault by hunting rifle initial encounter 
X94.2xxA,Assault by machine gun initial encounter 
X95.9xxA,Assault by unspecified firearm discharge initial encounter 
X96.0xxA,Assault by antipersonnel bomb initial encounter 
X96.1xxA,Assault by gasoline bomb initial encounter 
X96.2xxA,Assault by letter bomb initial encounter 
X96.8xxA,Assault by other specified explosive initial encounter 
X96.9xxA,Assault by unspecified explosive initial encounter 
X99.9xxA,Assault by unspecified sharp object initial encounter 
Y07.11,Biological father perpetrator of maltreatment and neglect 
Y07.499,Other family member perpetrator of maltreatment and neglect 
Y07.12,Biological mother perpetrator of maltreatment and neglect 
Y07.01,Husband perpetrator of maltreatment and neglect 
Y07.50,Unspecified non-family member perpetrator of maltreatment and neglect 
Y07.410,Brother perpetrator of maltreatment and neglect 
Y07.499,Other family member perpetrator of maltreatment and neglect 
Y07.499,Other family member perpetrator of maltreatment and neglect 
Y07.59,Other non-family member perpetrator of maltreatment and neglect 
Y07.9,Unspecified perpetrator of maltreatment and neglect 
X97.xxxA,Assault by smoke fire and flames initial encounter 
Y01.xxxA,Assault by pushing from high place initial encounter 
Y00.xxxA,Assault by blunt object initial encounter 
X98.2xxA,Assault by hot fluids initial encounter 
Y07.50,Unspecified non-family member perpetrator of maltreatment and neglect 
Y03.0xxA,Assault by being hit or run over by motor vehicle initial encounter 
X95.01xA,Assault by airgun discharge initial encounter 
Y04.1xxA,Assault by human bite initial encounter 
Y08.89xA,Assault by other specified means initial encounter 
Y09,Assault by unspecified means 
X92.9xxS,Assault by drowning and submersion unspecified sequela 
Y35.003A,Legal intervention involving unspecified firearm discharge suspect injured initial encounter 
Y35.103A,Legal intervention involving unspecified explosives suspect injured initial encounter 
Y35.203A,Legal intervention involving unspecified gas suspect injured initial encounter 
Y35.303A,Legal intervention involving unspecified blunt objects suspect injured initial encounter 
Y35.403A,Legal intervention involving unspecified sharp objects suspect injured initial encounter 
Y35.893A,Legal intervention involving other specified means suspect injured initial encounter 
Y35.93xA,Legal intervention means unspecified suspect injured initial encounter 
Y35.93xS,Legal intervention means unspecified suspect injured sequela 
, 
Y38.0X2A,Terrorism involving explosion of marine weapons civilian injured initial encounter 
Y38.1X2A,Terrorism involving destruction of aircraft civilian injured initial encounter 
Y38.2X2A,Terrorism involving other explosions and fragments civilian injured initial encounter 
Y38.3X2A,Terrorism involving fires conflagration and hot substances civilian injured initial encounter 
Y38.4X2A,Terrorism involving firearms civilian injured initial encounter 
Y38.5X2A,Terrorism involving nuclear weapons civilian injured initial encounter 
Y38.6X2A,Terrorism involving biological weapons civilian injured initial encounter 
Y38.7X2A,Terrorism involving chemical weapons civilian injured initial encounter 
Y38.892A,Terrorism involving other means civilian injured initial encounter 
Y38.9X2A,Terrorism secondary effects civilian injured initial encounter 
, 
, 
, 
, 
, 
, 
, 
, 
, 
, 
, 
, 
, 
, 
, 
, 
, 
, 
, 
, 
, 
, 
Y22.xxxA,Handgun discharge undetermined intent initial encounter 
Y23.0xxA,Shotgun discharge undetermined intent initial encounter 
Y23.1xxA,Hunting rifle discharge undetermined intent initial encounter 
Y23.2xxA,Military firearm discharge undetermined intent initial encounter 
Y24.9xxA,Unspecified firearm discharge undetermined intent initial encounter 
Y25.xxxA,Contact with explosive material undetermined intent initial encounter 
Y24.0xxA,Airgun discharge undetermined intent initial encounter 
Y24.8xxA,Other firearm discharge undetermined intent initial encounter 
Y28.9xxA,Contact with unspecified sharp object undetermined intent initial encounter 
Y30.xxxA,Falling jumping or pushed from a high place undetermined intent initial encounter 
Y30.xxxA,Falling jumping or pushed from a high place undetermined intent initial encounter 
Y30.xxxA,Falling jumping or pushed from a high place undetermined intent initial encounter 
Y30.xxxA,Falling jumping or pushed from a high place undetermined intent initial encounter 
Y31.xxxA,Falling lying or running before or into moving object undetermined intent initial encounter 
Y26.xxxA,Exposure to smoke fire and flames undetermined intent initial encounter 
Y27.2xxA,Contact with hot fluids undetermined intent initial encounter 
Y33.xxxA,Other specified events undetermined intent initial encounter 
Y33.xxxA,Other specified events undetermined intent initial encounter 
Y32.xxxA,Crashing of motor vehicle undetermined intent initial encounter 
Y33.xxxA,Other specified events undetermined intent initial encounter 
Y33.xxxA,Other specified events undetermined intent initial encounter 
Y33.xxxA,Other specified events undetermined intent initial encounter 
Y33.xxxA,Other specified events undetermined intent initial encounter 
, 
Y36.310A,War operations involving gasoline bomb military personnel initial encounter 
Y36.330A,War operations involving flamethrower military personnel initial encounter 
Y36.320A,War operations involving incendiary bullet military personnel initial encounter 
Y36.390A,War operations involving other fires conflagrations and hot substances military personnel initial encounter 
Y36.90xA,War operations unspecified initial encounter 
Y36.410A,War operations involving rubber bullets military personnel initial encounter 
Y36.420A,War operations involving firearms pellets military personnel initial encounter 
Y36.430A,War operations involving other firearms discharge military personnel initial encounter 
Y36.291A,War operations involving other explosions and fragments civilian initial encounter 
Y36.250A,War operations involving fragments from munitions military personnel initial encounter 
Y36.260A,War operations involving fragments of improvised explosive device [IED] military personnel initial encounter 
Y36.260A,War operations involving fragments of improvised explosive device [IED] military personnel initial encounter 
Y36.260A,War operations involving fragments of improvised explosive device [IED] military personnel initial encounter 
Y36.270A,War operations involving fragments from weapons military personnel initial encounter 
Y36.200A,War operations involving unspecified explosion and fragments military personnel initial encounter 
Y36.040A,War operations involving explosion of torpedo military personnel initial encounter 
Y36.010A,War operations involving explosion of depth-charge military personnel initial encounter 
Y36.020A,War operations involving explosion of marine mine military personnel initial encounter 
Y36.030A,War operations involving explosion of sea-based artillery shell military personnel initial encounter 
Y36.090A,War operations involving explosion of other marine weapons military personnel initial encounter 
Y36.050A,War operations involving accidental detonation of onboard marine weapons military personnel initial encounter 
Y36.210A,War operations involving explosion of aerial bomb military personnel initial encounter 
Y36.220A,War operations involving explosion of guided missile military personnel initial encounter 
Y36.290A,War operations involving other explosions and fragments military personnel initial encounter 
Y36.230A,War operations involving explosion of improvised explosive device [IED] military personnel initial encounter 
Y36.230A,War operations involving explosion of improvised explosive device [IED] military personnel initial encounter 
Y36.230A,War operations involving explosion of improvised explosive device [IED] military personnel initial encounter 
Y36.240A,War operations involving explosion due to accidental detonation and discharge of own munitions or munitions launch device military personnel initial encounter 
Y36.240A,War operations involving explosion due to accidental detonation and discharge of own munitions or munitions launch device military personnel initial encounter 
Y36.290A,War operations involving other explosions and fragments military personnel initial encounter 
Y36.200A,War operations involving unspecified explosion and fragments military personnel initial encounter 
Y36.110A,War operations involving destruction of aircraft due to enemy fire or explosives military personnel initial encounter 
Y36.141A,War operations involving destruction of aircraft due to accidental detonation of onboard munitions and explosives civilian initial encounter 
Y36.120A,War operations involving destruction of aircraft due to collision with other aircraft military personnel initial encounter 
Y36.130A,War operations involving destruction of aircraft due to onboard fire military personnel initial encounter 
Y36.191A,War operations involving other destruction of aircraft civilian initial encounter 
Y36.100A,War operations involving unspecified destruction of aircraft military personnel initial encounter 
Y36.440A,War operations involving unarmed hand to hand combat military personnel initial encounter 
Y36.450A,War operations involving combat using blunt or piercing object military personnel initial encounter 
Y36.450A,War operations involving combat using blunt or piercing object military personnel initial encounter 
Y36.460A,War operations involving intentional restriction of air and airway military personnel initial encounter 
Y36.470A,War operations involving unintentional restriction of air and airway military personnel initial encounter 
Y36.490A,War operations involving other forms of conventional warfare military personnel initial encounter 
Y36.490A,War operations involving other forms of conventional warfare military personnel initial encounter 
Y36.510A,War operations involving direct blast effect of nuclear weapon military personnel initial encounter 
Y36.520A,War operations involving indirect blast effect of nuclear weapon military personnel initial encounter 
Y36.530A,War operations involving thermal radiation effect of nuclear weapon military personnel initial encounter 
Y36.540A,War operation involving nuclear radiation effects of nuclear weapon military personnel initial encounter 
Y36.590A,War operation involving other effects of nuclear weapons military personnel initial encounter 
Y36.500A,War operations involving unspecified effect of nuclear weapon military personnel initial encounter 
Y36.7X0A,War operations involving chemical weapons and other forms of unconventional warfare military personnel initial encounter 
Y36.6X1A,War operations involving biological weapons civilian initial encounter 
Y36.7X0A,War operations involving chemical weapons and other forms of unconventional warfare military personnel initial encounter 
Y36.91xA,War operations involving unspecified weapon of mass destruction [WMD] initial encounter 
Y36.7X0A,War operations involving chemical weapons and other forms of unconventional warfare military personnel initial encounter 
Y36.7X1A,War operations involving chemical weapons and other forms of unconventional warfare civilian initial encounter 
Y36.810A,Explosion of mine placed during war operations but exploding after cessation of hostilities military personnel initial encounter 
Y36.820A,Explosion of bomb placed during war operations but exploding after cessation of hostilities military personnel initial encounter 
Y36.880A,Other war operations occurring after cessation of hostilities military personnel initial encounter 
Y36.890A,Unspecified war operations occurring after cessation of hostilities military personnel initial encounter 
Y36.010S,War operations involving explosion of depth-charge military personnel sequela 
Y38.0X2S,Terrorism involving explosion of marine weapons civilian injured sequela 
Z20.09,Contact with and (suspected) exposure to other intestinal infectious diseases 
Z20.1,Contact with and (suspected) exposure to tuberculosis 
Z20.89,Contact with and (suspected) exposure to other communicable diseases 
Z20.89,Contact with and (suspected) exposure to other communicable diseases 
Z20.4,Contact with and (suspected) exposure to rubella 
Z20.3,Contact with and (suspected) exposure to rabies 
Z20.2,Contact with and (suspected) exposure to infections with a predominantly sexual mode of transmission 
Z20.820,Contact with and (suspected) exposure to varicella 
Z20.6,Contact with and (suspected) exposure to human immunodeficiency virus [HIV] 
Z20.810,Contact with and (suspected) exposure to anthrax 
Z20.89,Contact with and (suspected) exposure to other communicable diseases 
Z20.01,Contact with and (suspected) exposure to intestinal infectious diseases due to Escherichia coli (E. coli) 
Z20.811,Contact with and (suspected) exposure to meningococcus 
Z20.89,Contact with and (suspected) exposure to other communicable diseases 
Z20.9,Contact with and (suspected) exposure to unspecified communicable disease 
Z22.1,Carrier of other intestinal infectious diseases 
Z22.0,Carrier of typhoid 
Z22.1,Carrier of other intestinal infectious diseases 
Z22.1,Carrier of other intestinal infectious diseases 
Z22.2,Carrier of diphtheria 
Z22.330,Carrier of Group B streptococcus 
Z22.338,Carrier of other streptococcus 
Z22.321,Carrier or suspected carrier of Methicillin susceptible Staphylococcus aureus 
Z22.322,Carrier or suspected carrier of Methicillin resistant Staphylococcus aureus 
Z22.31,Carrier of bacterial disease due to meningococci 
Z22.50,Carrier of unspecified viral hepatitis 
Z22.51,Carrier of viral hepatitis B 
Z22.52,Carrier of viral hepatitis C 
Z22.59,Carrier of other viral hepatitis 
Z22.4,Carrier of infections with a predominantly sexual mode of transmission 
Z22.4,Carrier of infections with a predominantly sexual mode of transmission 
Z22.8,Carrier of other infectious diseases 
Z23,Encounter for immunization 
Z23,Encounter for immunization 
Z23,Encounter for immunization 
Z23,Encounter for immunization 
Z23,Encounter for immunization 
Z23,Encounter for immunization 
Z23,Encounter for immunization 
Z23,Encounter for immunization 
Z23,Encounter for immunization 
Z23,Encounter for immunization 
Z23,Encounter for immunization 
Z23,Encounter for immunization 
Z23,Encounter for immunization 
Z23,Encounter for immunization 
Z23,Encounter for immunization 
Z23,Encounter for immunization 
Z23,Encounter for immunization 
Z23,Encounter for immunization 
Z23,Encounter for immunization 
Z23,Encounter for immunization 
Z23,Encounter for immunization 
Z23,Encounter for immunization 
Z23,Encounter for immunization 
Z23,Encounter for immunization 
Z23,Encounter for immunization 
Z23,Encounter for immunization 
Z23,Encounter for immunization 
Z23,Encounter for immunization 
Z23,Encounter for immunization 
Z23,Encounter for immunization 
Z23,Encounter for immunization 
Z23,Encounter for immunization 
Z23,Encounter for immunization 
Z23,Encounter for immunization 
Z23,Encounter for immunization 
Z23,Encounter for immunization 
Z23,Encounter for immunization 
Z23,Encounter for immunization 
Z23,Encounter for immunization 
Z51.89,Encounter for other specified aftercare 
Z51.89,Encounter for other specified aftercare 
Z41.8,Encounter for other procedures for purposes other than remedying health state 
Z41.8,Encounter for other procedures for purposes other than remedying health state 
Z41.8,Encounter for other procedures for purposes other than remedying health state 
Z79.890,Hormone replacement therapy (postmenopausal) 
Z79.810,Long term (current) use of selective estrogen receptor modulators (SERMs) 
Z79.811,Long term (current) use of aromatase inhibitors 
Z79.818,Long term (current) use of other agents affecting estrogen receptors and estrogen levels 
Z41.8,Encounter for other procedures for purposes other than remedying health state 
Z41.8,Encounter for other procedures for purposes other than remedying health state 
Z21,Asymptomatic human immunodeficiency virus [HIV] infection status 
Z16.11,Resistance to penicillins 
Z16.10,Resistance to unspecified beta lactam antibiotics 
Z16.29,Resistance to other single specified antibiotic 
Z16.29,Resistance to other single specified antibiotic 
Z16.29,Resistance to other single specified antibiotic 
Z16.23,Resistance to quinolones and fluoroquinolones 
Z16.23,Resistance to quinolones and fluoroquinolones 
Z16.29,Resistance to other single specified antibiotic 
Z16.341,Resistance to single antimycobacterial drug 
Z16.342,Resistance to multiple antimycobacterial drugs 
Z16.20,Resistance to unspecified antibiotic 
Z16.35,Resistance to multiple antimicrobial drugs 
Z16.30,Resistance to unspecified antimicrobial drugs 
Z16.24,Resistance to multiple antibiotics 
Z85.00,Personal history of malignant neoplasm of unspecified digestive organ 
Z85.810,Personal history of malignant neoplasm of tongue 
Z85.818,Personal history of malignant neoplasm of other sites of lip oral cavity and pharynx 
Z85.01,Personal history of malignant neoplasm of esophagus 
Z85.028,Personal history of other malignant neoplasm of stomach 
Z85.038,Personal history of other malignant neoplasm of large intestine 
Z85.048,Personal history of other malignant neoplasm of rectum rectosigmoid junction and anus 
Z85.05,Personal history of malignant neoplasm of liver 
Z85.068,Personal history of other malignant neoplasm of small intestine 
Z85.118,Personal history of other malignant neoplasm of bronchus and lung 
Z85.12,Personal history of malignant neoplasm of trachea 
Z85.20,Personal history of malignant neoplasm of unspecified respiratory organ 
Z85.21,Personal history of malignant neoplasm of larynx 
Z85.22,Personal history of malignant neoplasm of nasal cavities middle ear and accessory sinuses 
Z85.29,Personal history of malignant neoplasm of other respiratory and intrathoracic organs 
Z85.3,Personal history of malignant neoplasm of breast 
Z85.40,Personal history of malignant neoplasm of unspecified female genital organ 
Z85.41,Personal history of malignant neoplasm of cervix uteri 
Z85.42,Personal history of malignant neoplasm of other parts of uterus 
Z85.43,Personal history of malignant neoplasm of ovary 
Z85.44,Personal history of malignant neoplasm of other female genital organs 
Z85.45,Personal history of malignant neoplasm of unspecified male genital organ 
Z85.46,Personal history of malignant neoplasm of prostate 
Z85.47,Personal history of malignant neoplasm of testis 
Z85.48,Personal history of malignant neoplasm of epididymis 
Z85.49,Personal history of malignant neoplasm of other male genital organs 
Z85.50,Personal history of malignant neoplasm of unspecified urinary tract organ 
Z85.51,Personal history of malignant neoplasm of bladder 
Z85.528,Personal history of other malignant neoplasm of kidney 
Z85.53,Personal history of malignant neoplasm of renal pelvis 
Z85.54,Personal history of malignant neoplasm of ureter 
Z85.6,Personal history of leukemia 
Z85.6,Personal history of leukemia 
Z85.6,Personal history of leukemia 
Z85.6,Personal history of leukemia 
Z85.6,Personal history of leukemia 
Z85.831,Personal history of malignant neoplasm of soft tissue 
Z85.71,Personal history of Hodgkin lymphoma 
Z85.79,Personal history of other malignant neoplasms of lymphoid hematopoietic and related tissues 
Z85.830,Personal history of malignant neoplasm of bone 
Z85.820,Personal history of malignant melanoma of skin 
Z85.828,Personal history of other malignant neoplasm of skin 
Z85.840,Personal history of malignant neoplasm of eye 
Z85.841,Personal history of malignant neoplasm of brain 
Z85.848,Personal history of malignant neoplasm of other parts of nervous tissue 
Z85.850,Personal history of malignant neoplasm of thyroid 
Z85.858,Personal history of malignant neoplasm of other endocrine glands 
Z85.831,Personal history of malignant neoplasm of soft tissue 
Z85.9,Personal history of malignant neoplasm unspecified 
Z85.020,Personal history of malignant carcinoid tumor of stomach 
Z65.8,Other specified problems related to psychosocial circumstances 
Z65.8,Other specified problems related to psychosocial circumstances 
Z65.8,Other specified problems related to psychosocial circumstances 
Z65.8,Other specified problems related to psychosocial circumstances 
Z86.51,Personal history of combat and operational stress reaction 
Z86.59,Personal history of other mental and behavioral disorders 
Z86.59,Personal history of other mental and behavioral disorders 
Z86.19,Personal history of other infectious and parasitic diseases 
Z86.11,Personal history of tuberculosis 
Z86.12,Personal history of poliomyelitis 
Z86.13,Personal history of malaria 
Z86.14,Personal history of Methicillin resistant Staphylococcus aureus infection 
Z86.19,Personal history of other infectious and parasitic diseases 
Z86.39,Personal history of other endocrine nutritional and metabolic disease 
Z86.32,Personal history of gestational diabetes 
Z86.2,Personal history of diseases of the blood and blood-forming organs and certain disorders involving the immune mechanism 
Z86.2,Personal history of diseases of the blood and blood-forming organs and certain disorders involving the immune mechanism 
Z86.69,Personal history of other diseases of the nervous system and sense organs 
Z86.011,Personal history of benign neoplasm of the brain 
Z86.61,Personal history of infections of the central nervous system 
Z86.69,Personal history of other diseases of the nervous system and sense organs 
Z86.79,Personal history of other diseases of the circulatory system 
Z86.718,Personal history of other venous thrombosis and embolism 
Z86.72,Personal history of thrombophlebitis 
Z86.74,Personal history of sudden cardiac arrest 
Z86.73,Personal history of transient ischemic attack (TIA) and cerebral infarction without residual deficits 
Z86.711,Personal history of pulmonary embolism 
Z86.79,Personal history of other diseases of the circulatory system 
Z87.09,Personal history of other diseases of the respiratory system 
Z87.01,Personal history of pneumonia (recurrent) 
Z87.09,Personal history of other diseases of the respiratory system 
Z87.19,Personal history of other diseases of the digestive system 
Z87.11,Personal history of peptic ulcer disease 
Z86.010,Personal history of colonic polyps 
Z87.19,Personal history of other diseases of the digestive system 
Z87.448,Personal history of other diseases of urinary system 
Z87.442,Personal history of urinary calculi 
Z87.440,Personal history of urinary (tract) infections 
Z87.441,Personal history of nephrotic syndrome 
Z87.448,Personal history of other diseases of urinary system 
Z87.59,Personal history of other complications of pregnancy childbirth and the puerperium 
Z87.51,Personal history of pre-term labor 
Z87.410,Personal history of cervical dysplasia 
Z87.411,Personal history of vaginal dysplasia 
Z87.412,Personal history of vulvar dysplasia 
Z87.42,Personal history of other diseases of the female genital tract 
Z87.2,Personal history of diseases of the skin and subcutaneous tissue 
Z87.39,Personal history of other diseases of the musculoskeletal system and connective tissue 
Z87.311,Personal history of (healed) other pathological fracture 
Z87.312,Personal history of (healed) stress fracture 
Z87.39,Personal history of other diseases of the musculoskeletal system and connective tissue 
Z87.710,Personal history of (corrected) hypospadias 
Z87.718,Personal history of other specified (corrected) congenital malformations of genitourinary system 
Z87.728,Personal history of other specified (corrected) congenital malformations of nervous system and sense organs 
Z87.790,Personal history of (corrected) congenital malformations of face and neck 
Z87.74,Personal history of (corrected) congenital malformations of heart and circulatory system 
Z87.75,Personal history of (corrected) congenital malformations of respiratory system 
Z87.738,Personal history of other specified (corrected) congenital malformations of digestive system 
Z87.76,Personal history of (corrected) congenital malformations of integument limbs and musculoskeletal system 
Z87.798,Personal history of other (corrected) congenital malformations 
Z87.898,Personal history of other specified conditions 
Z87.892,Personal history of anaphylaxis 
Z87.898,Personal history of other specified conditions 
Z87.898,Personal history of other specified conditions 
Z88.0,Allergy status to penicillin 
Z88.1,Allergy status to other antibiotic agents status 
Z88.2,Allergy status to sulfonamides status 
Z88.3,Allergy status to other anti-infective agents status 
Z88.4,Allergy status to anesthetic agent status 
Z88.5,Allergy status to narcotic agent status 
Z88.6,Allergy status to analgesic agent status 
Z88.7,Allergy status to serum and vaccine status 
Z88.8,Allergy status to other drugs medicaments and biological substances status 
Z88.9,Allergy status to unspecified drugs medicaments and biological substances status 
Z91.010,Allergy to peanuts 
Z91.011,Allergy to milk products 
Z91.012,Allergy to eggs 
Z91.013,Allergy to seafood 
Z91.018,Allergy to other foods 
Z91.038,Other insect allergy status 
Z91.040,Latex allergy status 
Z91.041,Radiographic dye allergy status 
Z91.048,Other nonmedicinal substance allergy status 
Z98.89,Other specified postprocedural states 
Z98.870,Personal history of in utero procedure during pregnancy 
Z98.871,Personal history of in utero procedure while a fetus 
Z98.89,Other specified postprocedural states 
Z92.3,Personal history of irradiation 
Z91.410,Personal history of adult physical and sexual abuse 
Z91.411,Personal history of adult psychological abuse 
Z91.49,Other personal history of psychological trauma not elsewhere classified 
Z87.81,Personal history of (healed) traumatic fracture 
Z87.820,Personal history of traumatic brain injury 
Z87.821,Personal history of retained foreign body fully removed 
Z87.828,Personal history of other (healed) physical injury and trauma 
Z91.89,Other specified personal risk factors not elsewhere classified 
Z92.0,Personal history of contraception 
Z92.83,Personal history of failed moderate sedation 
Z91.19,Patient's noncompliance with other medical treatment and regimen 
Z87.891,Personal history of nicotine dependence 
Z28.3,Underimmunization status 
Z77.090,Contact with and (suspected) exposure to asbestos 
Z57.8,Occupational exposure to other risk factors 
Z77.011,Contact with and (suspected) exposure to lead 
Z92.81,Personal history of extracorporeal membrane oxygenation (ECMO) 
Z91.81,History of falling 
Z77.9,Other contact with and (suspected) exposures hazardous to health 
Z91.89,Other specified personal risk factors not elsewhere classified 
Z80.0,Family history of malignant neoplasm of digestive organs 
Z80.1,Family history of malignant neoplasm of trachea bronchus and lung 
Z80.2,Family history of malignant neoplasm of other respiratory and intrathoracic organs 
Z80.3,Family history of malignant neoplasm of breast 
Z80.49,Family history of malignant neoplasm of other genital organs 
Z80.41,Family history of malignant neoplasm of ovary 
Z80.42,Family history of malignant neoplasm of prostate 
Z80.43,Family history of malignant neoplasm of testis 
Z80.49,Family history of malignant neoplasm of other genital organs 
Z80.51,Family history of malignant neoplasm of kidney 
Z80.52,Family history of malignant neoplasm of bladder 
Z80.59,Family history of malignant neoplasm of other urinary tract organ 
Z80.6,Family history of leukemia 
Z80.7,Family history of other malignant neoplasms of lymphoid hematopoietic and related tissues 
Z80.8,Family history of malignant neoplasm of other organs or systems 
Z80.9,Family history of malignant neoplasm unspecified 
Z81.8,Family history of other mental and behavioral disorders 
Z82.3,Family history of stroke 
Z82.0,Family history of epilepsy and other diseases of the nervous system 
Z82.49,Family history of ischemic heart disease and other diseases of the circulatory system 
Z82.41,Family history of sudden cardiac death 
Z82.49,Family history of ischemic heart disease and other diseases of the circulatory system 
Z82.5,Family history of asthma and other chronic lower respiratory diseases 
Z83.6,Family history of other diseases of the respiratory system 
Z82.61,Family history of arthritis 
Z82.62,Family history of osteoporosis 
Z82.69,Family history of other diseases of the musculoskeletal system and connective tissue 
Z83.3,Family history of diabetes mellitus 
Z83.41,Family history of multiple endocrine neoplasia [MEN] syndrome 
Z83.49,Family history of other endocrine nutritional and metabolic diseases 
Z83.2,Family history of diseases of the blood and blood-forming organs and certain disorders involving the immune mechanism 
Z83.2,Family history of diseases of the blood and blood-forming organs and certain disorders involving the immune mechanism 
Z81.0,Family history of intellectual disabilities 
Z83.71,Family history of colonic polyps 
Z83.79,Family history of other diseases of the digestive system 
Z82.71,Family history of polycystic kidney 
Z84.1,Family history of disorders of kidney and ureter 
Z84.2,Family history of other diseases of the genitourinary system 
Z83.1,Family history of other infectious and parasitic diseases 
Z84.81,Family history of carrier of genetic disease 
Z82.1,Family history of blindness and visual loss 
Z83.511,Family history of glaucoma 
Z83.518,Family history of other specified eye disorder 
Z82.2,Family history of deafness and hearing loss 
Z83.52,Family history of ear disorders 
Z84.0,Family history of diseases of the skin and subcutaneous tissue 
Z82.79,Family history of other congenital malformations deformations and chromosomal abnormalities 
Z84.89,Family history of other specified conditions 
Z84.3,Family history of consanguinity 
Z84.89,Family history of other specified conditions 
Z76.1,Encounter for health supervision and care of foundling 
Z76.2,Encounter for health supervision and care of other healthy infant and child 
Z00.129,Encounter for routine child health examination without abnormal findings 
Z00.110,Health examination for newborn under 8 days old 
Z00.111,Health examination for newborn 8 to 28 days old 
Z00.2,Encounter for examination for period of rapid growth in childhood 
Z00.3,Encounter for examination for adolescent development state 
Z00.3,Encounter for examination for adolescent development state 
P07.10,Other low birth weight newborn unspecified weight 
P07.01,Extremely low birth weight newborn less than 500 grams 
P07.02,Extremely low birth weight newborn 500-749 grams 
P07.14,Other low birth weight newborn 1000-1249 grams 
P07.16,Other low birth weight newborn 1500-1749 grams 
P07.18,Other low birth weight newborn 2000-2499 grams 
Z00.2,Encounter for examination for period of rapid growth in childhood 
Z87.898,Personal history of other specified conditions 
Z34.00,Encounter for supervision of normal first pregnancy unspecified trimester 
Z34.80,Encounter for supervision of other normal pregnancy unspecified trimester 
Z33.1,Pregnant state incidental 
O09.00,Supervision of pregnancy with history of infertility unspecified trimester 
O09.10,Supervision of pregnancy with history of ectopic or molar pregnancy unspecified trimester 
O09.291,Supervision of pregnancy with other poor reproductive or obstetric history first trimester 
O09.40,Supervision of pregnancy with grand multiparity unspecified trimester 
O09.211,Supervision of pregnancy with history of pre-term labor first trimester 
O09.10,Supervision of pregnancy with history of ectopic or molar pregnancy unspecified trimester 
O09.291,Supervision of pregnancy with other poor reproductive or obstetric history first trimester 
O09.291,Supervision of pregnancy with other poor reproductive or obstetric history first trimester 
O09.30,Supervision of pregnancy with insufficient antenatal care unspecified trimester 
O09.511,Supervision of elderly primigravida first trimester 
O09.521,Supervision of elderly multigravida first trimester 
O09.611,Supervision of young primigravida first trimester 
O09.621,Supervision of young multigravida first trimester 
O09.819,Supervision of pregnancy resulting from assisted reproductive technology unspecified trimester 
O09.821,Supervision of pregnancy with history of in utero procedure during previous pregnancy first trimester 
O36.80x0,Pregnancy with inconclusive fetal viability not applicable or unspecified 
O09.891,Supervision of other high risk pregnancies first trimester 
O09.90,Supervision of high risk pregnancy unspecified unspecified trimester 
Z39.0,Encounter for care and examination of mother immediately after delivery 
Z39.1,Encounter for care and examination of lactating mother 
Z39.2,Encounter for routine postpartum follow-up 
Z30.011,Encounter for initial prescription of contraceptive pills 
Z30.018,Encounter for initial prescription of other contraceptives 
Z30.012,Encounter for prescription of emergency contraception 
Z30.02,Counseling and instruction in natural family planning to avoid pregnancy 
Z30.09,Encounter for other general counseling and advice on contraception 
Z30.430,Encounter for insertion of intrauterine contraceptive device 
Z30.432,Encounter for removal of intrauterine contraceptive device 
Z30.433,Encounter for removal and reinsertion of intrauterine contraceptive device 
Z30.2,Encounter for sterilization 
Z30.8,Encounter for other contraceptive management 
Z30.40,Encounter for surveillance of contraceptives unspecified 
Z30.41,Encounter for surveillance of contraceptive pills 
Z30.431,Encounter for routine checking of intrauterine contraceptive device 
Z30.49,Encounter for surveillance of other contraceptives 
Z30.49,Encounter for surveillance of other contraceptives 
Z30.49,Encounter for surveillance of other contraceptives 
Z30.8,Encounter for other contraceptive management 
Z30.9,Encounter for contraceptive management unspecified 
Z31.0,Encounter for reversal of previous sterilization 
Z31.89,Encounter for other procreative management 
Z31.41,Encounter for fertility testing 
Z31.42,Aftercare following sterilization reversal 
Z31.49,Encounter for other procreative investigation and testing 
Z31.430,Encounter of female for testing for genetic disease carrier status for procreative management 
Z31.438,Encounter for other genetic testing of female for procreative management 
Z31.5,Encounter for genetic counseling 
Z31.440,Encounter of male for testing for genetic disease carrier status for procreative management 
Z31.441,Encounter for testing of male partner of patient with recurrent pregnancy loss 
Z31.448,Encounter for other genetic testing of male for procreative management 
Z31.61,Procreative counseling and advice using natural family planning 
Z31.62,Encounter for fertility preservation counseling 
Z31.69,Encounter for other general counseling and advice on procreation 
Z98.51,Tubal ligation status 
Z98.52,Vasectomy status 
Z31.83,Encounter for assisted reproductive fertility procedure cycle 
Z31.84,Encounter for fertility preservation procedure 
Z31.89,Encounter for other procreative management 
Z31.9,Encounter for procreative management unspecified 
Z37.0,Single live birth 
Z37.1,Single stillbirth 
Z37.2,Twins both liveborn 
Z37.3,Twins one liveborn and one stillborn 
Z37.4,Twins both stillborn 
Z37.59,Other multiple births all liveborn 
Z37.69,Other multiple births some liveborn 
Z37.7,Other multiple births all stillborn 
Z37.9,Outcome of delivery unspecified 
Z36,Encounter for antenatal screening of mother 
Z36,Encounter for antenatal screening of mother 
Z36,Encounter for antenatal screening of mother 
Z36,Encounter for antenatal screening of mother 
Z36,Encounter for antenatal screening of mother 
Z36,Encounter for antenatal screening of mother 
Z36,Encounter for antenatal screening of mother 
Z36,Encounter for antenatal screening of mother 
Z36,Encounter for antenatal screening of mother 
Z36,Encounter for antenatal screening of mother 
Z36,Encounter for antenatal screening of mother 
P00.2,Newborn (suspected to be) affected by maternal infectious and parasitic diseases 
P00.89,Newborn (suspected to be) affected by other maternal conditions 
P00.3,Newborn (suspected to be) affected by other maternal circulatory and respiratory diseases 
P00.89,Newborn (suspected to be) affected by other maternal conditions 
P00.89,Newborn (suspected to be) affected by other maternal conditions 
P00.9,Newborn (suspected to be) affected by unspecified maternal condition 
Z38.00,Single liveborn infant delivered vaginally 
Z38.01,Single liveborn infant delivered by cesarean 
Z38.1,Single liveborn infant born outside hospital 
Z38.1,Single liveborn infant born outside hospital 
Z38.30,Twin liveborn infant delivered vaginally 
Z38.31,Twin liveborn infant delivered by cesarean 
Z38.4,Twin liveborn infant born outside hospital 
Z38.4,Twin liveborn infant born outside hospital 
Z38.30,Twin liveborn infant delivered vaginally 
Z38.31,Twin liveborn infant delivered by cesarean 
Z38.4,Twin liveborn infant born outside hospital 
Z38.4,Twin liveborn infant born outside hospital 
Z38.30,Twin liveborn infant delivered vaginally 
Z38.31,Twin liveborn infant delivered by cesarean 
Z38.4,Twin liveborn infant born outside hospital 
Z38.4,Twin liveborn infant born outside hospital 
Z38.61,Triplet liveborn infant delivered vaginally 
Z38.69,Other multiple liveborn infant delivered by cesarean 
Z38.7,Other multiple liveborn infant born outside hospital 
Z38.7,Other multiple liveborn infant born outside hospital 
Z38.68,Other multiple liveborn infant delivered vaginally 
Z38.69,Other multiple liveborn infant delivered by cesarean 
Z38.7,Other multiple liveborn infant born outside hospital 
Z38.7,Other multiple liveborn infant born outside hospital 
Z38.68,Other multiple liveborn infant delivered vaginally 
Z38.69,Other multiple liveborn infant delivered by cesarean 
Z38.7,Other multiple liveborn infant born outside hospital 
Z38.7,Other multiple liveborn infant born outside hospital 
Z38.68,Other multiple liveborn infant delivered vaginally 
Z38.69,Other multiple liveborn infant delivered by cesarean 
Z38.7,Other multiple liveborn infant born outside hospital 
Z38.7,Other multiple liveborn infant born outside hospital 
Z38.00,Single liveborn infant delivered vaginally 
Z38.01,Single liveborn infant delivered by cesarean 
Z38.1,Single liveborn infant born outside hospital 
Z38.1,Single liveborn infant born outside hospital 
F81.9,Developmental disorder of scholastic skills unspecified 
Z86.59,Personal history of other mental and behavioral disorders 
F48.9,Nonpsychotic mental disorder unspecified 
Z91.83,Wandering in diseases classified elsewhere 
F69,Unspecified disorder of adult personality and behavior 
F69,Unspecified disorder of adult personality and behavior 
Z97.3,Presence of spectacles and contact lenses 
H57.9,Unspecified disorder of eye and adnexa 
R68.89,Other general symptoms and signs 
H93.90,Unspecified disorder of ear unspecified ear 
R47.89,Other speech disturbances 
R43.9,Unspecified disturbances of smell and taste 
R13.10,Dysphagia unspecified 
F52.9,Unspecified sexual dysfunction not due to a substance or known physiological condition 
R68.89,Other general symptoms and signs 
R69,Illness unspecified 
Z94.0,Kidney transplant status 
Z94.1,Heart transplant status 
Z95.3,Presence of xenogenic heart valve 
Z94.5,Skin transplant status 
Z94.6,Bone transplant status 
Z94.7,Corneal transplant status 
Z94.2,Lung transplant status 
Z94.4,Liver transplant status 
Z94.81,Bone marrow transplant status 
Z94.84,Stem cells transplant status 
Z94.83,Pancreas transplant status 
Z94.82,Intestine transplant status 
Z94.89,Other transplanted organ and tissue status 
Z94.9,Transplanted organ and tissue status unspecified 
Z97.0,Presence of artificial eye 
Z96.1,Presence of intraocular lens 
Z95.811,Presence of heart assist device 
Z95.812,Presence of fully implantable artificial heart 
Z95.2,Presence of prosthetic heart valve 
Z95.828,Presence of other vascular implants and grafts 
Z96.0,Presence of urogenital implants 
Z96.60,Presence of unspecified orthopedic joint implant 
Z96.619,Presence of unspecified artificial shoulder joint 
Z96.629,Presence of unspecified artificial elbow joint 
Z96.639,Presence of unspecified artificial wrist joint 
Z96.649,Presence of unspecified artificial hip joint 
Z96.659,Presence of unspecified artificial knee joint 
Z96.669,Presence of unspecified artificial ankle joint 
Z96.698,Presence of other orthopedic joint implants 
Z97.10,Presence of artificial limb (complete) (partial) unspecified 
Z96.3,Presence of artificial larynx 
Z98.82,Breast implant status 
Z96.81,Presence of artificial skin 
Z96.9,Presence of functional implant unspecified 
Z93.0,Tracheostomy status 
Z93.1,Gastrostomy status 
Z93.2,Ileostomy status 
Z93.3,Colostomy status 
Z93.4,Other artificial openings of gastrointestinal tract status 
Z93.50,Unspecified cystostomy status 
Z93.51,Cutaneous-vesicostomy status 
Z93.52,Appendico-vesicostomy status 
Z93.59,Other cystostomy status 
Z93.6,Other artificial openings of urinary tract status 
Z93.8,Other artificial opening status 
Z93.8,Other artificial opening status 
Z93.9,Artificial opening status unspecified 
Z95.9,Presence of cardiac and vascular implant and graft unspecified 
Z95.0,Presence of cardiac pacemaker 
Z95.810,Presence of automatic (implantable) cardiac defibrillator 
Z95.818,Presence of other cardiac implants and grafts 
Z99.2,Dependence on renal dialysis 
Z91.15,Patient's noncompliance with renal dialysis 
Z98.2,Presence of cerebrospinal fluid drainage device 
Z98.0,Intestinal bypass and anastomosis status 
Z98.1,Arthrodesis status 
Z97.5,Presence of (intrauterine) contraceptive device 
Z97.5,Presence of (intrauterine) contraceptive device 
Z97.5,Presence of (intrauterine) contraceptive device 
Z98.49,Cataract extraction status unspecified eye 
Z98.83,Filtering (vitreous) bleb after glaucoma surgery status 
Z90.10,Acquired absence of unspecified breast and nipple 
Z90.49,Acquired absence of other specified parts of digestive tract 
Z90.5,Acquired absence of kidney 
Z90.6,Acquired absence of other parts of urinary tract 
Z90.3,Acquired absence of stomach [part of] 
Z90.2,Acquired absence of lung [part of] 
Z90.79,Acquired absence of other genital organ(s) 
Z90.01,Acquired absence of eye 
Z90.89,Acquired absence of other organs 
Z95.1,Presence of aortocoronary bypass graft 
Z98.61,Coronary angioplasty status 
Z98.86,Personal history of breast implant removal 
Z98.811,Dental restoration status 
Z96.41,Presence of insulin pump (external) (internal) 
Z98.84,Bariatric surgery status 
Z98.85,Transplanted organ removal status 
Z92.82,Status post administration of tPA (rtPA) in a different facility within the last 24 hours prior to admission to current facility 
Z98.89,Other specified postprocedural states 
Z99.0,Dependence on aspirator 
Z99.11,Dependence on respirator [ventilator] status 
Z99.12,Encounter for respirator [ventilator] dependence during power failure 
Z99.11,Dependence on respirator [ventilator] status 
J95.850,Mechanical complication of respirator 
Z99.81,Dependence on supplemental oxygen 
Z99.3,Dependence on wheelchair 
Z99.89,Dependence on other enabling machines and devices 
Z99.89,Dependence on other enabling machines and devices 
Z87.898,Personal history of other specified conditions 
R68.89,Other general symptoms and signs 
R68.89,Other general symptoms and signs 
R68.89,Other general symptoms and signs 
R68.89,Other general symptoms and signs 
R68.89,Other general symptoms and signs 
R68.89,Other general symptoms and signs 
R68.89,Other general symptoms and signs 
R68.89,Other general symptoms and signs 
R68.89,Other general symptoms and signs 
R68.89,Other general symptoms and signs 
R68.89,Other general symptoms and signs 
R68.89,Other general symptoms and signs 
R68.89,Other general symptoms and signs 
R68.89,Other general symptoms and signs 
R68.89,Other general symptoms and signs 
R68.89,Other general symptoms and signs 
R68.89,Other general symptoms and signs 
R68.89,Other general symptoms and signs 
R68.89,Other general symptoms and signs 
R68.89,Other general symptoms and signs 
R68.89,Other general symptoms and signs 
R68.89,Other general symptoms and signs 
Z89.209,Acquired absence of unspecified upper limb unspecified level 
Z89.019,Acquired absence of unspecified thumb 
Z89.029,Acquired absence of unspecified finger(s) 
Z89.119,Acquired absence of unspecified hand 
Z89.129,Acquired absence of unspecified wrist 
Z89.219,Acquired absence of unspecified upper limb below elbow 
Z89.229,Acquired absence of unspecified upper limb above elbow 
Z89.239,Acquired absence of unspecified shoulder 
Z89.9,Acquired absence of limb unspecified 
Z89.419,Acquired absence of unspecified great toe 
Z89.429,Acquired absence of other toe(s) unspecified side 
Z89.439,Acquired absence of unspecified foot 
Z89.449,Acquired absence of unspecified ankle 
Z89.519,Acquired absence of unspecified leg below knee 
Z89.619,Acquired absence of unspecified leg above knee 
Z89.629,Acquired absence of unspecified hip joint 
Z78.0,Asymptomatic menopausal state 
Z98.810,Dental sealant status 
Z76.82,Awaiting organ transplant status 
Z74.01,Bed confinement status 
Z73.82,Dual sensory impairment 
Z66,Do not resuscitate 
Z78.1,Physical restraint status 
Z78.9,Other specified health status 
Z87.898,Personal history of other specified conditions 
Z41.1,Encounter for cosmetic surgery 
Z41.1,Encounter for cosmetic surgery 
Z41.2,Encounter for routine and ritual male circumcision 
Z41.3,Encounter for ear piercing 
Z40.01,Encounter for prophylactic removal of breast 
Z40.02,Encounter for prophylactic removal of ovary 
Z40.00,Encounter for prophylactic removal of unspecified organ 
Z41.8,Encounter for other procedures for purposes other than remedying health state 
Z41.9,Encounter for procedure for purposes other than remedying health state unspecified 
Z42.1,Encounter for breast reconstruction following mastectomy 
Z42.8,Encounter for other plastic and reconstructive surgery following medical procedure or healed injury 
Z44.009,Encounter for fitting and adjustment of unspecified artificial arm unspecified arm 
Z44.109,Encounter for fitting and adjustment of unspecified artificial leg unspecified leg 
Z44.20,Encounter for fitting and adjustment of artificial eye unspecified 
Z46.3,Encounter for fitting and adjustment of dental prosthetic device 
Z44.30,Encounter for fitting and adjustment of external breast prosthesis unspecified breast 
Z44.8,Encounter for fitting and adjustment of other external prosthetic devices 
Z44.9,Encounter for fitting and adjustment of unspecified external prosthetic device 
Z45.41,Encounter for adjustment and management of cerebrospinal fluid drainage device 
Z45.42,Encounter for adjustment and management of neuropacemaker (brain) (peripheral nerve) (spinal cord) 
Z46.2,Encounter for fitting and adjustment of other devices related to nervous system and special senses 
Z46.0,Encounter for fitting and adjustment of spectacles and contact lenses 
Z46.1,Encounter for fitting and adjustment of hearing aid 
Z45.010,Encounter for checking and testing of cardiac pacemaker pulse generator [battery] 
Z45.02,Encounter for adjustment and management of automatic implantable cardiac defibrillator 
Z45.09,Encounter for adjustment and management of other cardiac device 
Z46.4,Encounter for fitting and adjustment of orthodontic device 
Z46.59,Encounter for fitting and adjustment of other gastrointestinal appliance and device 
Z46.51,Encounter for fitting and adjustment of gastric lap band 
Z46.59,Encounter for fitting and adjustment of other gastrointestinal appliance and device 
Z46.6,Encounter for fitting and adjustment of urinary device 
Z46.89,Encounter for fitting and adjustment of other specified devices 
Z46.89,Encounter for fitting and adjustment of other specified devices 
Z46.9,Encounter for fitting and adjustment of unspecified device 
Z46.81,Encounter for fitting and adjustment of insulin pump 
Z46.89,Encounter for fitting and adjustment of other specified devices 
Z47.2,Encounter for removal of internal fixation device 
Z51.89,Encounter for other specified aftercare 
Z51.89,Encounter for other specified aftercare 
S52.90xD,Unspecified fracture of unspecified forearm subsequent encounter for closed fracture with routine healing 
S42.101D,Fracture of unspecified part of scapula right shoulder subsequent encounter for fracture with routine healing 
S59.101D,Unspecified physeal fracture of upper end of radius right arm subsequent encounter for fracture with routine healing 
S72.011D,Unspecified intracapsular fracture of right femur subsequent encounter for closed fracture with routine healing 
S82.90xD,Unspecified fracture of unspecified lower leg subsequent encounter for closed fracture with routine healing 
S72.471D,Torus fracture of lower end of right femur subsequent encounter for fracture with routine healing 
S92.302D,Fracture of unspecified metatarsal bone(s) left foot subsequent encounter for fracture with routine healing 
S12.110D,Anterior displaced Type II dens fracture subsequent encounter for fracture with routine healing 
S02.8xxD,Fractures of other specified skull and facial bones subsequent encounter for fracture with routine healing 
M84.40xD,Pathological fracture unspecified site subsequent encounter for fracture with routine healing 
M84.421D,Pathological fracture right humerus subsequent encounter for fracture with routine healing 
M84.431D,Pathological fracture right ulna subsequent encounter for fracture with routine healing 
M84.459D,Pathological fracture hip unspecified subsequent encounter for fracture with routine healing 
M84.40xD,Pathological fracture unspecified site subsequent encounter for fracture with routine healing 
M84.453D,Pathological fracture unspecified femur subsequent encounter for fracture with routine healing 
M84.469D,Pathological fracture unspecified tibia and fibula subsequent encounter for fracture with routine healing 
M84.40xD,Pathological fracture unspecified site subsequent encounter for fracture with routine healing 
M84.48xD,Pathological fracture other site subsequent encounter for fracture with routine healing 
Z47.1,Aftercare following joint replacement surgery 
Z47.31,Aftercare following explantation of shoulder joint prosthesis 
Z47.89,Encounter for other orthopedic aftercare 
Z51.89,Encounter for other specified aftercare 
Z43.0,Encounter for attention to tracheostomy 
Z43.1,Encounter for attention to gastrostomy 
Z43.2,Encounter for attention to ileostomy 
Z43.3,Encounter for attention to colostomy 
Z43.4,Encounter for attention to other artificial openings of digestive tract 
Z43.5,Encounter for attention to cystostomy 
Z43.6,Encounter for attention to other artificial openings of urinary tract 
Z43.7,Encounter for attention to artificial vagina 
Z43.8,Encounter for attention to other artificial openings 
Z43.9,Encounter for attention to unspecified artificial opening 
Z49.31,Encounter for adequacy testing for hemodialysis 
Z49.01,Encounter for fitting and adjustment of extracorporeal dialysis catheter 
Z49.02,Encounter for fitting and adjustment of peritoneal dialysis catheter 
Z49.31,Encounter for adequacy testing for hemodialysis 
Z49.32,Encounter for adequacy testing for peritoneal dialysis 
Z49.32,Encounter for adequacy testing for peritoneal dialysis 
Z51.89,Encounter for other specified aftercare 
Z51.89,Encounter for other specified aftercare 
Z51.89,Encounter for other specified aftercare 
Z51.89,Encounter for other specified aftercare 
Z51.89,Encounter for other specified aftercare 
Z51.89,Encounter for other specified aftercare 
Z51.89,Encounter for other specified aftercare 
Z51.89,Encounter for other specified aftercare 
Z51.89,Encounter for other specified aftercare 
Z51.0,Encounter for antineoplastic radiation therapy 
Z51.11,Encounter for antineoplastic chemotherapy 
Z51.12,Encounter for antineoplastic immunotherapy 
Z51.89,Encounter for other specified aftercare 
Z48.00,Encounter for change or removal of nonsurgical wound dressing 
Z48.01,Encounter for change or removal of surgical wound dressing 
Z48.02,Encounter for removal of sutures 
Z48.1,Encounter for planned postprocedural wound closure 
Z48.3,Aftercare following surgery for neoplasm 
Z48.89,Encounter for other specified surgical aftercare 
Z48.298,Encounter for aftercare following other organ transplant 
Z48.03,Encounter for change or removal of drains 
Z46.4,Encounter for fitting and adjustment of orthodontic device 
Z79.01,Long term (current) use of anticoagulants 
Z79.2,Long term (current) use of antibiotics 
Z79.02,Long term (current) use of antithrombotics/antiplatelets 
Z79.1,Long term (current) use of non-steroidal anti-inflammatories (NSAID) 
Z79.51,Long term (current) use of inhaled steroids 
Z79.82,Long term (current) use of aspirin 
Z79.4,Long term (current) use of insulin 
Z79.83,Long term (current) use of bisphosphonates 
Z79.891,Long term (current) use of opiate analgesic 
Z48.810,Encounter for surgical aftercare following surgery on the sense organs 
Z48.811,Encounter for surgical aftercare following surgery on the nervous system 
Z48.812,Encounter for surgical aftercare following surgery on the circulatory system 
Z48.813,Encounter for surgical aftercare following surgery on the respiratory system 
Z48.814,Encounter for surgical aftercare following surgery on the teeth or oral cavity 
Z48.816,Encounter for surgical aftercare following surgery on the genitourinary system 
Z48.817,Encounter for surgical aftercare following surgery on the skin and subcutaneous tissue 
Z48.89,Encounter for other specified surgical aftercare 
Z45.2,Encounter for adjustment and management of vascular access device 
Z46.82,Encounter for fitting and adjustment of non-vascular catheter 
Z51.81,Encounter for therapeutic drug level monitoring 
Z51.89,Encounter for other specified aftercare 
Z51.89,Encounter for other specified aftercare 
Z52.000,Unspecified donor whole blood 
Z52.001,Unspecified donor stem cells 
Z52.008,Unspecified donor other blood 
Z52.10,Skin donor unspecified 
Z52.20,Bone donor unspecified 
Z52.3,Bone marrow donor 
Z52.4,Kidney donor 
Z52.5,Cornea donor 
Z52.6,Liver donor 
Z52.819,Egg (Oocyte) donor unspecified 
Z52.810,Egg (Oocyte) donor under age 35 anonymous recipient 
Z52.811,Egg (Oocyte) donor under age 35 designated recipient 
Z52.812,Egg (Oocyte) donor age 35 and over anonymous recipient 
Z52.813,Egg (Oocyte) donor age 35 and over designated recipient 
Z52.89,Donor of other specified organs or tissues 
Z52.9,Donor of unspecified organ or tissue 
Z59.0,Homelessness 
Z59.1,Inadequate housing 
Z59.5,Extreme poverty 
Z60.2,Problems related to living alone 
Z74.2,Need for assistance at home and no other household member able to render care 
Z75.5,Holiday relief care 
Z59.3,Problems related to living in residential institution 
Z62.21,Child in welfare custody 
Z59.8,Other problems related to housing and economic circumstances 
Z59.9,Problem related to housing and economic circumstances unspecified 
Z63.32,Other absence of family member 
Z63.8,Other specified problems related to primary support group 
Z63.5,Disruption of family by separation and divorce 
Z63.8,Other specified problems related to primary support group 
Z63.32,Other absence of family member 
Z63.32,Other absence of family member 
Z63.4,Disappearance and death of family member 
Z63.32,Other absence of family member 
Z63.8,Other specified problems related to primary support group 
Z71.89,Other specified counseling 
Z69.11,Encounter for mental health services for victim of spousal or partner abuse 
Z69.12,Encounter for mental health services for perpetrator of spousal or partner abuse 
Z71.89,Other specified counseling 
Z69.010,Encounter for mental health services for victim of parental child abuse 
Z69.011,Encounter for mental health services for perpetrator of parental child abuse 
Z71.89,Other specified counseling 
Z71.89,Other specified counseling 
Z71.89,Other specified counseling 
Z62.1,Parental overprotection 
Z63.79,Other stressful life events affecting family and household 
Z63.72,Alcoholism and drug addiction in family 
Z63.79,Other stressful life events affecting family and household 
Z63.6,Dependent relative needing care at home 
Z64.1,Problems related to multiparity 
Z64.0,Problems related to unwanted pregnancy 
Z64.0,Problems related to unwanted pregnancy 
Z63.8,Other specified problems related to primary support group 
Z63.9,Problem related to primary support group unspecified 
Z56.0,Unemployment unspecified 
Z56.9,Unspecified problems related to employment 
Z65.8,Other specified problems related to psychosocial circumstances 
Z65.5,Exposure to disaster war and other hostilities 
Z56.1,Change of job 
Z55.9,Problems related to education and literacy unspecified 
Z60.3,Acculturation difficulty 
Z65.3,Problems related to other legal circumstances 
Z53.1,Procedure and treatment not carried out because of patient's decision for reasons of belief and group pressure 
Z65.8,Other specified problems related to psychosocial circumstances 
Z63.4,Disappearance and death of family member 
Z69.021,Encounter for mental health services for perpetrator of non-parental child abuse 
R45.851,Suicidal ideations 
R45.850,Homicidal ideations 
Z65.8,Other specified problems related to psychosocial circumstances 
Z65.9,Problem related to unspecified psychosocial circumstances 
Z75.3,Unavailability and inaccessibility of health-care facilities 
Z75.0,Medical services not available in home 
Z75.1,Person awaiting admission to adequate facility elsewhere 
Z75.4,Unavailability and inaccessibility of other helping agencies 
Z75.3,Unavailability and inaccessibility of health-care facilities 
Z28.9,Immunization not carried out for unspecified reason 
Z28.01,Immunization not carried out because of acute illness of patient 
Z28.02,Immunization not carried out because of chronic illness or condition of patient 
Z28.03,Immunization not carried out because of immune compromised state of patient 
Z28.04,Immunization not carried out because of patient allergy to vaccine or component 
Z28.82,Immunization not carried out because of caregiver refusal 
Z28.21,Immunization not carried out because of patient refusal 
Z28.1,Immunization not carried out because of patient decision for reasons of belief or group pressure 
Z28.81,Immunization not carried out due to patient having had the disease 
Z28.09,Immunization not carried out because of other contraindication 
Z53.09,Procedure and treatment not carried out because of other contraindication 
Z53.29,Procedure and treatment not carried out because of patient's decision for other reasons 
Z53.8,Procedure and treatment not carried out for other reasons 
, 
, 
, 
Z76.3,Healthy person accompanying sick person 
Z76.81,Expectant parent(s) prebirth pediatrician visit 
Z71.0,Person encountering health services to consult on behalf of another person 
Z76.5,Malingerer [conscious simulation] 
Z71.3,Dietary counseling and surveillance 
Z71.9,Counseling unspecified 
Z71.89,Other specified counseling 
Z71.41,Alcohol abuse counseling and surveillance of alcoholic 
Z71.89,Other specified counseling 
Z71.7,Human immunodeficiency virus [HIV] counseling 
Z71.89,Other specified counseling 
Z46.81,Encounter for fitting and adjustment of insulin pump 
Z71.89,Other specified counseling 
Z71.1,Person with feared health complaint in whom no diagnosis is made 
Z76.89,Persons encountering health services in other specified circumstances 
Z71.9,Counseling unspecified 
Z51.89,Encounter for other specified aftercare 
Z51.89,Encounter for other specified aftercare 
Z51.89,Encounter for other specified aftercare 
Z51.89,Encounter for other specified aftercare 
Z51.89,Encounter for other specified aftercare 
Z51.89,Encounter for other specified aftercare 
Z51.89,Encounter for other specified aftercare 
Z51.5,Encounter for palliative care 
Z51.89,Encounter for other specified aftercare 
Z09,Encounter for follow-up examination after completed treatment for conditions other than malignant neoplasm 
Z08,Encounter for follow-up examination after completed treatment for malignant neoplasm 
Z09,Encounter for follow-up examination after completed treatment for conditions other than malignant neoplasm 
Z08,Encounter for follow-up examination after completed treatment for malignant neoplasm 
Z08,Encounter for follow-up examination after completed treatment for malignant neoplasm 
Z09,Encounter for follow-up examination after completed treatment for conditions other than malignant neoplasm 
Z09,Encounter for follow-up examination after completed treatment for conditions other than malignant neoplasm 
Z09,Encounter for follow-up examination after completed treatment for conditions other than malignant neoplasm 
Z09,Encounter for follow-up examination after completed treatment for conditions other than malignant neoplasm 
Z08,Encounter for follow-up examination after completed treatment for malignant neoplasm 
Z08,Encounter for follow-up examination after completed treatment for malignant neoplasm 
Z02.71,Encounter for disability determination 
Z02.79,Encounter for issue of other medical certificate 
Z76.0,Encounter for issue of repeat prescription 
Z04.8,Encounter for examination and observation for other specified reasons 
Z04.9,Encounter for examination and observation for unspecified reason 
Z02.89,Encounter for other administrative examinations 
Z02.9,Encounter for administrative examinations unspecified 
Z72.3,Lack of physical exercise 
Z72.4,Inappropriate diet and eating habits 
Z72.51,High risk heterosexual behavior 
Z72.6,Gambling and betting 
Z72.820,Sleep deprivation 
Z73.819,Behavioral insomnia of childhood unspecified type 
Z72.89,Other problems related to lifestyle 
Z72.9,Problem related to lifestyle unspecified 
Z00.00,Encounter for general adult medical examination without abnormal findings 
Z04.6,Encounter for general psychiatric examination requested by authority 
Z00.8,Encounter for other general examination 
Z02.89,Encounter for other administrative examinations 
Z02.81,Encounter for paternity testing 
Z02.1,Encounter for pre-employment examination 
Z00.8,Encounter for other general examination 
Z00.6,Encounter for examination for normal comparison and control in clinical research program 
Z00.8,Encounter for other general examination 
Z00.8,Encounter for other general examination 
Z03.89,Encounter for observation for other suspected diseases and conditions ruled out 
Z03.89,Encounter for observation for other suspected diseases and conditions ruled out 
Z03.89,Encounter for observation for other suspected diseases and conditions ruled out 
Z03.89,Encounter for observation for other suspected diseases and conditions ruled out 
Z03.89,Encounter for observation for other suspected diseases and conditions ruled out 
Z04.2,Encounter for examination and observation following work accident 
Z04.3,Encounter for examination and observation following other accident 
Z04.41,Encounter for examination and observation following alleged adult rape 
Z04.8,Encounter for examination and observation for other specified reasons 
Z03.89,Encounter for observation for other suspected diseases and conditions ruled out 
Z04.71,Encounter for examination and observation following alleged adult physical abuse 
Z03.810,Encounter for observation for suspected exposure to anthrax ruled out 
Z03.818,Encounter for observation for suspected exposure to other biological agents ruled out 
Z03.6,Encounter for observation for suspected toxic effect from ingested substance ruled out 
Z04.9,Encounter for examination and observation for unspecified reason 
Z01.00,Encounter for examination of eyes and vision without abnormal findings 
Z01.110,Encounter for hearing examination following failed hearing screening 
Z01.12,Encounter for hearing conservation and treatment 
Z01.10,Encounter for examination of ears and hearing without abnormal findings 
Z01.20,Encounter for dental examination and cleaning without abnormal findings 
Z01.411,Encounter for gynecological examination (general) (routine) with abnormal findings 
Z01.42,Encounter for cervical smear to confirm findings of recent normal smear following initial abnormal smear 
Z32.00,Encounter for pregnancy test result unknown 
Z32.02,Encounter for pregnancy test result negative 
Z32.01,Encounter for pregnancy test result positive 
Z01.89,Encounter for other specified special examinations 
Z00.00,Encounter for general adult medical examination without abnormal findings 
Z01.84,Encounter for antibody response examination 
Z00.00,Encounter for general adult medical examination without abnormal findings 
Z01.812,Encounter for preprocedural laboratory examination 
Z01.89,Encounter for other specified special examinations 
Z01.89,Encounter for other specified special examinations 
Z01.810,Encounter for preprocedural cardiovascular examination 
Z01.811,Encounter for preprocedural respiratory examination 
Z01.818,Encounter for other preprocedural examination 
Z01.818,Encounter for other preprocedural examination 
Z01.89,Encounter for other specified special examinations 
Z01.83,Encounter for blood typing 
Z01.89,Encounter for other specified special examinations 
Z11.59,Encounter for screening for other viral diseases 
Z11.59,Encounter for screening for other viral diseases 
Z11.59,Encounter for screening for other viral diseases 
Z11.59,Encounter for screening for other viral diseases 
Z11.59,Encounter for screening for other viral diseases 
Z11.59,Encounter for screening for other viral diseases 
Z11.59,Encounter for screening for other viral diseases 
Z11.51,Encounter for screening for human papillomavirus (HPV) 
Z11.8,Encounter for screening for other infectious and parasitic diseases 
Z11.59,Encounter for screening for other viral diseases 
Z11.8,Encounter for screening for other infectious and parasitic diseases 
Z11.59,Encounter for screening for other viral diseases 
Z11.0,Encounter for screening for intestinal infectious diseases 
Z11.1,Encounter for screening for respiratory tuberculosis 
Z11.2,Encounter for screening for other bacterial diseases 
Z11.2,Encounter for screening for other bacterial diseases 
Z11.2,Encounter for screening for other bacterial diseases 
Z11.3,Encounter for screening for infections with a predominantly sexual mode of transmission 
Z11.8,Encounter for screening for other infectious and parasitic diseases 
Z11.8,Encounter for screening for other infectious and parasitic diseases 
Z11.2,Encounter for screening for other bacterial diseases 
Z11.8,Encounter for screening for other infectious and parasitic diseases 
Z11.6,Encounter for screening for other protozoal diseases and helminthiases 
Z11.6,Encounter for screening for other protozoal diseases and helminthiases 
Z11.6,Encounter for screening for other protozoal diseases and helminthiases 
Z11.8,Encounter for screening for other infectious and parasitic diseases 
Z11.6,Encounter for screening for other protozoal diseases and helminthiases 
Z11.6,Encounter for screening for other protozoal diseases and helminthiases 
Z11.6,Encounter for screening for other protozoal diseases and helminthiases 
Z11.0,Encounter for screening for intestinal infectious diseases 
Z11.9,Encounter for screening for infectious and parasitic diseases unspecified 
Z12.2,Encounter for screening for malignant neoplasm of respiratory organs 
Z12.39,Encounter for other screening for malignant neoplasm of breast 
Z12.31,Encounter for screening mammogram for malignant neoplasm of breast 
Z12.31,Encounter for screening mammogram for malignant neoplasm of breast 
Z12.39,Encounter for other screening for malignant neoplasm of breast 
Z12.4,Encounter for screening for malignant neoplasm of cervix 
Z12.6,Encounter for screening for malignant neoplasm of bladder 
Z12.12,Encounter for screening for malignant neoplasm of rectum 
Z12.81,Encounter for screening for malignant neoplasm of oral cavity 
Z12.83,Encounter for screening for malignant neoplasm of skin 
Z12.5,Encounter for screening for malignant neoplasm of prostate 
Z12.71,Encounter for screening for malignant neoplasm of testis 
Z12.73,Encounter for screening for malignant neoplasm of ovary 
Z12.72,Encounter for screening for malignant neoplasm of vagina 
Z12.89,Encounter for screening for malignant neoplasm of other sites 
Z12.10,Encounter for screening for malignant neoplasm of intestinal tract unspecified 
Z12.11,Encounter for screening for malignant neoplasm of colon 
Z12.13,Encounter for screening for malignant neoplasm of small intestine 
Z12.82,Encounter for screening for malignant neoplasm of nervous system 
Z12.89,Encounter for screening for malignant neoplasm of other sites 
Z12.9,Encounter for screening for malignant neoplasm site unspecified 
Z13.29,Encounter for screening for other suspected endocrine disorder 
Z13.1,Encounter for screening for diabetes mellitus 
Z13.21,Encounter for screening for nutritional disorder 
Z13.228,Encounter for screening for other metabolic disorders 
Z13.228,Encounter for screening for other metabolic disorders 
Z13.89,Encounter for screening for other disorder 
Z13.228,Encounter for screening for other metabolic disorders 
Z13.228,Encounter for screening for other metabolic disorders 
Z13.89,Encounter for screening for other disorder 
Z13.220,Encounter for screening for lipoid disorders 
Z13.228,Encounter for screening for other metabolic disorders 
Z13.0,Encounter for screening for diseases of the blood and blood-forming organs and certain disorders involving the immune mechanism 
Z13.0,Encounter for screening for diseases of the blood and blood-forming organs and certain disorders involving the immune mechanism 
Z13.0,Encounter for screening for diseases of the blood and blood-forming organs and certain disorders involving the immune mechanism 
Z13.0,Encounter for screening for diseases of the blood and blood-forming organs and certain disorders involving the immune mechanism 
Z13.0,Encounter for screening for diseases of the blood and blood-forming organs and certain disorders involving the immune mechanism 
Z13.0,Encounter for screening for diseases of the blood and blood-forming organs and certain disorders involving the immune mechanism 
Z13.89,Encounter for screening for other disorder 
Z13.89,Encounter for screening for other disorder 
Z13.4,Encounter for screening for certain developmental disorders in childhood 
Z13.4,Encounter for screening for certain developmental disorders in childhood 
Z13.4,Encounter for screening for certain developmental disorders in childhood 
Z13.89,Encounter for screening for other disorder 
Z13.850,Encounter for screening for traumatic brain injury 
Z13.858,Encounter for screening for other nervous system disorders 
Z13.5,Encounter for screening for eye and ear disorders 
Z13.5,Encounter for screening for eye and ear disorders 
Z13.5,Encounter for screening for eye and ear disorders 
Z13.6,Encounter for screening for cardiovascular disorders 
Z13.6,Encounter for screening for cardiovascular disorders 
Z13.6,Encounter for screening for cardiovascular disorders 
Z13.83,Encounter for screening for respiratory disorder NEC 
Z13.83,Encounter for screening for respiratory disorder NEC 
Z13.89,Encounter for screening for other disorder 
Z13.89,Encounter for screening for other disorder 
Z13.89,Encounter for screening for other disorder 
Z13.828,Encounter for screening for other musculoskeletal disorder 
Z13.89,Encounter for screening for other disorder 
Z13.828,Encounter for screening for other musculoskeletal disorder 
Z13.89,Encounter for screening for other disorder 
Z13.88,Encounter for screening for disorder due to exposure to contaminants 
Z13.89,Encounter for screening for other disorder 
Z13.71,Encounter for nonprocreative screening for genetic disease carrier status 
Z13.79,Encounter for other screening for genetic and chromosomal anomalies 
Z13.820,Encounter for screening for osteoporosis 
Z13.89,Encounter for screening for other disorder 
Z13.9,Encounter for screening unspecified 
Z14.01,Asymptomatic hemophilia A carrier 
Z14.02,Symptomatic hemophilia A carrier 
Z14.1,Cystic fibrosis carrier 
Z14.8,Genetic carrier of other disease 
Z15.01,Genetic susceptibility to malignant neoplasm of breast 
Z15.02,Genetic susceptibility to malignant neoplasm of ovary 
Z15.03,Genetic susceptibility to malignant neoplasm of prostate 
Z15.04,Genetic susceptibility to malignant neoplasm of endometrium 
Z15.09,Genetic susceptibility to other malignant neoplasm 
Z15.81,Genetic susceptibility to multiple endocrine neoplasia [MEN] 
Z15.89,Genetic susceptibility to other disease 
Z68.1,Body mass index (BMI) 19 or less adult 
Z68.20,Body mass index (BMI) 20.0-20.9 adult 
Z68.25,Body mass index (BMI) 25.0-25.9 adult 
Z68.26,Body mass index (BMI) 26.0-26.9 adult 
Z68.27,Body mass index (BMI) 27.0-27.9 adult 
Z68.28,Body mass index (BMI) 28.0-28.9 adult 
Z68.29,Body mass index (BMI) 29.0-29.9 adult 
Z68.30,Body mass index (BMI) 30.0-30.9 adult 
Z68.31,Body mass index (BMI) 31.0-31.9 adult 
Z68.32,Body mass index (BMI) 32.0-32.9 adult 
Z68.33,Body mass index (BMI) 33.0-33.9 adult 
Z68.34,Body mass index (BMI) 34.0-34.9 adult 
Z68.35,Body mass index (BMI) 35.0-35.9 adult 
Z68.36,Body mass index (BMI) 36.0-36.9 adult 
Z68.37,Body mass index (BMI) 37.0-37.9 adult 
Z68.38,Body mass index (BMI) 38.0-38.9 adult 
Z68.39,Body mass index (BMI) 39.0-39.9 adult 
Z68.41,Body mass index (BMI) 40.0-44.9 adult 
Z68.42,Body mass index (BMI) 45.0-49.9 adult 
Z68.43,Body mass index (BMI) 50-59.9 adult 
Z68.44,Body mass index (BMI) 60.0-69.9 adult 
Z68.45,Body mass index (BMI) 70 or greater adult 
Z68.51,Body mass index (BMI) pediatric less than 5th percentile for age 
Z68.52,Body mass index (BMI) pediatric 5th percentile to less than 85th percentile for age 
Z68.53,Body mass index (BMI) pediatric 85th percentile to less than 95th percentile for age 
Z68.54,Body mass index (BMI) pediatric greater than or equal to 95th percentile for age 
Z17.0,Estrogen receptor positive status [ER+] 
Z17.1,Estrogen receptor negative status [ER-] 
Z77.010,Contact with and (suspected) exposure to arsenic 
Z77.012,Contact with and (suspected) exposure to uranium 
Z77.018,Contact with and (suspected) exposure to other hazardous metals 
Z77.020,Contact with and (suspected) exposure to aromatic amines 
Z77.021,Contact with and (suspected) exposure to benzene 
Z77.028,Contact with and (suspected) exposure to other hazardous aromatic compounds 
Z77.098,Contact with and (suspected) exposure to other hazardous chiefly nonmedicinal chemicals 
Z77.120,Contact with and (suspected) exposure to mold (toxic) 
'Z77.121,Contact with and (suspected) exposure to harmful algae and algae toxins 
Z77.29,Contact with and (suspected ) exposure to other hazardous substances 
Z92.21,Personal history of antineoplastic chemotherapy 
Z92.22,Personal history of monoclonal drug therapy 
Z92.23,Personal history of estrogen therapy 
Z92.240,Personal history of inhaled steroid therapy 
Z92.241,Personal history of systemic steroid therapy 
Z92.25,Personal history of immunosupression therapy 
Z92.29,Personal history of other drug therapy 
Z90.710,Acquired absence of both cervix and uterus 
Z90.711,Acquired absence of uterus with remaining cervical stump 
Z90.712,Acquired absence of cervix with remaining uterus 
Z90.410,Acquired total absence of pancreas 
Z90.411,Acquired partial absence of pancreas 
Z89.629,Acquired absence of unspecified hip joint 
Z89.529,Acquired absence of unspecified knee 
Z89.9,Acquired absence of limb unspecified 
Z03.71,Encounter for suspected problem with amniotic cavity and membrane ruled out 
Z03.72,Encounter for suspected placental problem ruled out 
Z03.73,Encounter for suspected fetal anomaly ruled out 
Z03.74,Encounter for suspected problem with fetal growth ruled out 
Z03.75,Encounter for suspected cervical shortening ruled out 
Z03.79,Encounter for other suspected maternal and fetal conditions ruled out 
Z18.01,Retained depleted uranium fragments 
Z18.09,Other retained radioactive fragments 
Z18.10,Retained metal fragments unspecified 
Z18.11,Retained magnetic metal fragments 
Z18.12,Retained nonmagnetic metal fragments 
Z18.2,Retained plastic fragments 
Z18.31,Retained animal quills or spines 
Z18.32,Retained tooth 
Z18.33,Retained wood fragments 
Z18.39,Other retained organic fragments 
Z18.81,Retained glass fragments 
Z18.83,Retained stone or crystalline fragments 
Z18.89,Other specified retained foreign body fragments 
Z18.9,Retained foreign body fragments unspecified material 
O30.009,Twin pregnancy unspecified number of placenta and unspecified number of amniotic sacs unspecified trimester 
O30.019,Twin pregnancy monochorionic/monoamniotic unspecified trimester 
O30.039,Twin pregnancy monochorionic/diamniotic unspecified trimester 
O30.049,Twin pregnancy dichorionic/diamniotic unspecified trimester 
O30.099,Twin pregnancy unable to determine number of placenta and number of amniotic sacs unspecified trimester 
O30.109,Triplet pregnancy unspecified number of placenta and unspecified number of amniotic sacs unspecified trimester 
O30.119,Triplet pregnancy with two or more monochorionic fetuses unspecified trimester 
O30.129,Triplet pregnancy with two or more monoamniotic fetuses unspecified trimester 
O30.199,Triplet pregnancy unable to determine number of placenta and number of amniotic sacs unspecified trimester 
O30.209,Quadruplet pregnancy unspecified number of placenta and unspecified number of amniotic sacs unspecified trimester 
O30.219,Quadruplet pregnancy with two or more monochorionic fetuses unspecified trimester 
O30.229,Quadruplet pregnancy with two or more monoamniotic fetuses unspecified trimester 
O30.299,Quadruplet pregnancy unable to determine number of placenta and number of amniotic sacs unspecified trimester 
O30.809,Other specified multiple gestation unspecified number of placenta and unspecified number of amniotic sacs unspecified trimester 
O30.819,Other specified multiple gestation with two or more monochorionic fetuses unspecified trimester 
O30.829,Other specified multiple gestation with two or more monoamniotic fetuses unspecified trimester 
O30.899,Other specified multiple gestation unable to determine number of placenta and number of amniotic sacs unspecified trimester 
, 
C48.0,Malignant neoplasm of retroperitoneum 
C48.1,Malignant neoplasm of specified parts of peritoneum 
C48.2,Malignant neoplasm of peritoneum unspecified 
C26.0,Malignant neoplasm of intestinal tract part unspecified 
C26.1,Malignant neoplasm of spleen 
C26.9,Malignant neoplasm of ill-defined sites within the digestive system 
C26.9,Malignant neoplasm of ill-defined sites within the digestive system 
C30.0,Malignant neoplasm of nasal cavity 
C30.1,Malignant neoplasm of middle ear 
C31.0,Malignant neoplasm of maxillary sinus 
C31.1,Malignant neoplasm of ethmoidal sinus 
C31.2,Malignant neoplasm of frontal sinus 
C31.3,Malignant neoplasm of sphenoid sinus 
C31.8,Malignant neoplasm of overlapping sites of accessory sinuses 
C31.9,Malignant neoplasm of accessory sinus unspecified 
C32.0,Malignant neoplasm of glottis 
C32.1,Malignant neoplasm of supraglottis 
C32.2,Malignant neoplasm of subglottis 
C32.3,Malignant neoplasm of laryngeal cartilage 
C32.8,Malignant neoplasm of overlapping sites of larynx 
C32.9,Malignant neoplasm of larynx unspecified 
C33,Malignant neoplasm of trachea 
C34.00,Malignant neoplasm of unspecified main bronchus 
C34.10,Malignant neoplasm of upper lobe unspecified bronchus or lung 
C34.2,Malignant neoplasm of middle lobe bronchus or lung 
C34.30,Malignant neoplasm of lower lobe unspecified bronchus or lung 
C34.80,Malignant neoplasm of overlapping sites of unspecified bronchus and lung 
C34.90,Malignant neoplasm of unspecified part of unspecified bronchus or lung 
C38.4,Malignant neoplasm of pleura 
C38.4,Malignant neoplasm of pleura 
C38.4,Malignant neoplasm of pleura 
C38.4,Malignant neoplasm of pleura 
C37,Malignant neoplasm of thymus 
C38.0,Malignant neoplasm of heart 
C38.1,Malignant neoplasm of anterior mediastinum 
C38.2,Malignant neoplasm of posterior mediastinum 
C38.8,Malignant neoplasm of overlapping sites of heart mediastinum and pleura 
C38.3,Malignant neoplasm of mediastinum part unspecified 
C39.0,Malignant neoplasm of upper respiratory tract part unspecified 
C39.9,Malignant neoplasm of lower respiratory tract part unspecified 
C39.9,Malignant neoplasm of lower respiratory tract part unspecified 
C41.0,Malignant neoplasm of bones of skull and face 
C41.1,Malignant neoplasm of mandible 
C41.2,Malignant neoplasm of vertebral column 
C41.3,Malignant neoplasm of ribs sternum and clavicle 
C40.00,Malignant neoplasm of scapula and long bones of unspecified upper limb 
C40.10,Malignant neoplasm of short bones of unspecified upper limb 
C41.4,Malignant neoplasm of pelvic bones sacrum and coccyx 
C40.20,Malignant neoplasm of long bones of unspecified lower limb 
C40.30,Malignant neoplasm of short bones of unspecified lower limb 
C41.9,Malignant neoplasm of bone and articular cartilage unspecified 
C49.0,Malignant neoplasm of connective and soft tissue of head face and neck 
C49.10,Malignant neoplasm of connective and soft tissue of unspecified upper limb including shoulder 
C49.20,Malignant neoplasm of connective and soft tissue of unspecified lower limb including hip 
C49.3,Malignant neoplasm of connective and soft tissue of thorax 
C49.4,Malignant neoplasm of connective and soft tissue of abdomen 
C49.5,Malignant neoplasm of connective and soft tissue of pelvis 
C49.6,Malignant neoplasm of connective and soft tissue of trunk unspecified 
C49.8,Malignant neoplasm of overlapping sites of connective and soft tissue 
C49.9,Malignant neoplasm of connective and soft tissue unspecified 
C43.0,Malignant melanoma of lip 
C43.10,Malignant melanoma of unspecified eyelid including canthus 
C43.20,Malignant melanoma of unspecified ear and external auricular canal 
C43.30,Malignant melanoma of unspecified part of face 
C43.4,Malignant melanoma of scalp and neck 
C43.59,Malignant melanoma of other part of trunk 
C43.60,Malignant melanoma of unspecified upper limb including shoulder 
C43.70,Malignant melanoma of unspecified lower limb including hip 
C43.8,Malignant melanoma of overlapping sites of skin 
C43.9,Malignant melanoma of skin unspecified 
C44.00,Unspecified malignant neoplasm of skin of lip 
C44.01,Basal cell carcinoma of skin of lip 
C44.02,Squamous cell carcinoma of skin of lip 
C44.09,Other specified malignant neoplasm of skin of lip 
C44.101,Unspecified malignant neoplasm of skin of unspecified eyelid including canthus 
C44.111,Basal cell carcinoma of skin of unspecified eyelid including canthus 
C44.121,Squamous cell carcinoma of skin of unspecified eyelid including canthus 
C44.191,Other specified malignant neoplasm of skin of unspecified eyelid including canthus 
C44.201,Unspecified malignant neoplasm of skin of unspecified ear and external auricular canal 
C44.211,Basal cell carcinoma of skin of unspecified ear and external auricular canal 
C44.221,Squamous cell carcinoma of skin of unspecified ear and external auricular canal 
C44.291,Other specified malignant neoplasm of skin of unspecified ear and external auricular canal 
C44.300,Unspecified malignant neoplasm of skin of unspecified part of face 
C44.310,Basal cell carcinoma of skin of unspecified parts of face 
C44.320,Squamous cell carcinoma of skin of unspecified parts of face 
C44.391,Other specified malignant neoplasm of skin of nose 
C44.40,Unspecified malignant neoplasm of skin of scalp and neck 
C44.41,Basal cell carcinoma of skin of scalp and neck 
C44.42,Squamous cell carcinoma of skin of scalp and neck 
C44.49,Other specified malignant neoplasm of skin of scalp and neck 
C44.500,Unspecified malignant neoplasm of anal skin 
C44.510,Basal cell carcinoma of anal skin 
C44.520,Squamous cell carcinoma of anal skin 
C44.590,Other specified malignant neoplasm of anal skin 
C44.601,Unspecified malignant neoplasm of skin of unspecified upper limb including shoulder 
C44.611,Basal cell carcinoma of skin of unspecified upper limb including shoulder 
C44.621,Squamous cell carcinoma of skin of unspecified upper limb including shoulder 
C44.691,Other specified malignant neoplasm of skin of unspecified upper limb including shoulder 
C44.701,Unspecified malignant neoplasm of skin of unspecified lower limb including hip 
C44.711,Basal cell carcinoma of skin of unspecified lower limb including hip 
C44.721,Squamous cell carcinoma of skin of unspecified lower limb including hip 
C44.791,Other specified malignant neoplasm of skin of unspecified lower limb including hip 
C44.80,Unspecified malignant neoplasm of overlapping sites of skin 
C44.81,Basal cell carcinoma of overlapping sites of skin 
C44.82,Squamous cell carcinoma of overlapping sites of skin 
C44.89,Other specified malignant neoplasm of overlapping sites of skin 
C44.90,Unspecified malignant neoplasm of skin unspecified 
C44.91,Basal cell carcinoma of skin unspecified 
C44.92,Squamous cell carcinoma of skin unspecified 
C44.99,Other specified malignant neoplasm of skin unspecified 
C50.019,Malignant neoplasm of nipple and areola unspecified female breast 
C50.119,Malignant neoplasm of central portion of unspecified female breast 
C50.219,Malignant neoplasm of upper-inner quadrant of unspecified female breast 
C50.319,Malignant neoplasm of lower-inner quadrant of unspecified female breast 
C50.419,Malignant neoplasm of upper-outer quadrant of unspecified female breast 
C50.519,Malignant neoplasm of lower-outer quadrant of unspecified female breast 
C50.619,Malignant neoplasm of axillary tail of unspecified female breast 
C50.819,Malignant neoplasm of overlapping sites of unspecified female breast 
C50.919,Malignant neoplasm of unspecified site of unspecified female breast 
C50.029,Malignant neoplasm of nipple and areola unspecified male breast 
C50.929,Malignant neoplasm of unspecified site of unspecified male breast 
C46.0,Kaposi's sarcoma of skin 
C46.1,Kaposi's sarcoma of soft tissue 
C46.2,Kaposi's sarcoma of palate 
C46.4,Kaposi's sarcoma of gastrointestinal sites 
C46.50,Kaposi's sarcoma of unspecified lung 
C46.3,Kaposi's sarcoma of lymph nodes 
C46.7,Kaposi's sarcoma of other sites 
C46.9,Kaposi's sarcoma unspecified 
C55,Malignant neoplasm of uterus part unspecified 
C53.0,Malignant neoplasm of endocervix 
C53.1,Malignant neoplasm of exocervix 
C53.8,Malignant neoplasm of overlapping sites of cervix uteri 
C53.9,Malignant neoplasm of cervix uteri unspecified 
C58,Malignant neoplasm of placenta 
C54.9,Malignant neoplasm of corpus uteri unspecified 
C54.0,Malignant neoplasm of isthmus uteri 
C54.8,Malignant neoplasm of overlapping sites of corpus uteri 
C56.9,Malignant neoplasm of unspecified ovary 
C57.00,Malignant neoplasm of unspecified fallopian tube 
C57.10,Malignant neoplasm of unspecified broad ligament 
C57.3,Malignant neoplasm of parametrium 
C57.20,Malignant neoplasm of unspecified round ligament 
C57.4,Malignant neoplasm of uterine adnexa unspecified 
C57.4,Malignant neoplasm of uterine adnexa unspecified 
C52,Malignant neoplasm of vagina 
C51.0,Malignant neoplasm of labium majus 
C51.1,Malignant neoplasm of labium minus 
C51.2,Malignant neoplasm of clitoris 
C51.9,Malignant neoplasm of vulva unspecified 
C57.7,Malignant neoplasm of other specified female genital organs 
C57.9,Malignant neoplasm of female genital organ unspecified 
C61,Malignant neoplasm of prostate 
C62.00,Malignant neoplasm of unspecified undescended testis 
C62.90,Malignant neoplasm of unspecified testis unspecified whether descended or undescended 
C60.0,Malignant neoplasm of prepuce 
C60.1,Malignant neoplasm of glans penis 
C60.2,Malignant neoplasm of body of penis 
C60.9,Malignant neoplasm of penis unspecified 
C63.00,Malignant neoplasm of unspecified epididymis 
C63.10,Malignant neoplasm of unspecified spermatic cord 
C63.2,Malignant neoplasm of scrotum 
C63.7,Malignant neoplasm of other specified male genital organs 
C63.9,Malignant neoplasm of male genital organ unspecified 
C67.0,Malignant neoplasm of trigone of bladder 
C67.1,Malignant neoplasm of dome of bladder 
C67.2,Malignant neoplasm of lateral wall of bladder 
C67.3,Malignant neoplasm of anterior wall of bladder 
C67.4,Malignant neoplasm of posterior wall of bladder 
C67.5,Malignant neoplasm of bladder neck 
C67.6,Malignant neoplasm of ureteric orifice 
C67.7,Malignant neoplasm of urachus 
C67.8,Malignant neoplasm of overlapping sites of bladder 
C67.9,Malignant neoplasm of bladder unspecified 
C64.9,Malignant neoplasm of unspecified kidney except renal pelvis 
C65.9,Malignant neoplasm of unspecified renal pelvis 
C66.9,Malignant neoplasm of unspecified ureter 
C68.0,Malignant neoplasm of urethra 
C68.1,Malignant neoplasm of paraurethral glands 
C68.8,Malignant neoplasm of overlapping sites of urinary organs 
C68.9,Malignant neoplasm of urinary organ unspecified 
C69.40,Malignant neoplasm of unspecified ciliary body 
C69.60,Malignant neoplasm of unspecified orbit 
C69.50,Malignant neoplasm of unspecified lacrimal gland and duct 
C69.00,Malignant neoplasm of unspecified conjunctiva 
C69.10,Malignant neoplasm of unspecified cornea 
C69.20,Malignant neoplasm of unspecified retina 
C69.30,Malignant neoplasm of unspecified choroid 
C69.50,Malignant neoplasm of unspecified lacrimal gland and duct 
C69.80,Malignant neoplasm of overlapping sites of unspecified eye and adnexa 
C69.90,Malignant neoplasm of unspecified site of unspecified eye 
C71.0,Malignant neoplasm of cerebrum except lobes and ventricles 
C71.1,Malignant neoplasm of frontal lobe 
C71.2,Malignant neoplasm of temporal lobe 
C71.3,Malignant neoplasm of parietal lobe 
C71.4,Malignant neoplasm of occipital lobe 
C71.5,Malignant neoplasm of cerebral ventricle 
C71.6,Malignant neoplasm of cerebellum 
C71.7,Malignant neoplasm of brain stem 
C71.8,Malignant neoplasm of overlapping sites of brain 
C71.9,Malignant neoplasm of brain unspecified 
C72.50,Malignant neoplasm of unspecified cranial nerve 
C70.0,Malignant neoplasm of cerebral meninges 
C72.0,Malignant neoplasm of spinal cord 
C70.1,Malignant neoplasm of spinal meninges 
C72.9,Malignant neoplasm of central nervous system unspecified 
C72.9,Malignant neoplasm of central nervous system unspecified 
C73,Malignant neoplasm of thyroid gland 
C74.90,Malignant neoplasm of unspecified part of unspecified adrenal gland 
C75.0,Malignant neoplasm of parathyroid gland 
C75.1,Malignant neoplasm of pituitary gland 
C75.3,Malignant neoplasm of pineal gland 
C75.4,Malignant neoplasm of carotid body 
C75.5,Malignant neoplasm of aortic body and other paraganglia 
C75.8,Malignant neoplasm with pluriglandular involvement unspecified 
C75.9,Malignant neoplasm of endocrine gland unspecified 
C76.0,Malignant neoplasm of head face and neck 
C76.1,Malignant neoplasm of thorax 
C76.2,Malignant neoplasm of abdomen 
C76.3,Malignant neoplasm of pelvis 
C76.40,Malignant neoplasm of unspecified upper limb 
C76.50,Malignant neoplasm of unspecified lower limb 
C76.8,Malignant neoplasm of other specified ill-defined sites 
C77.0,Secondary and unspecified malignant neoplasm of lymph nodes of head face and neck 
C77.1,Secondary and unspecified malignant neoplasm of intrathoracic lymph nodes 
C77.2,Secondary and unspecified malignant neoplasm of intra-abdominal lymph nodes 
C77.3,Secondary and unspecified malignant neoplasm of axilla and upper limb lymph nodes 
C77.4,Secondary and unspecified malignant neoplasm of inguinal and lower limb lymph nodes 
C77.5,Secondary and unspecified malignant neoplasm of intrapelvic lymph nodes 
C77.8,Secondary and unspecified malignant neoplasm of lymph nodes of multiple regions 
C77.9,Secondary and unspecified malignant neoplasm of lymph node unspecified 
C78.00,Secondary malignant neoplasm of unspecified lung 
C78.1,Secondary malignant neoplasm of mediastinum 
C78.2,Secondary malignant neoplasm of pleura 
C78.39,Secondary malignant neoplasm of other respiratory organs 
C78.4,Secondary malignant neoplasm of small intestine 
C78.5,Secondary malignant neoplasm of large intestine and rectum 
C78.6,Secondary malignant neoplasm of retroperitoneum and peritoneum 
C78.7,Secondary malignant neoplasm of liver and intrahepatic bile duct 
C78.89,Secondary malignant neoplasm of other digestive organs 
C79.00,Secondary malignant neoplasm of unspecified kidney and renal pelvis 
C79.19,Secondary malignant neoplasm of other urinary organs 
C79.2,Secondary malignant neoplasm of skin 
C79.31,Secondary malignant neoplasm of brain 
C79.49,Secondary malignant neoplasm of other parts of nervous system 
C79.52,Secondary malignant neoplasm of bone marrow 
C79.60,Secondary malignant neoplasm of unspecified ovary 
C79.70,Secondary malignant neoplasm of unspecified adrenal gland 
C79.81,Secondary malignant neoplasm of breast 
C79.82,Secondary malignant neoplasm of genital organs 
C79.89,Secondary malignant neoplasm of other specified sites 
C80.0,Disseminated malignant neoplasm unspecified 
C80.1,Malignant (primary) neoplasm unspecified 
C80.2,Malignant neoplasm associated with transplanted organ 
C83.30,Diffuse large B-cell lymphoma unspecified site 
C83.31,Diffuse large B-cell lymphoma lymph nodes of head face and neck 
C83.32,Diffuse large B-cell lymphoma intrathoracic lymph nodes 
C83.33,Diffuse large B-cell lymphoma intra-abdominal lymph nodes 
C83.34,Diffuse large B-cell lymphoma lymph nodes of axilla and upper limb 
C83.35,Diffuse large B-cell lymphoma lymph nodes of inguinal region and lower limb 
C83.36,Diffuse large B-cell lymphoma intrapelvic lymph nodes 
C83.37,Diffuse large B-cell lymphoma spleen 
C83.38,Diffuse large B-cell lymphoma lymph nodes of multiple sites 
C83.50,Lymphoblastic (diffuse) lymphoma unspecified site 
C83.51,Lymphoblastic (diffuse) lymphoma lymph nodes of head face and neck 
C83.52,Lymphoblastic (diffuse) lymphoma intrathoracic lymph nodes 
C83.53,Lymphoblastic (diffuse) lymphoma intra-abdominal lymph nodes 
C83.54,Lymphoblastic (diffuse) lymphoma lymph nodes of axilla and upper limb 
C83.55,Lymphoblastic (diffuse) lymphoma lymph nodes of inguinal region and lower limb 
C83.56,Lymphoblastic (diffuse) lymphoma intrapelvic lymph nodes 
C83.57,Lymphoblastic (diffuse) lymphoma spleen 
C83.58,Lymphoblastic (diffuse) lymphoma lymph nodes of multiple sites 
C83.70,Burkitt lymphoma unspecified site 
C83.71,Burkitt lymphoma lymph nodes of head face and neck 
C83.72,Burkitt lymphoma intrathoracic lymph nodes 
C83.73,Burkitt lymphoma intra-abdominal lymph nodes 
C83.74,Burkitt lymphoma lymph nodes of axilla and upper limb 
C83.75,Burkitt lymphoma lymph nodes of inguinal region and lower limb 
C83.76,Burkitt lymphoma intrapelvic lymph nodes 
C83.77,Burkitt lymphoma spleen 
C83.78,Burkitt lymphoma lymph nodes of multiple sites 
C83.80,Other non-follicular lymphoma unspecified site 
C83.81,Other non-follicular lymphoma lymph nodes of head face and neck 
C83.82,Other non-follicular lymphoma intrathoracic lymph nodes 
C83.83,Other non-follicular lymphoma intra-abdominal lymph nodes 
C83.84,Other non-follicular lymphoma lymph nodes of axilla and upper limb 
C83.85,Other non-follicular lymphoma lymph nodes of inguinal region and lower limb 
C83.86,Other non-follicular lymphoma intrapelvic lymph nodes 
C83.87,Other non-follicular lymphoma spleen 
C83.88,Other non-follicular lymphoma lymph nodes of multiple sites 
C83.10,Mantle cell lymphoma unspecified site 
C83.11,Mantle cell lymphoma lymph nodes of head face and neck 
C83.12,Mantle cell lymphoma intrathoracic lymph nodes 
C83.13,Mantle cell lymphoma intra-abdominal lymph nodes 
C83.14,Mantle cell lymphoma lymph nodes of axilla and upper limb 
C83.15,Mantle cell lymphoma lymph nodes of inguinal region and lower limb 
C83.16,Mantle cell lymphoma intrapelvic lymph nodes 
C83.17,Mantle cell lymphoma spleen 
C83.18,Mantle cell lymphoma lymph nodes of multiple sites 
C83.39,Diffuse large B-cell lymphoma extranodal and solid organ sites 
C83.81,Other non-follicular lymphoma lymph nodes of head face and neck 
C83.82,Other non-follicular lymphoma intrathoracic lymph nodes 
C83.83,Other non-follicular lymphoma intra-abdominal lymph nodes 
C83.84,Other non-follicular lymphoma lymph nodes of axilla and upper limb 
C83.85,Other non-follicular lymphoma lymph nodes of inguinal region and lower limb 
C83.86,Other non-follicular lymphoma intrapelvic lymph nodes 
C83.87,Other non-follicular lymphoma spleen 
C83.88,Other non-follicular lymphoma lymph nodes of multiple sites 
C84.60,Anaplastic large cell lymphoma ALK-positive unspecified site 
C84.61,Anaplastic large cell lymphoma ALK-positive lymph nodes of head face and neck 
C84.62,Anaplastic large cell lymphoma ALK-positive intrathoracic lymph nodes 
C84.63,Anaplastic large cell lymphoma ALK-positive intra-abdominal lymph nodes 
C84.64,Anaplastic large cell lymphoma ALK-positive lymph nodes of axilla and upper limb 
C84.65,Anaplastic large cell lymphoma ALK-positive lymph nodes of inguinal region and lower limb 
C84.66,Anaplastic large cell lymphoma ALK-positive intrapelvic lymph nodes 
C84.67,Anaplastic large cell lymphoma ALK-positive spleen 
C84.68,Anaplastic large cell lymphoma ALK-positive lymph nodes of multiple sites 
C83.39,Diffuse large B-cell lymphoma extranodal and solid organ sites 
C83.31,Diffuse large B-cell lymphoma lymph nodes of head face and neck 
C83.32,Diffuse large B-cell lymphoma intrathoracic lymph nodes 
C83.33,Diffuse large B-cell lymphoma intra-abdominal lymph nodes 
C83.34,Diffuse large B-cell lymphoma lymph nodes of axilla and upper limb 
C83.35,Diffuse large B-cell lymphoma lymph nodes of inguinal region and lower limb 
C83.36,Diffuse large B-cell lymphoma intrapelvic lymph nodes 
C83.37,Diffuse large B-cell lymphoma spleen 
C83.38,Diffuse large B-cell lymphoma lymph nodes of multiple sites 
C83.80,Other non-follicular lymphoma unspecified site 
C83.81,Other non-follicular lymphoma lymph nodes of head face and neck 
C83.82,Other non-follicular lymphoma intrathoracic lymph nodes 
C83.83,Other non-follicular lymphoma intra-abdominal lymph nodes 
C83.84,Other non-follicular lymphoma lymph nodes of axilla and upper limb 
C83.85,Other non-follicular lymphoma lymph nodes of inguinal region and lower limb 
C83.86,Other non-follicular lymphoma intrapelvic lymph nodes 
C83.87,Other non-follicular lymphoma spleen 
C83.88,Other non-follicular lymphoma lymph nodes of multiple sites 
C81.70,Other classical Hodgkin lymphoma unspecified site 
C81.71,Other classical Hodgkin lymphoma lymph nodes of head face and neck 
C81.72,Other classical Hodgkin lymphoma intrathoracic lymph nodes 
C81.73,Other classical Hodgkin lymphoma intra-abdominal lymph nodes 
C81.74,Other classical Hodgkin lymphoma lymph nodes of axilla and upper limb 
'C81.75,Other classical Hodgkin lymphoma lymph nodes of inguinal region and lower limb 
'C81.76,Other classical Hodgkin lymphoma intrapelvic lymph nodes 
'C81.77,Other classical Hodgkin lymphoma spleen 
'C81.78,Other classical Hodgkin lymphoma lymph nodes of multiple sites 
'C81.79,Other classical Hodgkin lymphoma extranodal and solid organ sites 
'C81.71,Other classical Hodgkin lymphoma lymph nodes of head face and neck 
'C81.72,Other classical Hodgkin lymphoma intrathoracic lymph nodes 
'C81.73,Other classical Hodgkin lymphoma intra-abdominal lymph nodes 
'C81.74,Other classical Hodgkin lymphoma lymph nodes of axilla and upper limb 
'C81.75,Other classical Hodgkin lymphoma lymph nodes of inguinal region and lower limb 
'C81.76,Other classical Hodgkin lymphoma intrapelvic lymph nodes 
'C81.77,Other classical Hodgkin lymphoma spleen 
'C81.78,Other classical Hodgkin lymphoma lymph nodes of multiple sites 
'C81.79,Other classical Hodgkin lymphoma extranodal and solid organ sites 
'C81.71,Other classical Hodgkin lymphoma lymph nodes of head face and neck 
'C81.72,Other classical Hodgkin lymphoma intrathoracic lymph nodes 
'C81.73,Other classical Hodgkin lymphoma intra-abdominal lymph nodes 
'C81.74,Other classical Hodgkin lymphoma lymph nodes of axilla and upper limb 
'C81.75,Other classical Hodgkin lymphoma lymph nodes of inguinal region and lower limb 
'C81.76,Other classical Hodgkin lymphoma intrapelvic lymph nodes 
C81.77,Other classical Hodgkin lymphoma spleen 
C81.78,Other classical Hodgkin lymphoma lymph nodes of multiple sites 
C81.00,Nodular lymphocyte predominant Hodgkin lymphoma unspecified site 
C81.01,Nodular lymphocyte predominant Hodgkin lymphoma lymph nodes of head face and neck 
C81.02,Nodular lymphocyte predominant Hodgkin lymphoma intrathoracic lymph nodes 
C81.03,Nodular lymphocyte predominant Hodgkin lymphoma intra-abdominal lymph nodes 
C81.04,Nodular lymphocyte predominant Hodgkin lymphoma lymph nodes of axilla and upper limb 
C81.05,Nodular lymphocyte predominant Hodgkin lymphoma lymph nodes of inguinal region and lower limb 
C81.06,Nodular lymphocyte predominant Hodgkin lymphoma intrapelvic lymph nodes 
C81.07,Nodular lymphocyte predominant Hodgkin lymphoma spleen 
C81.08,Nodular lymphocyte predominant Hodgkin lymphoma lymph nodes of multiple sites 
C81.10,Nodular sclerosis classical Hodgkin lymphoma unspecified site 
C81.11,Nodular sclerosis classical Hodgkin lymphoma lymph nodes of head face and neck 
C81.12,Nodular sclerosis classical Hodgkin lymphoma intrathoracic lymph nodes 
C81.13,Nodular sclerosis classical Hodgkin lymphoma intra-abdominal lymph nodes 
C81.14,Nodular sclerosis classical Hodgkin lymphoma lymph nodes of axilla and upper limb 
C81.15,Nodular sclerosis classical Hodgkin lymphoma lymph nodes of inguinal region and lower limb 
C81.16,Nodular sclerosis classical Hodgkin lymphoma intrapelvic lymph nodes 
C81.17,Nodular sclerosis classical Hodgkin lymphoma spleen 
C81.18,Nodular sclerosis classical Hodgkin lymphoma lymph nodes of multiple sites 
C81.20,Mixed cellularity classical Hodgkin lymphoma unspecified site 
C81.21,Mixed cellularity classical Hodgkin lymphoma lymph nodes of head face and neck 
C81.22,Mixed cellularity classical Hodgkin lymphoma intrathoracic lymph nodes 
C81.23,Mixed cellularity classical Hodgkin lymphoma intra-abdominal lymph nodes 
C81.24,Mixed cellularity classical Hodgkin lymphoma lymph nodes of axilla and upper limb 
C81.25,Mixed cellularity classical Hodgkin lymphoma lymph nodes of inguinal region and lower limb 
C81.26,Mixed cellularity classical Hodgkin lymphoma intrapelvic lymph nodes 
C81.27,Mixed cellularity classical Hodgkin lymphoma spleen 
C81.28,Mixed cellularity classical Hodgkin lymphoma lymph nodes of multiple sites 
C81.30,Lymphocyte depleted classical Hodgkin lymphoma unspecified site 
C81.31,Lymphocyte depleted classical Hodgkin lymphoma lymph nodes of head face and neck 
C81.32,Lymphocyte depleted classical Hodgkin lymphoma intrathoracic lymph nodes 
C81.33,Lymphocyte depleted classical Hodgkin lymphoma intra-abdominal lymph nodes 
C81.34,Lymphocyte depleted classical Hodgkin lymphoma lymph nodes of axilla and upper limb 
C81.35,Lymphocyte depleted classical Hodgkin lymphoma lymph nodes of inguinal region and lower limb 
C81.36,Lymphocyte depleted classical Hodgkin lymphoma intrapelvic lymph nodes 
C81.37,Lymphocyte depleted classical Hodgkin lymphoma spleen 
C81.38,Lymphocyte depleted classical Hodgkin lymphoma lymph nodes of multiple sites 
C81.90,Hodgkin lymphoma unspecified unspecified site 
C81.91,Hodgkin lymphoma unspecified lymph nodes of head face and neck 
C81.92,Hodgkin lymphoma unspecified intrathoracic lymph nodes 
C81.93,Hodgkin lymphoma unspecified intra-abdominal lymph nodes 
C81.94,Hodgkin lymphoma unspecified lymph nodes of axilla and upper limb 
C81.95,Hodgkin lymphoma unspecified lymph nodes of inguinal region and lower limb 
C81.96,Hodgkin lymphoma unspecified intrapelvic lymph nodes 
C81.97,Hodgkin lymphoma unspecified spleen 
C81.98,Hodgkin lymphoma unspecified lymph nodes of multiple sites 
C82.90,Follicular lymphoma unspecified unspecified site 
C82.91,Follicular lymphoma unspecified lymph nodes of head face and neck 
C82.92,Follicular lymphoma unspecified intrathoracic lymph nodes 
C82.93,Follicular lymphoma unspecified intra-abdominal lymph nodes 
C82.94,Follicular lymphoma unspecified lymph nodes of axilla and upper limb 
C82.95,Follicular lymphoma unspecified lymph nodes of inguinal region and lower limb 
C82.96,Follicular lymphoma unspecified intrapelvic lymph nodes 
C82.97,Follicular lymphoma unspecified spleen 
C82.98,Follicular lymphoma unspecified lymph nodes of multiple sites 
C84.00,Mycosis fungoides unspecified site 
C84.01,Mycosis fungoides lymph nodes of head face and neck 
C84.02,Mycosis fungoides intrathoracic lymph nodes 
C84.03,Mycosis fungoides intra-abdominal lymph nodes 
C84.04,Mycosis fungoides lymph nodes of axilla and upper limb 
C84.05,Mycosis fungoides lymph nodes of inguinal region and lower limb 
C84.06,Mycosis fungoides intrapelvic lymph nodes 
C84.07,Mycosis fungoides spleen 
C84.08,Mycosis fungoides lymph nodes of multiple sites 
C84.10,Sezary disease unspecified site 
C84.11,Sezary disease lymph nodes of head face and neck 
C84.12,Sezary disease intrathoracic lymph nodes 
C84.13,Sezary disease intra-abdominal lymph nodes 
C84.14,Sezary disease lymph nodes of axilla and upper limb 
C84.15,Sezary disease lymph nodes of inguinal region and lower limb 
C84.16,Sezary disease intrapelvic lymph nodes 
C84.17,Sezary disease spleen 
C84.18,Sezary disease lymph nodes of multiple sites 
C96.A,Histiocytic sarcoma 
C96.A,Histiocytic sarcoma 
C96.A,Histiocytic sarcoma 
C96.A,Histiocytic sarcoma 
C96.A,Histiocytic sarcoma 
C96.A,Histiocytic sarcoma 
C96.A,Histiocytic sarcoma 
C96.A,Histiocytic sarcoma 
C96.A,Histiocytic sarcoma 
C91.40,Hairy cell leukemia not having achieved remission 
C91.40,Hairy cell leukemia not having achieved remission 
C91.40,Hairy cell leukemia not having achieved remission 
C91.40,Hairy cell leukemia not having achieved remission 
C91.40,Hairy cell leukemia not having achieved remission 
C91.40,Hairy cell leukemia not having achieved remission 
C91.40,Hairy cell leukemia not having achieved remission 
C91.40,Hairy cell leukemia not having achieved remission 
C91.40,Hairy cell leukemia not having achieved remission 
C96.0,Multifocal and multisystemic (disseminated) Langerhans-cell histiocytosis 
C96.0,Multifocal and multisystemic (disseminated) Langerhans-cell histiocytosis 
C96.0,Multifocal and multisystemic (disseminated) Langerhans-cell histiocytosis 
C96.0,Multifocal and multisystemic (disseminated) Langerhans-cell histiocytosis 
C96.0,Multifocal and multisystemic (disseminated) Langerhans-cell histiocytosis 
C96.0,Multifocal and multisystemic (disseminated) Langerhans-cell histiocytosis 
C96.0,Multifocal and multisystemic (disseminated) Langerhans-cell histiocytosis 
C96.0,Multifocal and multisystemic (disseminated) Langerhans-cell histiocytosis 
C96.0,Multifocal and multisystemic (disseminated) Langerhans-cell histiocytosis 
C96.2,Malignant mast cell tumor 
C96.2,Malignant mast cell tumor 
C96.2,Malignant mast cell tumor 
C96.2,Malignant mast cell tumor 
C96.2,Malignant mast cell tumor 
C96.2,Malignant mast cell tumor 
C96.2,Malignant mast cell tumor 
C96.2,Malignant mast cell tumor 
C96.2,Malignant mast cell tumor 
C84.40,Peripheral T-cell lymphoma not classified unspecified site 
C84.41,Peripheral T-cell lymphoma not classified lymph nodes of head face and neck 
C84.42,Peripheral T-cell lymphoma not classified intrathoracic lymph nodes 
C84.43,Peripheral T-cell lymphoma not classified intra-abdominal lymph nodes 
C84.44,Peripheral T-cell lymphoma not classified lymph nodes of axilla and upper limb 
C84.45,Peripheral T-cell lymphoma not classified lymph nodes of inguinal region and lower limb 
C84.46,Peripheral T-cell lymphoma not classified intrapelvic lymph nodes 
C84.47,Peripheral T-cell lymphoma not classified spleen 
C84.48,Peripheral T-cell lymphoma not classified lymph nodes of multiple sites 
C85.80,Other specified types of non-Hodgkin lymphoma unspecified site 
C85.81,Other specified types of non-Hodgkin lymphoma lymph nodes of head face and neck 
C85.82,Other specified types of non-Hodgkin lymphoma intrathoracic lymph nodes 
C84.93,Mature T/NK-cell lymphomas unspecified intra-abdominal lymph nodes 
C85.84,Other specified types of non-Hodgkin lymphoma lymph nodes of axilla and upper limb 
C85.85,Other specified types of non-Hodgkin lymphoma lymph nodes of inguinal region and lower limb 
C85.86,Other specified types of non-Hodgkin lymphoma intrapelvic lymph nodes 
C85.87,Other specified types of non-Hodgkin lymphoma spleen 
C85.88,Other specified types of non-Hodgkin lymphoma lymph nodes of multiple sites 
C96.9,Malignant neoplasm of lymphoid hematopoietic and related tissue unspecified 
C96.9,Malignant neoplasm of lymphoid hematopoietic and related tissue unspecified 
C96.9,Malignant neoplasm of lymphoid hematopoietic and related tissue unspecified 
C96.9,Malignant neoplasm of lymphoid hematopoietic and related tissue unspecified 
C96.9,Malignant neoplasm of lymphoid hematopoietic and related tissue unspecified 
C96.9,Malignant neoplasm of lymphoid hematopoietic and related tissue unspecified 
C96.9,Malignant neoplasm of lymphoid hematopoietic and related tissue unspecified 
C96.9,Malignant neoplasm of lymphoid hematopoietic and related tissue unspecified 
C96.9,Malignant neoplasm of lymphoid hematopoietic and related tissue unspecified 
C90.00,Multiple myeloma not having achieved remission 
C90.01,Multiple myeloma in remission 
C90.02,Multiple myeloma in relapse 
C90.10,Plasma cell leukemia not having achieved remission 
C90.11,Plasma cell leukemia in remission 
C90.12,Plasma cell leukemia in relapse 
C88.8,Other malignant immunoproliferative diseases 
C90.21,Extramedullary plasmacytoma in remission 
C90.22,Extramedullary plasmacytoma in relapse 
A01.00,Typhoid fever unspecified 
A04.4,Other intestinal Escherichia coli infections 
A15.7,Primary respiratory tuberculosis 
A15.0,Tuberculosis of lung 
A15.6,Tuberculous pleurisy 
A17.0,Tuberculous meningitis 
A18.31,Tuberculous peritonitis 
A18.01,Tuberculosis of spine 
A18.11,Tuberculosis of kidney and ureter 
A18.4,Tuberculosis of skin and subcutaneous tissue 
A19.2,Acute miliary tuberculosis unspecified 
A37.00,Whooping cough due to Bordetella pertussis without pneumonia 
B95.5,Unspecified streptococcus as the cause of diseases classified elsewhere 
A80.39,Other acute paralytic poliomyelitis 
B06.00,Rubella with neurological complication unspecified 
B08.09,Other orthopoxvirus infections 
A54.00,Gonococcal infection of lower genitourinary tract unspecified 
B39.4,Histoplasmosis capsulati unspecified 
A59.00,Urogenital trichomoniasis unspecified 
C91.00,Acute lymphoblastic leukemia not having achieved remission 
C92.00,Acute myeloblastic leukemia not having achieved remission 
C93.00,Acute monoblastic/monocytic leukemia not having achieved remission 
C94.00,Acute erythroid leukemia not having achieved remission 
C95.00,Acute leukemia of unspecified cell type not having achieved remission 
C7A.019,Malignant carcinoid tumor of the small intestine unspecified portion 
D30.00,Benign neoplasm of unspecified kidney 
D35.00,Benign neoplasm of unspecified adrenal gland 
D18.00,Hemangioma unspecified site 
D00.00,Carcinoma in situ of oral cavity unspecified site 
E05.00,Thyrotoxicosis with diffuse goiter without thyrotoxic crisis or storm 
E08.9,Diabetes mellitus due to underlying condition without complications 
E11.9,Type 2 diabetes mellitus without complications 
E21.3,Hyperparathyroidism unspecified 
E72.00,Disorders of amino-acid transport unspecified 
E74.00,Glycogen storage disease unspecified 
M10.00,Idiopathic gout unspecified site 
E84.9,Cystic fibrosis unspecified 
E66.9,Obesity unspecified 
D80.1,Nonfamilial hypogammaglobulinemia 
D70.9,Neutropenia unspecified 
F20.89,Other schizophrenia 
F30.10,Manic episode without psychotic symptoms unspecified 
F84.0,Autistic disorder 
F41.9,Anxiety disorder unspecified 
F10.229,Alcohol dependence with intoxication unspecified 
F11.20,Opioid dependence uncomplicated 
F10.10,Alcohol abuse uncomplicated 
F91.1,Conduct disorder childhood-onset type 
F90.0,Attention-deficit hyperactivity disorder predominantly inattentive type 
F81.0,Specific reading disorder 
G47.01,Insomnia due to medical condition 
G90.09,Other idiopathic peripheral autonomic neuropathy 
G44.009,Cluster headache syndrome unspecified not intractable 
G81.00,Flaccid hemiplegia affecting unspecified side 
G82.50,Quadriplegia unspecified 
G40.A01,Absence epileptic syndrome not intractable with status epilepticus 
G43.109,Migraine with aura not intractable without status migrainosus 
G47.419,Narcolepsy without cataplexy 
G56.00,Carpal tunnel syndrome unspecified upper limb 
G57.00,Lesion of sciatic nerve unspecified lower limb 
G70.00,Myasthenia gravis without (acute) exacerbation 
H44.009,Unspecified purulent endophthalmitis unspecified eye 
H33.009,Unspecified retinal detachment with retinal break unspecified eye 
H30.009,Unspecified focal chorioretinal inflammation unspecified eye 
H20.00,Unspecified acute and subacute iridocyclitis 
H40.009,Preglaucoma unspecified unspecified eye 
H26.009,Unspecified infantile and juvenile cataract unspecified eye 
H53.009,Unspecified amblyopia unspecified eye 
H54.0,Blindness both eyes 
H16.009,Unspecified corneal ulcer unspecified eye 
H17.9,Unspecified corneal scar and opacity 
H10.33,Unspecified acute conjunctivitis bilateral 
H01.009,Unspecified blepharitis unspecified eye unspecified eyelid 
H02.009,Unspecified entropion of unspecified eye unspecified eyelid 
H04.009,Unspecified dacryoadenitis unspecified lacrimal gland 
H05.00,Unspecified acute inflammation of orbit 
H47.10,Unspecified papilledema 
H50.00,Unspecified esotropia 
H15.009,Unspecified scleritis unspecified eye 
H61.009,Unspecified perichondritis of external ear unspecified ear 
H65.199,Other acute nonsuppurative otitis media unspecified ear 
H66.009,Acute suppurative otitis media without spontaneous rupture of ear drum unspecified ear 
H70.009,Acute mastoiditis without complications unspecified ear 
H73.009,Acute myringitis unspecified ear 
H74.09,Tympanosclerosis unspecified ear 
H81.09,Meniere's disease unspecified ear 
H93.099,Unspecified degenerative and vascular disorders of unspecified ear 
H90.2,Conductive hearing loss unspecified 
I11.9,Hypertensive heart disease without heart failure 
I12.9,Hypertensive chronic kidney disease with stage 1 through stage 4 chronic kidney disease or unspecified chronic kidney disease 
I13.10,Hypertensive heart and chronic kidney disease without heart failure with stage 1 through stage 4 chronic kidney disease or unspecified chronic kidney disease 
I21.09,ST elevation (STEMI) myocardial infarction involving other coronary artery of anterior wall 
I25.10,Atherosclerotic heart disease of native coronary artery without angina pectoris 
I65.1,Occlusion and stenosis of basilar artery 
I66.09,Occlusion and stenosis of unspecified middle cerebral artery 
I71.00,Dissection of unspecified site of aorta 
I73.00,Raynaud's syndrome without gangrene 
I80.00,Phlebitis and thrombophlebitis of superficial vessels of unspecified lower extremity 
J01.00,Acute maxillary sinusitis unspecified 
J04.0,Acute laryngitis 
J35.01,Chronic tonsillitis 
J11.00,Influenza due to unidentified influenza virus with unspecified type of pneumonia 
J45.20,Mild intermittent asthma uncomplicated 
J95.00,Unspecified tracheostomy complication 
K02.9,Dental caries unspecified 
K05.00,Acute gingivitis plaque induced 
M26.00,Unspecified anomaly of jaw size 
K12.30,Oral mucositis (ulcerative) unspecified 
K25.0,Acute gastric ulcer with hemorrhage 
K26.0,Acute duodenal ulcer with hemorrhage 
K27.0,Acute peptic ulcer site unspecified with hemorrhage 
K28.0,Acute gastrojejunal ulcer with hemorrhage 
K29.00,Acute gastritis without bleeding 
K40.40,Unilateral inguinal hernia with gangrene not specified as recurrent 
K41.40,Unilateral femoral hernia with gangrene not specified as recurrent 
K41.30,Unilateral femoral hernia with obstruction without gangrene not specified as recurrent 
K41.90,Unilateral femoral hernia without obstruction or gangrene not specified as recurrent 
K50.00,Crohn's disease of small intestine without complications 
K57.10,Diverticulosis of small intestine without perforation or abscess without bleeding 
K59.00,Constipation unspecified 
K80.00,Calculus of gallbladder with acute cholecystitis without obstruction 
N11.0,Nonobstructive reflux-associated chronic pyelonephritis 
N30.00,Acute cystitis without hematuria 
N35.111,Postinfective urethral stricture not elsewhere classified male meatal 
N40.0,Enlarged prostate without lower urinary tract symptoms 
N81.9,Female genital prolapse unspecified 
O00.0,Abdominal pregnancy 
O03.5,Genital tract and pelvic infection following complete or unspecified spontaneous abortion 
O04.87,Sepsis following (induced) termination of pregnancy 
O04.5,Genital tract and pelvic infection following (induced) termination of pregnancy 
O04.5,Genital tract and pelvic infection following (induced) termination of pregnancy 
O20.0,Threatened abortion 
O44.00,Placenta previa specified as without hemorrhage unspecified trimester 
O10.019,Pre-existing essential hypertension complicating pregnancy unspecified trimester 
O21.0,Mild hyperemesis gravidarum 
O60.00,Preterm labor without delivery unspecified trimester 
O31.00x0,Papyraceous fetus unspecified trimester not applicable or unspecified 
O98.119,Syphilis complicating pregnancy unspecified trimester 
O24.319,Unspecified pre-existing diabetes mellitus in pregnancy unspecified trimester 
O99.330,Smoking (tobacco) complicating pregnancy unspecified trimester 
O30.009,Twin pregnancy unspecified number of placenta and unspecified number of amniotic sacs unspecified trimester 
O32.0xx0,Maternal care for unstable lie not applicable or unspecified 
O33.0,Maternal care for disproportion due to deformity of maternal pelvic bones 
'O34.00,Maternal care for unspecified congenital malformation of uterus unspecified trimester 
O35.0xx0,Maternal care for (suspected) central nervous system malformation in fetus not applicable or unspecified 
O43.019,Fetomaternal placental transfusion syndrome unspecified trimester 
O40.9xx0,Polyhydramnios unspecified trimester not applicable or unspecified 
O41.00x0,Oligohydramnios unspecified trimester not applicable or unspecified 
O61.1,Failed instrumental induction of labor 
O64.9xx0,Obstructed labor due to malposition and malpresentation unspecified not applicable or unspecified 
O62.0,Primary inadequate contractions 
O63.0,Prolonged first stage (of labor) 
O69.0xx0,Labor and delivery complicated by prolapse of cord not applicable or unspecified 
O70.0,First degree perineal laceration during delivery 
O71.00,Rupture of uterus before onset of labor unspecified trimester 
O72.0,Third-stage hemorrhage 
O43.239,Placenta percreta unspecified trimester 
O74.1,Other pulmonary complications of anesthesia during labor and delivery 
O75.0,Maternal distress during labor and delivery 
O86.89,Other specified puerperal infections 
O22.00,Varicose veins of lower extremity in pregnancy unspecified trimester 
O86.4,Pyrexia of unknown origin following delivery 
O88.019,Air embolism in pregnancy unspecified trimester 
O99.419,Diseases of the circulatory system complicating pregnancy unspecified trimester 
O91.019,Infection of nipple associated with pregnancy unspecified trimester 
O92.019,Retracted nipple associated with pregnancy unspecified trimester 
O36.8290,Fetal anemia and thrombocytopenia unspecified trimester not applicable or unspecified 
O26.899,Other specified pregnancy related conditions unspecified trimester 
L03.019,Cellulitis of unspecified finger 
L08.0,Pyoderma 
L65.9,Nonscarring hair loss unspecified 
L89.90,Pressure ulcer of unspecified site unspecified stage 
L81.9,Disorder of pigmentation unspecified 
M00.9,Pyogenic arthritis unspecified 
M15.9,Polyosteoarthritis unspecified 
M12.10,Kaschin-Beck disease unspecified site 
M24.10,Other articular cartilage disorders unspecified site 
M25.40,Effusion unspecified joint 
M48.00,Spinal stenosis site unspecified 
M75.00,Adhesive capsulitis of unspecified shoulder 
M65.9,Synovitis and tenosynovitis unspecified 
M86.20,Subacute osteomyelitis unspecified site 
M42.00,Juvenile osteochondrosis of spine site unspecified 
M81.0,Age-related osteoporosis without current pathological fracture 
M21.939,Unspecified acquired deformity of unspecified forearm 
M40.00,Postural kyphosis site unspecified 
M99.00,Segmental and somatic dysfunction of head region 
Q05.4,Unspecified spina bifida with hydrocephalus 
Q11.1,Other anophthalmos 
Q16.9,Congenital malformation of ear causing impairment of hearing unspecified 
Q22.3,Other congenital malformations of pulmonary valve 
Q35.9,Cleft palate unspecified 
Q69.9,Polydactyly unspecified 
P05.00,Newborn light for gestational age unspecified weight 
P07.00,Extremely low birth weight newborn unspecified weight 
R06.9,Unspecified abnormalities of breathing 
R10.9,Unspecified abdominal pain 
R94.09,Abnormal results of other function studies of central nervous system 
R87.619,Unspecified abnormal cytological findings in specimens from cervix uteri 
S02.0xxA,Fracture of vault of skull initial encounter for closed fracture 
S02.10xA,Unspecified fracture of base of skull initial encounter for closed fracture 
S02.91xA,Unspecified fracture of skull initial encounter for closed fracture 
S02.91xA,Unspecified fracture of skull initial encounter for closed fracture 
S12.9xxA,Fracture of neck unspecified initial encounter 
S14.101A,Unspecified injury at C1 level of cervical spinal cord initial encounter 
S12.000A,Unspecified displaced fracture of first cervical vertebra initial encounter for closed fracture 
S22.39xA,Fracture of one rib unspecified side initial encounter for closed fracture 
S42.009A,Fracture of unspecified part of unspecified clavicle initial encounter for closed fracture 
S42.109A,Fracture of unspecified part of scapula unspecified shoulder initial encounter for closed fracture 
S42.209A,Unspecified fracture of upper end of unspecified humerus initial encounter for closed fracture 
S63.509A,Unspecified sprain of unspecified wrist initial encounter 
S93.409A,Sprain of unspecified ligament of unspecified ankle initial encounter 
S06.330A,Contusion and laceration of cerebrum unspecified without loss of consciousness initial encounter 
S06.6X0A,Traumatic subarachnoid hemorrhage without loss of consciousness initial encounter 
S06.360A,Traumatic hemorrhage of cerebrum unspecified without loss of consciousness initial encounter 
S06.890A,Other specified intracranial injury without loss of consciousness initial encounter 
S26.10xA,Unspecified injury of heart without hemopericardium initial encounter 
S36.119A,Unspecified injury of liver initial encounter 
S36.00xA,Unspecified injury of spleen initial encounter 
S37.009A,Unspecified injury of unspecified kidney initial encounter 
S36.90xA,Unspecified injury of unspecified intra-abdominal organ initial encounter 
S01.309A,Unspecified open wound of unspecified ear initial encounter 
S11.019A,Unspecified open wound of larynx initial encounter 
S41.009A,Unspecified open wound of unspecified shoulder initial encounter 
S51.809A,Unspecified open wound of unspecified forearm initial encounter 
S15.009A,Unspecified injury of unspecified carotid artery initial encounter 
S45.809A,Unspecified injury of other specified blood vessels at shoulder and upper arm level unspecified arm initial encounter 
S40.019A,Contusion of unspecified shoulder initial encounter 
S70.10xA,Contusion of unspecified thigh initial encounter 
S47.9xxA,Crushing injury of shoulder and upper arm unspecified arm initial encounter 
S77.10xA,Crushing injury of unspecified thigh initial encounter 
T20.00xA,Burn of unspecified degree of head face and neck unspecified site initial encounter 
T21.00xA,Burn of unspecified degree of trunk unspecified site initial encounter 
T22.00xA,Burn of unspecified degree of shoulder and upper limb except wrist and hand unspecified site initial encounter 
T23.009A,Burn of unspecified degree of unspecified hand unspecified site initial encounter 
T24.009A,Burn of unspecified degree of unspecified site of unspecified lower limb except ankle and foot initial encounter 
T31.0,Burns involving less than 10% of body surface 
S14.101A,Unspecified injury at C1 level of cervical spinal cord initial encounter 
T40.0X1A,Poisoning by opium accidental (unintentional) initial encounter 
T43.201A,Poisoning by unspecified antidepressants accidental (unintentional) initial encounter 
T82.519A,Breakdown (mechanical) of unspecified cardiac and vascular devices and implants initial encounter 
G97.81,Other intraoperative complications of nervous system 
T81.10xA,Postprocedural shock unspecified initial encounter 
Z85.00,Personal history of malignant neoplasm of unspecified digestive organ 
Z86.19,Personal history of other infectious and parasitic diseases 
Z87.448,Personal history of other diseases of urinary system 
Z34.00,Encounter for supervision of normal first pregnancy unspecified trimester 
O09.00,Supervision of pregnancy with history of infertility unspecified trimester 
Z38.00,Single liveborn infant delivered vaginally 
Z38.30,Twin liveborn infant delivered vaginally 
Z38.30,Twin liveborn infant delivered vaginally 
Z38.30,Twin liveborn infant delivered vaginally 
Z38.61,Triplet liveborn infant delivered vaginally 
Z38.68,Other multiple liveborn infant delivered vaginally 
Z38.68,Other multiple liveborn infant delivered vaginally 
Z38.68,Other multiple liveborn infant delivered vaginally 
Z38.00,Single liveborn infant delivered vaginally 
Z95.9,Presence of cardiac and vascular implant and graft unspecified 
Z28.9,Immunization not carried out for unspecified reason 
Z09,Encounter for follow-up examination after completed treatment for conditions other than malignant neoplasm 
Z00.00,Encounter for general adult medical examination without abnormal findings 
Z01.00,Encounter for examination of eyes and vision without abnormal findings 
O30.009,Twin pregnancy unspecified number of placenta and unspecified number of amniotic sacs unspecified trimester 
C44.00,Unspecified malignant neoplasm of skin of lip 
C62.00,Malignant neoplasm of unspecified undescended testis 
C78.00,Secondary malignant neoplasm of unspecified lung 
C79.00,Secondary malignant neoplasm of unspecified kidney and renal pelvis 
C83.30,Diffuse large B-cell lymphoma unspecified site 
C81.70,Other classical Hodgkin lymphoma unspecified site 
C82.90,Follicular lymphoma unspecified unspecified site 
C90.00,Multiple myeloma not having achieved remission 
